t,dt,loop_ms,v_ref,w_ref,wL_ref,wL,wR_ref,wR,yaw_cmd,yaw,pitch_cmd,pitch,imu_yaw,odom_v,odom_w,yaw_total,from_imu
1791105499.1161,0.0200,0.0741,0.0000,0.0000,0.0000,0.0000,0.0000,0.0000,-0.1058,-0.1074,0.2347,0.2362,0.0000,0.0000,0.0000,6.0665,0
1791105499.1361,0.0200,0.0709,0.0000,0.0000,0.0000,0.0000,0.0000,0.0000,-0.1058,-0.1074,0.2347,0.2362,0.0000,0.0000,0.0000,6.0665,0
1791105499.1561,0.0200,0.0710,0.0000,0.0000,0.0000,0.0000,0.0000,0.0000,-0.1058,-0.1074,0.2347,0.2347,0.0000,0.0000,0.0000,6.0665,0
1791105499.1761,0.0200,0.0790,0.0000,0.0000,0.0000,0.0000,0.0000,0.0000,-0.1058,-0.1074,0.2347,0.2347,0.0000,0.0000,0.0000,6.0666,0
1791105499.1961,0.0200,0.0381,0.0000,0.0000,0.0000,0.0000,0.0000,0.0000,-0.1058,-0.1074,0.2347,0.2362,0.0000,0.0000,0.0000,6.0665,0
1791105499.2160,0.0200,0.0466,0.0000,0.0000,0.0000,0.0000,0.0000,0.0000,-0.1058,-0.1074,0.2347,0.2362,0.0000,0.0000,0.0000,6.0665,0
1791105499.2361,0.0200,0.0829,0.0000,0.0000,0.0000,0.0000,0.0000,0.0000,-0.1058,-0.1058,0.2347,0.2347,0.0000,0.0000,0.0000,6.0665,0
1791105499.2560,0.0199,0.0716,0.0000,0.0000,0.0000,0.0000,0.0000,0.0000,-0.1058,-0.1074,0.2347,0.2347,0.0000,0.0000,0.0000,6.0665,0
1791105499.2760,0.0200,0.0756,0.0000,0.0000,0.0000,0.0000,0.0000,0.0000,-0.1058,-0.1074,0.2347,0.2347,0.0000,0.0000,0.0000,6.0666,0
1791105499.2959,0.0200,0.0295,0.0000,0.0000,0.0000,0.0000,0.0000,0.0000,-0.1058,-0.1074,0.2347,0.2362,0.0000,0.0000,0.0000,6.0665,0
1791105499.3161,0.0201,0.0750,0.0000,0.0000,0.0000,0.0000,0.0000,0.0000,-0.1058,-0.1074,0.2347,0.2362,0.0000,0.0000,0.0000,6.0665,0
1791105499.3361,0.0200,0.0656,0.0000,0.0000,0.0000,0.0000,0.0000,0.0000,-0.1058,-0.1074,0.2347,0.2362,0.0000,0.0000,0.0000,6.0665,0
1791105499.3561,0.0200,0.0648,0.0000,0.0000,0.0000,0.0000,0.0000,0.0000,-0.1058,-0.1074,0.2347,0.2362,0.0000,0.0000,0.0000,6.0665,0
1791105499.3761,0.0200,0.0641,0.0000,0.0000,0.0000,0.0000,0.0000,0.0000,-0.1058,-0.1058,0.2347,0.2362,0.0000,0.0000,0.0000,6.0665,0
1791105499.3960,0.0199,0.0767,0.0000,0.0000,0.0000,0.0000,0.0000,0.0000,-0.1058,-0.1074,0.2347,0.2362,0.0000,0.0000,0.0000,6.0665,0
1791105499.4160,0.0200,0.0759,0.0000,0.0000,0.0000,0.0000,0.0000,0.0000,-0.1058,-0.1058,0.2347,0.2347,0.0000,0.0000,0.0000,6.0665,0
1791105499.4361,0.0201,0.0674,0.0000,0.0000,0.0000,0.0000,0.0000,0.0000,-0.1058,-0.1074,0.2347,0.2347,0.0000,0.0000,0.0000,6.0668,0
1791105499.4561,0.0199,0.0718,0.0000,0.0000,0.0000,0.0000,0.0000,0.0000,-0.1058,-0.1074,0.2347,0.2347,0.0000,0.0000,0.0000,6.0666,0
1791105499.4761,0.0200,0.0712,0.0000,0.0000,0.0000,0.0000,0.0000,0.0000,-0.1058,-0.1074,0.2347,0.2347,0.0000,0.0000,0.0000,6.0665,0
1791105499.4961,0.0200,0.0560,0.0000,0.0000,0.0000,0.0000,0.0000,0.0000,-0.1058,-0.1074,0.2347,0.2362,0.0000,0.0000,0.0000,6.0665,0
1791105499.5160,0.0199,0.0762,0.0000,0.0000,0.0000,0.0000,0.0000,0.0000,-0.1058,-0.1074,0.2347,0.2347,0.0000,0.0000,0.0000,6.0665,0
1791105499.5360,0.0200,0.0394,0.0000,0.0000,0.0000,0.0000,0.0000,0.0000,-0.1058,-0.1074,0.2347,0.2362,0.0000,0.0000,0.0000,6.0665,0
1791105499.5559,0.0200,0.0372,0.0000,0.0000,0.0000,0.0000,0.0000,0.0000,-0.1058,-0.1074,0.2347,0.2347,0.0000,0.0000,0.0000,6.0665,0
1791105499.5761,0.0201,0.0743,0.0000,0.0000,0.0000,0.0000,0.0000,0.0000,-0.1058,-0.1074,0.2347,0.2362,0.0000,0.0000,0.0000,6.0665,0
1791105499.5960,0.0199,0.0738,0.0000,0.0000,0.0000,0.0000,0.0000,0.0000,-0.1058,-0.1058,0.2347,0.2347,0.0000,0.0000,0.0000,6.0665,0
1791105499.6161,0.0201,0.0740,0.0000,0.0000,0.0000,0.0000,0.0000,0.0000,-0.1058,-0.1074,0.2347,0.2347,0.0000,0.0000,0.0000,6.0665,0
1791105499.6360,0.0200,0.0359,0.0000,0.0000,0.0000,0.0000,0.0000,0.0000,-0.1058,-0.1058,0.2347,0.2347,0.0000,0.0000,0.0000,6.0665,0
1791105499.6561,0.0200,0.0804,0.0000,0.0000,0.0000,0.0000,0.0000,0.0000,-0.1058,-0.1074,0.2347,0.2362,0.0000,0.0000,0.0000,6.0665,0
1791105499.6761,0.0201,0.0777,0.0000,0.0000,0.0000,0.0000,0.0000,0.0000,-0.1058,-0.1058,0.2347,0.2347,0.0000,0.0000,0.0000,6.0665,0
1791105499.6961,0.0199,0.0779,0.0000,0.0000,0.0000,0.0000,0.0000,0.0000,-0.1058,-0.1058,0.2347,0.2362,0.0000,0.0000,0.0000,6.0665,0
1791105499.7160,0.0200,0.0782,0.0000,0.0000,0.0000,0.0000,0.0000,0.0000,-0.1058,-0.1074,0.2347,0.2362,0.0000,0.0000,0.0000,6.0665,0
1791105499.7361,0.0200,0.0781,0.0000,0.0000,0.0000,0.0000,0.0000,0.0000,-0.1058,-0.1058,0.2347,0.2362,0.0000,0.0000,0.0000,6.0665,0
1791105499.7561,0.0201,0.0778,0.0000,0.0000,0.0000,0.0000,0.0000,0.0000,-0.1058,-0.1074,0.2347,0.2347,0.0000,0.0000,0.0000,6.0665,0
1791105499.7761,0.0200,0.0774,0.0000,0.0000,0.0000,0.0000,0.0000,0.0000,-0.1058,-0.1074,0.2347,0.2362,0.0000,0.0000,0.0000,6.0666,0
1791105499.7960,0.0199,0.0905,0.0000,0.0000,0.0000,0.0000,0.0000,0.0000,-0.1058,-0.1074,0.2347,0.2347,0.0000,0.0000,0.0000,6.0665,0
1791105499.8161,0.0201,0.0821,0.0000,0.0000,0.0000,0.0000,0.0000,0.0000,-0.1058,-0.1074,0.2347,0.2347,0.0000,0.0000,0.0000,6.0665,0
1791105499.8361,0.0200,0.0726,0.0000,0.0000,0.0000,0.0000,0.0000,0.0000,-0.1058,-0.1074,0.2347,0.2347,0.0000,0.0000,0.0000,6.0665,0
1791105499.8561,0.0200,0.0817,0.0000,0.0000,0.0000,0.0000,0.0000,0.0000,-0.1058,-0.1074,0.2347,0.2362,0.0000,0.0000,0.0000,6.0665,0
1791105499.8761,0.0200,0.0695,0.0000,0.0000,0.0000,0.0000,0.0000,0.0000,-0.1058,-0.1074,0.2347,0.2362,0.0000,0.0000,0.0000,6.0665,0
1791105499.8961,0.0200,0.0766,0.0000,0.0000,0.0000,0.0000,0.0000,0.0000,-0.1058,-0.1074,0.2347,0.2347,0.0000,0.0000,0.0000,6.0665,0
1791105499.9161,0.0200,0.0760,0.0000,0.0000,0.0000,0.0000,0.0000,0.0000,-0.1058,-0.1074,0.2347,0.2347,0.0000,0.0000,0.0000,6.0665,0
1791105499.9360,0.0199,0.0820,0.0000,0.0000,0.0000,0.0000,0.0000,0.0000,-0.1058,-0.1074,0.2347,0.2347,0.0000,0.0000,0.0000,6.0665,0
1791105499.9561,0.0201,0.0842,0.0101,0.0000,0.3049,0.0000,0.3049,0.0000,-0.1058,-0.1074,0.2347,0.2347,0.0000,0.0000,0.0000,6.0665,0
1791105499.9761,0.0200,0.0806,0.0201,0.0000,0.6080,0.0000,0.6080,0.0000,-0.1058,-0.1074,0.2347,0.2347,0.0000,0.0000,0.0000,6.0665,0
1791105499.9961,0.0200,0.0782,0.0300,0.0000,0.9105,0.0000,0.9105,0.0000,-0.1058,-0.1074,0.2347,0.2347,0.0000,0.0000,0.0000,6.0666,0
1791105500.0161,0.0200,0.0738,0.0401,0.0000,1.2136,0.0240,1.2136,0.0959,-0.1058,-0.1074,0.2347,0.2362,0.0000,0.0020,0.0083,6.0668,0
1791105500.0360,0.0200,0.0482,0.0500,0.0000,1.5160,0.2158,1.5160,0.2638,-0.1058,-0.1074,0.2347,0.2362,0.0000,0.0079,0.0055,6.0668,0
1791105500.0560,0.0200,0.0492,0.0600,0.0000,1.8189,0.4556,1.8189,0.4556,-0.1058,-0.1074,0.2347,0.2347,0.0000,0.0150,0.0000,6.0668,0
1791105500.0761,0.0200,0.0572,0.0700,0.0000,2.1226,0.6954,2.1226,0.6954,-0.1058,-0.1074,0.2347,0.2362,0.0000,0.0229,0.0000,6.0672,0
1791105500.0961,0.0200,0.0728,0.0801,0.0000,2.4260,0.9592,2.4260,0.9592,-0.1058,-0.1074,0.2347,0.2347,0.0000,0.0317,0.0000,6.0672,0
1791105500.1161,0.0200,0.0800,0.0901,0.0000,2.7288,1.2230,2.7288,1.2230,-0.1058,-0.1074,0.2347,0.2347,0.0000,0.0404,0.0000,6.0672,0
1791105500.1361,0.0200,0.0749,0.1000,0.0000,3.0303,1.5348,3.0303,1.5348,-0.1058,-0.1074,0.2347,0.2362,0.0000,0.0506,0.0000,6.0673,0
1791105500.1561,0.0200,0.0990,0.1000,0.0000,3.0303,1.8225,3.0303,1.8225,-0.1058,-0.1074,0.2347,0.2362,0.0000,0.0601,0.0000,6.0673,0
1791105500.1761,0.0199,0.0716,0.1000,0.0000,3.0303,2.1343,3.0303,2.1103,-0.1058,-0.1074,0.2347,0.2347,0.0000,0.0700,-0.0028,6.0672,0
1791105500.1961,0.0200,0.0753,0.1000,0.0000,3.0303,2.3981,3.0303,2.4221,-0.1058,-0.1058,0.2347,0.2362,0.0000,0.0795,0.0028,6.0673,0
1791105500.2160,0.0200,0.0750,0.1000,0.0000,3.0303,2.6379,3.0303,2.6619,-0.1058,-0.1058,0.2347,0.2347,0.0000,0.0874,0.0028,6.0679,0
1791105500.2360,0.0199,0.0769,0.1000,0.0000,3.0303,2.8058,3.0303,2.8058,-0.1058,-0.1074,0.2347,0.2347,0.0000,0.0926,0.0000,6.0675,0
1791105500.2560,0.0201,0.0753,0.1000,0.0000,3.0303,2.9017,3.0303,2.8777,-0.1058,-0.1074,0.2347,0.2362,0.0000,0.0954,-0.0028,6.0675,0
1791105500.2760,0.0199,0.0801,0.1000,0.0000,3.0303,2.9736,3.0303,2.9496,-0.1058,-0.1058,0.2347,0.2347,0.0000,0.0977,-0.0028,6.0675,0
1791105500.2960,0.0201,0.0772,0.1000,0.0000,3.0303,2.9736,3.0303,2.9736,-0.1058,-0.1074,0.2347,0.2362,0.0000,0.0981,0.0000,6.0675,0
1791105500.3161,0.0201,0.0751,0.1000,0.0000,3.0303,2.9976,3.0303,2.9976,-0.1058,-0.1074,0.2347,0.2362,0.0000,0.0989,0.0000,6.0677,0
1791105500.3361,0.0200,0.0748,0.1000,0.0000,3.0303,2.9976,3.0303,2.9976,-0.1058,-0.1074,0.2347,0.2347,0.0000,0.0989,0.0000,6.0673,0
1791105500.3561,0.0200,0.0779,0.1000,0.0000,3.0303,2.9976,3.0303,2.9976,-0.1058,-0.1074,0.2347,0.2362,0.0000,0.0989,0.0000,6.0677,0
1791105500.3761,0.0200,0.0775,0.1000,0.0000,3.0303,2.9976,3.0303,3.0216,-0.1058,-0.1058,0.2347,0.2347,0.0000,0.0993,0.0028,6.0679,0
1791105500.3961,0.0200,0.0787,0.1000,0.0000,3.0303,2.9976,3.0303,2.9976,-0.1058,-0.1074,0.2347,0.2362,0.0000,0.0989,0.0000,6.0679,0
1791105500.4161,0.0200,0.0789,0.1000,0.0000,3.0303,2.9976,3.0303,3.0216,-0.1058,-0.1074,0.2347,0.2362,0.0000,0.0993,0.0028,6.0679,0
1791105500.4361,0.0200,0.0788,0.1000,0.0000,3.0303,2.9736,3.0303,3.0216,-0.1058,-0.1074,0.2347,0.2362,0.0000,0.0989,0.0055,6.0679,0
1791105500.4560,0.0200,0.0403,0.1000,0.0000,3.0303,2.9976,3.0303,3.0456,-0.1058,-0.1074,0.2347,0.2347,0.0000,0.0997,0.0055,6.0680,0
1791105500.4761,0.0200,0.0788,0.1000,0.0000,3.0303,2.9976,3.0303,3.0216,-0.1058,-0.1074,0.2347,0.2362,0.0000,0.0993,0.0028,6.0680,0
1791105500.4961,0.0200,0.0787,0.1000,0.0000,3.0303,3.0216,3.0303,2.9976,-0.1058,-0.1074,0.2347,0.2362,0.0000,0.0993,-0.0028,6.0679,0
1791105500.5161,0.0200,0.0789,0.1000,0.0000,3.0303,3.0216,3.0303,3.0216,-0.1058,-0.1058,0.2347,0.2347,0.0000,0.0997,0.0000,6.0680,0
1791105500.5360,0.0200,0.0445,0.1000,0.0000,3.0303,3.0216,3.0303,2.9976,-0.1058,-0.1058,0.2347,0.2362,0.0000,0.0993,-0.0028,6.0680,0
1791105500.5561,0.0201,0.0787,0.1000,0.0000,3.0303,2.9976,3.0303,2.9976,-0.1058,-0.1074,0.2347,0.2362,0.0000,0.0989,0.0000,6.0682,0
1791105500.5761,0.0200,0.0789,0.1000,0.0000,3.0303,3.0216,3.0303,2.9976,-0.1058,-0.1074,0.2347,0.2362,0.0000,0.0993,-0.0028,6.0679,0
1791105500.5961,0.0200,0.0790,0.1000,0.0000,3.0303,3.0216,3.0303,3.0216,-0.1058,-0.1074,0.2347,0.2362,0.0000,0.0997,0.0000,6.0673,0
1791105500.6161,0.0200,0.0936,0.1000,0.0000,3.0303,2.9976,3.0303,2.9976,-0.1058,-0.1058,0.2347,0.2362,0.0000,0.0989,0.0000,6.0677,0
1791105500.6360,0.0199,0.0809,0.1000,0.0000,3.0303,2.9976,3.0303,2.9976,-0.1058,-0.1074,0.2347,0.2362,0.0000,0.0989,0.0000,6.0677,0
1791105500.6561,0.0200,0.0830,0.1000,0.0000,3.0303,2.9976,3.0303,2.9976,-0.1058,-0.1074,0.2347,0.2347,0.0000,0.0989,0.0000,6.0673,0
1791105500.6760,0.0200,0.0760,0.1000,0.0000,3.0303,2.9976,3.0303,2.9736,-0.1058,-0.1074,0.2347,0.2362,0.0000,0.0985,-0.0028,6.0679,0
1791105500.6960,0.0200,0.0778,0.1000,0.0000,3.0303,2.9976,3.0303,2.9976,-0.1058,-0.1074,0.2347,0.2362,0.0000,0.0989,0.0000,6.0675,0
1791105500.7160,0.0199,0.0760,0.1000,0.0000,3.0303,2.9976,3.0303,3.0216,-0.1058,-0.1074,0.2347,0.2347,0.0000,0.0993,0.0028,6.0679,0
1791105500.7360,0.0200,0.0805,0.1000,0.0000,3.0303,3.0216,3.0303,3.0216,-0.1058,-0.1058,0.2347,0.2362,0.0000,0.0997,0.0000,6.0677,0
1791105500.7561,0.0201,0.0795,0.1000,0.0000,3.0303,2.9976,3.0303,3.0216,-0.1058,-0.1074,0.2347,0.2362,0.0000,0.0993,0.0028,6.0677,0
1791105500.7760,0.0199,0.0809,0.1000,0.0000,3.0303,2.9976,3.0303,2.9976,-0.1058,-0.1058,0.2347,0.2362,0.0000,0.0989,0.0000,6.0677,0
1791105500.7961,0.0200,0.0787,0.1000,0.0000,3.0303,2.9976,3.0303,2.9976,-0.1058,-0.1074,0.2347,0.2362,0.0000,0.0989,0.0000,6.0673,0
1791105500.8161,0.0200,0.0719,0.1000,0.0000,3.0303,2.9976,3.0303,2.9736,-0.1058,-0.1074,0.2347,0.2347,0.0000,0.0985,-0.0028,6.0672,0
1791105500.8361,0.0200,0.0743,0.1000,0.0000,3.0303,3.0216,3.0303,2.9976,-0.1058,-0.1074,0.2347,0.2362,0.0000,0.0993,-0.0028,6.0673,0
1791105500.8561,0.0200,0.0826,0.1000,0.0000,3.0303,3.0216,3.0303,2.9976,-0.1058,-0.1074,0.2347,0.2362,0.0000,0.0993,-0.0028,6.0672,0
1791105500.8761,0.0200,0.0581,0.1000,0.0000,3.0303,3.0216,3.0303,3.0216,-0.1058,-0.1074,0.2347,0.2362,0.0000,0.0997,0.0000,6.0675,0
1791105500.8961,0.0200,0.0728,0.1000,0.0000,3.0303,2.9976,3.0303,2.9976,-0.1058,-0.1074,0.2347,0.2362,0.0000,0.0989,0.0000,6.0672,0
1791105500.9162,0.0201,0.0790,0.1000,0.0000,3.0303,2.9976,3.0303,2.9976,-0.1058,-0.1074,0.2347,0.2362,0.0000,0.0989,0.0000,6.0670,0
1791105500.9361,0.0200,0.0791,0.1000,0.0000,3.0303,2.9976,3.0303,3.0216,-0.1058,-0.1074,0.2347,0.2362,0.0000,0.0993,0.0028,6.0670,0
1791105500.9561,0.0200,0.0371,0.1000,0.0000,3.0303,2.9976,3.0303,2.9976,-0.1058,-0.1074,0.2347,0.2362,0.0000,0.0989,0.0000,6.0670,0
1791105500.9761,0.0200,0.0816,0.1000,0.0000,3.0303,2.9976,3.0303,2.9976,-0.1058,-0.1074,0.2347,0.2362,0.0000,0.0989,0.0000,6.0673,0
1791105500.9961,0.0200,0.0780,0.1000,0.0000,3.0303,2.9976,3.0303,3.0216,-0.1058,-0.1058,0.2347,0.2362,0.0000,0.0993,0.0028,6.0672,0
1791105501.0161,0.0200,0.0785,0.1000,0.0000,3.0303,2.9976,3.0303,3.0216,-0.1058,-0.1074,0.2347,0.2362,0.0000,0.0993,0.0028,6.0673,0
1791105501.0361,0.0200,0.0793,0.1000,0.0000,3.0303,3.0216,3.0303,3.0216,-0.1058,-0.1074,0.2347,0.2362,0.0000,0.0997,0.0000,6.0673,0
1791105501.0560,0.0200,0.0796,0.1000,0.0000,3.0303,3.0456,3.0303,3.0216,-0.1058,-0.1058,0.2347,0.2347,0.0000,0.1001,-0.0028,6.0672,0
1791105501.0761,0.0200,0.0378,0.1000,0.0000,3.0303,3.0216,3.0303,3.0216,-0.1058,-0.1074,0.2347,0.2362,0.0000,0.0997,0.0000,6.0672,0
1791105501.0961,0.0200,0.0785,0.1000,0.0000,3.0303,3.0216,3.0303,2.9976,-0.1058,-0.1074,0.2347,0.2362,0.0000,0.0993,-0.0028,6.0672,0
1791105501.1161,0.0201,0.0747,0.1000,0.0000,3.0303,3.0216,3.0303,3.0216,-0.1058,-0.1074,0.2347,0.2362,0.0000,0.0997,0.0000,6.0672,0
1791105501.1361,0.0200,0.0717,0.1000,0.0000,3.0303,3.0216,3.0303,3.0216,-0.1058,-0.1074,0.2347,0.2347,0.0000,0.0997,0.0000,6.0673,0
1791105501.1561,0.0200,0.0727,0.1000,0.0000,3.0303,3.0216,3.0303,3.0216,-0.1058,-0.1074,0.2347,0.2362,0.0000,0.0997,0.0000,6.0673,0
1791105501.1761,0.0200,0.1064,0.1000,0.0000,3.0303,2.9976,3.0303,2.9976,-0.1058,-0.1074,0.2347,0.2362,0.0000,0.0989,0.0000,6.0672,0
1791105501.1960,0.0199,0.1057,0.1000,0.0000,3.0303,2.9976,3.0303,3.0216,-0.1058,-0.1074,0.2347,0.2362,0.0000,0.0993,0.0028,6.0673,0
1791105501.2161,0.0201,0.0953,0.1000,0.0000,3.0303,2.9976,3.0303,2.9976,-0.1058,-0.1074,0.2347,0.2362,0.0000,0.0989,0.0000,6.0672,0
1791105501.2361,0.0200,0.0773,0.1000,0.0000,3.0303,2.9976,3.0303,2.9976,-0.1058,-0.1074,0.2347,0.2362,0.0000,0.0989,0.0000,6.0672,0
1791105501.2561,0.0200,0.0814,0.1000,0.0000,3.0303,2.9736,3.0303,3.0216,-0.1058,-0.1074,0.2347,0.2362,0.0000,0.0989,0.0055,6.0673,0
1791105501.2761,0.0200,0.0785,0.1000,0.0000,3.0303,3.0216,3.0303,3.0456,-0.1058,-0.1058,0.2347,0.2362,0.0000,0.1001,0.0028,6.0673,0
1791105501.2961,0.0200,0.0789,0.1000,0.0000,3.0303,2.9976,3.0303,3.0216,-0.1058,-0.1074,0.2347,0.2362,0.0000,0.0993,0.0028,6.0672,0
1791105501.3161,0.0200,0.0789,0.1000,0.0000,3.0303,2.9976,3.0303,2.9976,-0.1058,-0.1074,0.2347,0.2362,0.0000,0.0989,0.0000,6.0670,0
1791105501.3361,0.0200,0.0783,0.1000,0.0000,3.0303,2.9976,3.0303,2.9976,-0.1058,-0.1074,0.2347,0.2362,0.0000,0.0989,0.0000,6.0672,0
1791105501.3560,0.0200,0.0616,0.1000,0.0000,3.0303,2.9976,3.0303,2.9976,-0.1058,-0.1074,0.2347,0.2362,0.0000,0.0989,0.0000,6.0670,0
1791105501.3760,0.0200,0.0618,0.1000,0.0000,3.0303,3.0216,3.0303,3.0216,-0.1058,-0.1074,0.2347,0.2362,0.0000,0.0997,0.0000,6.0670,0
1791105501.3961,0.0200,0.0786,0.1000,0.0000,3.0303,2.9976,3.0303,2.9976,-0.1058,-0.1074,0.2347,0.2347,0.0000,0.0989,0.0000,6.0666,0
1791105501.4160,0.0199,0.0780,0.1000,0.0000,3.0303,3.0216,3.0303,2.9976,-0.1058,-0.1074,0.2347,0.2362,0.0000,0.0993,-0.0028,6.0668,0
1791105501.4361,0.0201,0.0808,0.1000,0.0000,3.0303,2.9736,3.0303,2.9976,-0.1058,-0.1074,0.2347,0.2362,0.0000,0.0985,0.0028,6.0668,0
1791105501.4561,0.0200,0.0776,0.1000,0.0000,3.0303,2.9976,3.0303,2.9976,-0.1058,-0.1074,0.2347,0.2347,0.0000,0.0989,0.0000,6.0665,0
1791105501.4761,0.0200,0.0810,0.1000,0.0000,3.0303,2.9736,3.0303,3.0216,-0.1058,-0.1074,0.2347,0.2362,0.0000,0.0989,0.0055,6.0668,0
1791105501.4961,0.0199,0.0515,0.1000,0.0000,3.0303,2.9736,3.0303,2.9976,-0.1058,-0.1074,0.2347,0.2362,0.0000,0.0985,0.0028,6.0663,0
1791105501.5161,0.0200,0.0821,0.1000,0.0000,3.0303,2.9976,3.0303,2.9976,-0.1058,-0.1074,0.2347,0.2362,0.0000,0.0989,0.0000,6.0663,0
1791105501.5361,0.0200,0.0815,0.1000,0.0000,3.0303,2.9976,3.0303,2.9976,-0.1058,-0.1074,0.2347,0.2362,0.0000,0.0989,0.0000,6.0665,0
1791105501.5561,0.0200,0.0834,0.1000,0.0000,3.0303,2.9976,3.0303,3.0216,-0.1058,-0.1074,0.2347,0.2362,0.0000,0.0993,0.0028,6.0661,0
1791105501.5761,0.0200,0.0812,0.1000,0.0000,3.0303,2.9976,3.0303,2.9976,-0.1058,-0.1074,0.2347,0.2362,0.0000,0.0989,0.0000,6.0661,0
1791105501.5961,0.0200,0.0815,0.1000,0.0000,3.0303,2.9976,3.0303,2.9976,-0.1058,-0.1058,0.2347,0.2362,0.0000,0.0989,0.0000,6.0659,0
1791105501.6161,0.0200,0.0818,0.1000,0.0000,3.0303,2.9976,3.0303,2.9976,-0.1058,-0.1058,0.2347,0.2347,0.0000,0.0989,0.0000,6.0659,0
1791105501.6361,0.0200,0.0816,0.1000,0.0000,3.0303,3.0216,3.0303,2.9976,-0.1058,-0.1074,0.2347,0.2347,0.0000,0.0993,-0.0028,6.0659,0
1791105501.6560,0.0199,0.0833,0.1000,0.0000,3.0303,3.0216,3.0303,2.9976,-0.1058,-0.1074,0.2347,0.2362,0.0000,0.0993,-0.0028,6.0656,0
1791105501.6761,0.0201,0.0815,0.1000,0.0000,3.0303,3.0216,3.0303,2.9976,-0.1058,-0.1058,0.2347,0.2362,0.0000,0.0993,-0.0028,6.0656,0
1791105501.6960,0.0200,0.0433,0.1000,0.0000,3.0303,2.9976,3.0303,2.9976,-0.1058,-0.1074,0.2347,0.2347,0.0000,0.0989,0.0000,6.0654,0
1791105501.7161,0.0200,0.0861,0.1000,0.0000,3.0303,2.9976,3.0303,2.9736,-0.1058,-0.1074,0.2347,0.2362,0.0000,0.0985,-0.0028,6.0654,0
1791105501.7361,0.0200,0.0865,0.1000,0.0000,3.0303,2.9976,3.0303,3.0216,-0.1058,-0.1074,0.2347,0.2362,0.0000,0.0993,0.0028,6.0657,0
1791105501.7561,0.0200,0.0836,0.1000,0.0000,3.0303,2.9976,3.0303,2.9976,-0.1058,-0.1074,0.2347,0.2362,0.0000,0.0989,0.0000,6.0654,0
1791105501.7760,0.0199,0.0747,0.1000,0.0000,3.0303,2.9976,3.0303,2.9976,-0.1058,-0.1074,0.2347,0.2362,0.0000,0.0989,0.0000,6.0652,0
1791105501.7960,0.0200,0.0543,0.1000,0.0000,3.0303,2.9976,3.0303,2.9976,-0.1058,-0.1074,0.2347,0.2362,0.0000,0.0989,0.0000,6.0652,0
1791105501.8161,0.0201,0.0882,0.1000,0.0000,3.0303,3.0216,3.0303,3.0216,-0.1058,-0.1074,0.2347,0.2347,0.0000,0.0997,0.0000,6.0652,0
1791105501.8361,0.0200,0.0860,0.1000,0.0000,3.0303,2.9976,3.0303,3.0216,-0.1058,-0.1074,0.2347,0.2362,0.0000,0.0993,0.0028,6.0652,0
1791105501.8561,0.0200,0.0812,0.1000,0.0000,3.0303,3.0216,3.0303,3.0216,-0.1058,-0.1074,0.2347,0.2347,0.0000,0.0997,0.0000,6.0649,0
1791105501.8761,0.0200,0.0866,0.1000,0.0000,3.0303,3.0216,3.0303,3.0216,-0.1058,-0.1058,0.2347,0.2347,0.0000,0.0997,0.0000,6.0650,0
1791105501.8961,0.0199,0.0915,0.1000,0.0000,3.0303,3.0216,3.0303,2.9976,-0.1058,-0.1074,0.2347,0.2362,0.0000,0.0993,-0.0028,6.0654,0
1791105501.9161,0.0200,0.0868,0.1000,0.0000,3.0303,3.0216,3.0303,2.9976,-0.1058,-0.1074,0.2347,0.2362,0.0000,0.0993,-0.0028,6.0652,0
1791105501.9361,0.0200,0.0885,0.1000,0.0000,3.0303,2.9976,3.0303,2.9976,-0.1058,-0.1074,0.2347,0.2362,0.0000,0.0989,0.0000,6.0656,0
1791105501.9561,0.0200,0.0855,0.1000,0.0000,3.0303,3.0216,3.0303,2.9976,-0.1058,-0.1074,0.2347,0.2347,0.0000,0.0993,-0.0028,6.0656,0
1791105501.9761,0.0200,0.0861,0.1000,0.0000,3.0303,3.0216,3.0303,2.9976,-0.1058,-0.1074,0.2347,0.2362,0.0000,0.0993,-0.0028,6.0652,0
1791105501.9961,0.0200,0.0811,0.1000,0.0000,3.0303,3.0216,3.0303,2.9976,-0.1058,-0.1074,0.2347,0.2362,0.0000,0.0993,-0.0028,6.0654,0
1791105502.0161,0.0200,0.0857,0.1000,0.0000,3.0303,2.9976,3.0303,3.0216,-0.1058,-0.1074,0.2347,0.2362,0.0000,0.0993,0.0028,6.0654,0
1791105502.0361,0.0200,0.0853,0.1000,0.0000,3.0303,2.9976,3.0303,2.9976,-0.1058,-0.1074,0.2347,0.2362,0.0000,0.0989,0.0000,6.0657,0
1791105502.0561,0.0200,0.0840,0.1000,0.0000,3.0303,3.0216,3.0303,3.0216,-0.1058,-0.1058,0.2347,0.2347,0.0000,0.0997,0.0000,6.0657,0
1791105502.0761,0.0200,0.0853,0.1000,0.0000,3.0303,3.0216,3.0303,3.0216,-0.1058,-0.1074,0.2347,0.2362,0.0000,0.0997,0.0000,6.0659,0
1791105502.0961,0.0200,0.0858,0.1000,0.0000,3.0303,3.0456,3.0303,3.0216,-0.1058,-0.1074,0.2347,0.2362,0.0000,0.1001,-0.0028,6.0661,0
1791105502.1161,0.0200,0.0540,0.1000,0.0000,3.0303,3.0456,3.0303,3.0216,-0.1058,-0.1074,0.2347,0.2362,0.0000,0.1001,-0.0028,6.0659,0
1791105502.1361,0.0201,0.0853,0.1000,0.0000,3.0303,3.0456,3.0303,3.0216,-0.1058,-0.1074,0.2347,0.2362,0.0000,0.1001,-0.0028,6.0663,0
1791105502.1561,0.0200,0.0876,0.1000,0.0000,3.0303,3.0216,3.0303,3.0456,-0.1058,-0.1074,0.2347,0.2362,0.0000,0.1001,0.0028,6.0663,0
1791105502.1760,0.0199,0.0857,0.1000,0.0000,3.0303,3.0456,3.0303,3.0216,-0.1058,-0.1074,0.2347,0.2362,0.0000,0.1001,-0.0028,6.0665,0
1791105502.1961,0.0201,0.0863,0.1000,0.0000,3.0303,3.0216,3.0303,3.0216,-0.1058,-0.1074,0.2347,0.2362,0.0000,0.0997,0.0000,6.0668,0
1791105502.2161,0.0200,0.0852,0.1000,0.0000,3.0303,3.0216,3.0303,3.0216,-0.1058,-0.1074,0.2347,0.2362,0.0000,0.0997,0.0000,6.0668,0
1791105502.2361,0.0200,0.0863,0.1000,0.0000,3.0303,3.0216,3.0303,3.0216,-0.1058,-0.1058,0.2347,0.2362,0.0000,0.0997,0.0000,6.0670,0
1791105502.2561,0.0201,0.0845,0.1000,0.0000,3.0303,2.9976,3.0303,2.9976,-0.1058,-0.1058,0.2347,0.2362,0.0000,0.0989,0.0000,6.0670,0
1791105502.2760,0.0199,0.0854,0.1000,0.0000,3.0303,3.0216,3.0303,3.0216,-0.1058,-0.1058,0.2347,0.2362,0.0000,0.0997,0.0000,6.0673,0
1791105502.2961,0.0201,0.0853,0.1000,0.0000,3.0303,2.9976,3.0303,3.0216,-0.1058,-0.1058,0.2347,0.2347,0.0000,0.0993,0.0028,6.0673,0
1791105502.3160,0.0199,0.0429,0.1000,0.0000,3.0303,3.0216,3.0303,3.0216,-0.1058,-0.1058,0.2347,0.2362,0.0000,0.0997,0.0000,6.0675,0
1791105502.3361,0.0200,0.0860,0.1000,0.0000,3.0303,3.0216,3.0303,3.0216,-0.1058,-0.1074,0.2347,0.2347,0.0000,0.0997,0.0000,6.0677,0
1791105502.3561,0.0201,0.0839,0.1000,0.0000,3.0303,3.0216,3.0303,3.0216,-0.1058,-0.1074,0.2347,0.2362,0.0000,0.0997,0.0000,6.0675,0
1791105502.3761,0.0200,0.0853,0.1000,0.0000,3.0303,2.9976,3.0303,3.0216,-0.1058,-0.1074,0.2347,0.2362,0.0000,0.0993,0.0028,6.0679,0
1791105502.3961,0.0200,0.0807,0.1000,0.0000,3.0303,3.0216,3.0303,3.0216,-0.1058,-0.1074,0.2347,0.2362,0.0000,0.0997,0.0000,6.0677,0
1791105502.4161,0.0200,0.0855,0.1000,0.0000,3.0303,3.0216,3.0303,3.0216,-0.1058,-0.1074,0.2347,0.2362,0.0000,0.0997,0.0000,6.0675,0
1791105502.4361,0.0200,0.0806,0.1000,0.0000,3.0303,3.0216,3.0303,3.0216,-0.1058,-0.1058,0.2347,0.2362,0.0000,0.0997,0.0000,6.0677,0
1791105502.4561,0.0200,0.0813,0.1000,0.0000,3.0303,3.0216,3.0303,2.9976,-0.1058,-0.1074,0.2347,0.2347,0.0000,0.0993,-0.0028,6.0675,0
1791105502.4761,0.0200,0.0810,0.1000,0.0000,3.0303,2.9976,3.0303,2.9976,-0.1058,-0.1074,0.2347,0.2362,0.0000,0.0989,0.0000,6.0679,0
1791105502.4961,0.0200,0.0810,0.1000,0.0000,3.0303,3.0216,3.0303,3.0216,-0.1058,-0.1058,0.2347,0.2362,0.0000,0.0997,0.0000,6.0677,0
1791105502.5161,0.0200,0.0812,0.1000,0.0000,3.0303,2.9736,3.0303,3.0216,-0.1058,-0.1074,0.2347,0.2362,0.0000,0.0989,0.0055,6.0677,0
1791105502.5360,0.0200,0.0707,0.1000,0.0000,3.0303,2.9976,3.0303,3.0216,-0.1058,-0.1074,0.2347,0.2362,0.0000,0.0993,0.0028,6.0679,0
1791105502.5561,0.0200,0.0803,0.1000,0.0000,3.0303,2.9976,3.0303,3.0216,-0.1058,-0.1058,0.2347,0.2347,0.0000,0.0993,0.0028,6.0679,0
1791105502.5761,0.0200,0.0799,0.1000,0.0000,3.0303,2.9976,3.0303,2.9976,-0.1058,-0.1074,0.2347,0.2362,0.0000,0.0989,0.0000,6.0680,0
1791105502.5960,0.0199,0.0812,0.1000,0.0000,3.0303,2.9976,3.0303,2.9976,-0.1058,-0.1058,0.2347,0.2362,0.0000,0.0989,0.0000,6.0679,0
1791105502.6161,0.0201,0.0802,0.1000,0.0000,3.0303,2.9976,3.0303,2.9976,-0.1058,-0.1074,0.2347,0.2362,0.0000,0.0989,0.0000,6.0680,0
1791105502.6361,0.0200,0.0820,0.1000,0.0000,3.0303,2.9976,3.0303,2.9976,-0.1058,-0.1074,0.2347,0.2362,0.0000,0.0989,0.0000,6.0682,0
1791105502.6560,0.0199,0.0901,0.1000,0.0000,3.0303,2.9976,3.0303,2.9976,-0.1058,-0.1074,0.2347,0.2347,0.0000,0.0989,0.0000,6.0677,0
1791105502.6761,0.0201,0.0810,0.1000,0.0000,3.0303,2.9976,3.0303,3.0216,-0.1058,-0.1074,0.2347,0.2347,0.0000,0.0993,0.0028,6.0677,0
1791105502.6961,0.0200,0.0812,0.1000,0.0000,3.0303,3.0216,3.0303,3.0216,-0.1058,-0.1058,0.2347,0.2347,0.0000,0.0997,0.0000,6.0677,0
1791105502.7161,0.0200,0.0801,0.1000,0.0000,3.0303,3.0216,3.0303,3.0216,-0.1058,-0.1058,0.2347,0.2347,0.0000,0.0997,0.0000,6.0673,0
1791105502.7360,0.0200,0.0367,0.1000,0.0000,3.0303,3.0216,3.0303,2.9976,-0.1058,-0.1074,0.2347,0.2362,0.0000,0.0993,-0.0028,6.0673,0
1791105502.7561,0.0200,0.0827,0.1000,0.0000,3.0303,3.0216,3.0303,2.9976,-0.1058,-0.1074,0.2347,0.2347,0.0000,0.0993,-0.0028,6.0675,0
1791105502.7761,0.0200,0.0816,0.1000,0.0000,3.0303,2.9976,3.0303,2.9976,-0.1058,-0.1074,0.2347,0.2362,0.0000,0.0989,0.0000,6.0679,0
1791105502.7961,0.0200,0.0806,0.1000,0.0000,3.0303,2.9976,3.0303,2.9976,-0.1058,-0.1074,0.2347,0.2347,0.0000,0.0989,0.0000,6.0675,0
1791105502.8161,0.0200,0.0816,0.1000,0.0000,3.0303,3.0216,3.0303,3.0216,-0.1058,-0.1074,0.2347,0.2362,0.0000,0.0997,0.0000,6.0677,0
1791105502.8361,0.0200,0.0834,0.1000,0.0000,3.0303,2.9976,3.0303,2.9976,-0.1058,-0.1074,0.2347,0.2347,0.0000,0.0989,0.0000,6.0677,0
1791105502.8561,0.0200,0.0802,0.1000,0.0000,3.0303,2.9976,3.0303,2.9976,-0.1058,-0.1074,0.2347,0.2347,0.0000,0.0989,0.0000,6.0677,0
1791105502.8761,0.0200,0.0801,0.1000,0.0000,3.0303,2.9976,3.0303,2.9976,-0.1058,-0.1074,0.2347,0.2362,0.0000,0.0989,0.0000,6.0677,0
1791105502.8960,0.0199,0.0808,0.1000,0.0000,3.0303,2.9976,3.0303,2.9976,-0.1058,-0.1074,0.2347,0.2362,0.0000,0.0989,0.0000,6.0675,0
1791105502.9161,0.0201,0.0800,0.1000,0.0000,3.0303,3.0216,3.0303,3.0216,-0.1058,-0.1074,0.2347,0.2347,0.0000,0.0997,0.0000,6.0673,0
1791105502.9361,0.0200,0.0474,0.1000,0.0000,3.0303,3.0216,3.0303,2.9976,-0.1058,-0.1074,0.2347,0.2347,0.0000,0.0993,-0.0028,6.0673,0
1791105502.9560,0.0199,0.0845,0.1000,0.0000,3.0303,3.0216,3.0303,3.0216,-0.1058,-0.1074,0.2347,0.2362,0.0000,0.0997,0.0000,6.0673,0
1791105502.9761,0.0201,0.0810,0.1000,0.0000,3.0303,3.0216,3.0303,3.0216,-0.1058,-0.1058,0.2347,0.2347,0.0000,0.0997,0.0000,6.0672,0
1791105502.9961,0.0200,0.0804,0.1000,0.0000,3.0303,3.0216,3.0303,3.0216,-0.1058,-0.1074,0.2347,0.2347,0.0000,0.0997,0.0000,6.0670,0
1791105503.0161,0.0200,0.0856,0.1000,0.0000,3.0303,3.0216,3.0303,2.9976,-0.1058,-0.1074,0.2347,0.2362,0.0000,0.0993,-0.0028,6.0668,0
1791105503.0361,0.0200,0.0825,0.1000,0.0000,3.0303,3.0216,3.0303,2.9976,-0.1058,-0.1074,0.2347,0.2347,0.0000,0.0993,-0.0028,6.0668,0
1791105503.0561,0.0200,0.0815,0.1000,0.0000,3.0303,2.9976,3.0303,2.9976,-0.1058,-0.1074,0.2347,0.2362,0.0000,0.0989,0.0000,6.0670,0
1791105503.0761,0.0200,0.0810,0.1000,0.0000,3.0303,2.9736,3.0303,2.9976,-0.1058,-0.1074,0.2347,0.2347,0.0000,0.0985,0.0028,6.0668,0
1791105503.0960,0.0199,0.0808,0.1000,0.0000,3.0303,3.0216,3.0303,3.0216,-0.1058,-0.1074,0.2347,0.2347,0.0000,0.0997,0.0000,6.0673,0
1791105503.1161,0.0201,0.0799,0.1000,0.0000,3.0303,2.9736,3.0303,3.0216,-0.1058,-0.1074,0.2347,0.2362,0.0000,0.0989,0.0055,6.0670,0
1791105503.1361,0.0200,0.0813,0.1000,0.0000,3.0303,2.9976,3.0303,2.9976,-0.1058,-0.1058,0.2347,0.2347,0.0000,0.0989,0.0000,6.0673,0
1791105503.1561,0.0200,0.0634,0.1000,0.0000,3.0303,2.9976,3.0303,3.0216,-0.1058,-0.1074,0.2347,0.2347,0.0000,0.0993,0.0028,6.0670,0
1791105503.1760,0.0200,0.0843,0.1000,0.0000,3.0303,3.0216,3.0303,3.0216,-0.1058,-0.1074,0.2347,0.2347,0.0000,0.0997,0.0000,6.0670,0
1791105503.1961,0.0201,0.0809,0.1000,0.0000,3.0303,3.0216,3.0303,2.9976,-0.1058,-0.1074,0.2347,0.2347,0.0000,0.0993,-0.0028,6.0672,0
1791105503.2161,0.0200,0.0808,0.1000,0.0000,3.0303,3.0216,3.0303,3.0216,-0.1058,-0.1074,0.2347,0.2347,0.0000,0.0997,0.0000,6.0672,0
1791105503.2361,0.0200,0.0804,0.1000,0.0000,3.0303,3.0216,3.0303,3.0456,-0.1058,-0.1074,0.2347,0.2362,0.0000,0.1001,0.0028,6.0672,0
1791105503.2561,0.0200,0.0826,0.1000,0.0000,3.0303,3.0216,3.0303,3.0216,-0.1058,-0.1074,0.2347,0.2347,0.0000,0.0997,0.0000,6.0672,0
1791105503.2761,0.0200,0.0473,0.1000,0.0000,3.0303,3.0216,3.0303,3.0216,-0.1058,-0.1074,0.2347,0.2347,0.0000,0.0997,0.0000,6.0673,0
1791105503.2960,0.0199,0.0810,0.1000,0.0000,3.0303,3.0216,3.0303,2.9976,-0.1058,-0.1074,0.2347,0.2362,0.0000,0.0993,-0.0028,6.0673,0
1791105503.3161,0.0201,0.0800,0.1000,0.0000,3.0303,3.0216,3.0303,2.9976,-0.1058,-0.1074,0.2347,0.2347,0.0000,0.0993,-0.0028,6.0672,0
1791105503.3361,0.0200,0.0777,0.1000,0.0000,3.0303,2.9976,3.0303,2.9976,-0.1058,-0.1074,0.2347,0.2362,0.0000,0.0989,0.0000,6.0672,0
1791105503.3560,0.0200,0.0456,0.1000,0.0000,3.0303,2.9976,3.0303,3.0216,-0.1058,-0.1074,0.2347,0.2347,0.0000,0.0993,0.0028,6.0668,0
1791105503.3761,0.0200,0.0780,0.1000,0.0000,3.0303,2.9976,3.0303,2.9976,-0.1058,-0.1074,0.2347,0.2362,0.0000,0.0989,0.0000,6.0670,0
1791105503.3961,0.0200,0.0807,0.1000,0.0000,3.0303,2.9976,3.0303,2.9976,-0.1058,-0.1074,0.2347,0.2362,0.0000,0.0989,0.0000,6.0670,0
1791105503.4161,0.0200,0.0808,0.1000,0.0000,3.0303,2.9976,3.0303,2.9976,-0.1058,-0.1074,0.2347,0.2362,0.0000,0.0989,0.0000,6.0670,0
1791105503.4361,0.0200,0.0777,0.1000,0.0000,3.0303,2.9976,3.0303,3.0216,-0.1058,-0.1074,0.2347,0.2347,0.0000,0.0993,0.0028,6.0670,0
1791105503.4561,0.0200,0.0767,0.1000,0.0000,3.0303,3.0216,3.0303,2.9976,-0.1058,-0.1074,0.2347,0.2362,0.0000,0.0993,-0.0028,6.0670,0
1791105503.4761,0.0200,0.0774,0.1000,0.0000,3.0303,2.9976,3.0303,2.9976,-0.1058,-0.1074,0.2347,0.2362,0.0000,0.0989,0.0000,6.0666,0
1791105503.4960,0.0199,0.0779,0.1000,0.0000,3.0303,2.9976,3.0303,3.0216,-0.1058,-0.1074,0.2347,0.2347,0.0000,0.0993,0.0028,6.0670,0
1791105503.5161,0.0201,0.0809,0.1000,0.0000,3.0303,2.9976,3.0303,3.0216,-0.1058,-0.1074,0.2347,0.2362,0.0000,0.0993,0.0028,6.0668,0
1791105503.5361,0.0200,0.0808,0.1000,0.0000,3.0303,3.0216,3.0303,2.9976,-0.1058,-0.1074,0.2347,0.2362,0.0000,0.0993,-0.0028,6.0665,0
1791105503.5561,0.0199,0.0798,0.1000,0.0000,3.0303,2.9976,3.0303,2.9976,-0.1058,-0.1074,0.2347,0.2347,0.0000,0.0989,0.0000,6.0666,0
1791105503.5761,0.0200,0.0809,0.1000,0.0000,3.0303,2.9976,3.0303,3.0216,-0.1058,-0.1074,0.2347,0.2362,0.0000,0.0993,0.0028,6.0657,0
1791105503.5961,0.0200,0.0805,0.1000,0.0000,3.0303,2.9976,3.0303,2.9976,-0.1058,-0.1058,0.2347,0.2362,0.0000,0.0989,0.0000,6.0665,0
1791105503.6161,0.0200,0.0812,0.1000,0.0000,3.0303,2.9736,3.0303,2.9976,-0.1058,-0.1074,0.2347,0.2362,0.0000,0.0985,0.0028,6.0661,0
1791105503.6361,0.0200,0.0815,0.1000,0.0000,3.0303,2.9976,3.0303,2.9976,-0.1058,-0.1074,0.2347,0.2362,0.0000,0.0989,0.0000,6.0663,0
1791105503.6561,0.0199,0.0806,0.1000,0.0000,3.0303,2.9736,3.0303,2.9976,-0.1058,-0.1074,0.2347,0.2362,0.0000,0.0985,0.0028,6.0663,0
1791105503.6761,0.0201,0.0808,0.1000,0.0000,3.0303,2.9976,3.0303,2.9976,-0.1058,-0.1074,0.2347,0.2362,0.0000,0.0989,0.0000,6.0661,0
1791105503.6960,0.0199,0.0811,0.1000,0.0000,3.0303,2.9736,3.0303,2.9976,-0.1058,-0.1074,0.2347,0.2362,0.0000,0.0985,0.0028,6.0661,0
1791105503.7161,0.0202,0.0806,0.1000,0.0000,3.0303,2.9976,3.0303,2.9976,-0.1058,-0.1058,0.2347,0.2347,0.0000,0.0989,0.0000,6.0657,0
1791105503.7361,0.0200,0.0852,0.1000,0.0000,3.0303,2.9976,3.0303,2.9736,-0.1058,-0.1074,0.2347,0.2362,0.0000,0.0985,-0.0028,6.0657,0
1791105503.7561,0.0200,0.0862,0.1000,0.0000,3.0303,2.9976,3.0303,2.9976,-0.1058,-0.1074,0.2347,0.2362,0.0000,0.0989,0.0000,6.0656,0
1791105503.7760,0.0199,0.0464,0.1000,0.0000,3.0303,3.0216,3.0303,3.0216,-0.1058,-0.1074,0.2347,0.2362,0.0000,0.0997,0.0000,6.0654,0
1791105503.7961,0.0200,0.0853,0.1000,0.0000,3.0303,3.0216,3.0303,2.9976,-0.1058,-0.1074,0.2347,0.2347,0.0000,0.0993,-0.0028,6.0652,0
1791105503.8161,0.0200,0.0858,0.1000,0.0000,3.0303,3.0216,3.0303,2.9976,-0.1058,-0.1074,0.2347,0.2347,0.0000,0.0993,-0.0028,6.0654,0
1791105503.8361,0.0200,0.0854,0.1000,0.0000,3.0303,3.0216,3.0303,2.9976,-0.1058,-0.1074,0.2347,0.2362,0.0000,0.0993,-0.0028,6.0656,0
1791105503.8561,0.0200,0.0794,0.1000,0.0000,3.0303,3.0216,3.0303,2.9976,-0.1058,-0.1074,0.2347,0.2362,0.0000,0.0993,-0.0028,6.0654,0
1791105503.8761,0.0200,0.0807,0.1000,0.0000,3.0303,3.0216,3.0303,2.9976,-0.1058,-0.1074,0.2347,0.2362,0.0000,0.0993,-0.0028,6.0650,0
1791105503.8960,0.0199,0.0807,0.1000,0.0000,3.0303,2.9976,3.0303,2.9736,-0.1058,-0.1074,0.2347,0.2362,0.0000,0.0985,-0.0028,6.0650,0
1791105503.9161,0.0201,0.0806,0.1000,0.0000,3.0303,3.0216,3.0303,2.9976,-0.1058,-0.1074,0.2347,0.2347,0.0000,0.0993,-0.0028,6.0652,0
1791105503.9361,0.0200,0.0808,0.1000,0.0000,3.0303,2.9976,3.0303,2.9976,-0.1058,-0.1058,0.2347,0.2362,0.0000,0.0989,0.0000,6.0650,0
1791105503.9561,0.0200,0.0737,0.1000,0.0000,3.0303,2.9976,3.0303,3.0216,-0.1058,-0.1074,0.2347,0.2347,0.0000,0.0993,0.0028,6.0650,0
1791105503.9760,0.0199,0.0365,0.1000,0.0000,3.0303,2.9976,3.0303,3.0216,-0.1058,-0.1058,0.2347,0.2347,0.0000,0.0993,0.0028,6.0656,0
1791105503.9961,0.0200,0.0807,0.1000,0.0000,3.0303,3.0216,3.0303,2.9976,-0.1058,-0.1074,0.2347,0.2347,0.0000,0.0993,-0.0028,6.0654,0
1791105504.0161,0.0200,0.0812,0.1000,0.0000,3.0303,3.0216,3.0303,2.9976,-0.1058,-0.1074,0.2347,0.2347,0.0000,0.0993,-0.0028,6.0654,0
1791105504.0361,0.0200,0.0807,0.1000,0.0000,3.0303,3.0216,3.0303,3.0216,-0.1058,-0.1058,0.2347,0.2362,0.0000,0.0997,0.0000,6.0654,0
1791105504.0561,0.0200,0.0807,0.1000,0.0000,3.0303,3.0216,3.0303,3.0216,-0.1058,-0.1074,0.2347,0.2362,0.0000,0.0997,0.0000,6.0654,0
1791105504.0761,0.0200,0.0807,0.1000,0.0000,3.0303,3.0216,3.0303,3.0216,-0.1058,-0.1074,0.2347,0.2347,0.0000,0.0997,0.0000,6.0656,0
1791105504.0960,0.0199,0.0810,0.1000,0.0000,3.0303,3.0216,3.0303,2.9976,-0.1058,-0.1058,0.2347,0.2347,0.0000,0.0993,-0.0028,6.0654,0
1791105504.1161,0.0201,0.0807,0.1000,0.0000,3.0303,3.0216,3.0303,3.0216,-0.1058,-0.1058,0.2347,0.2362,0.0000,0.0997,0.0000,6.0657,0
1791105504.1361,0.0200,0.0814,0.1000,0.0000,3.0303,3.0216,3.0303,2.9976,-0.1058,-0.1074,0.2347,0.2347,0.0000,0.0993,-0.0028,6.0654,0
1791105504.1561,0.0200,0.0781,0.1000,0.0000,3.0303,3.0216,3.0303,2.9976,-0.1058,-0.1074,0.2347,0.2347,0.0000,0.0993,-0.0028,6.0656,0
1791105504.1760,0.0199,0.0838,0.1000,0.0000,3.0303,3.0216,3.0303,3.0216,-0.1058,-0.1074,0.2347,0.2362,0.0000,0.0997,0.0000,6.0659,0
1791105504.1961,0.0201,0.1172,0.1000,0.0000,3.0303,3.0216,3.0303,3.0216,-0.1058,-0.1058,0.2347,0.2347,0.0000,0.0997,0.0000,6.0659,0
1791105504.2160,0.0200,0.0721,0.1000,0.0000,3.0303,3.0216,3.0303,3.0216,-0.1058,-0.1058,0.2347,0.2347,0.0000,0.0997,0.0000,6.0661,0
1791105504.2360,0.0199,0.0893,0.1000,0.0000,3.0303,3.0216,3.0303,3.0216,-0.1058,-0.1074,0.2347,0.2347,0.0000,0.0997,0.0000,6.0663,0
1791105504.2560,0.0200,0.0874,0.1000,0.0000,3.0303,3.0216,3.0303,3.0216,-0.1058,-0.1058,0.2347,0.2362,0.0000,0.0997,0.0000,6.0666,0
1791105504.2760,0.0200,0.0852,0.1000,0.0000,3.0303,3.0216,3.0303,3.0216,-0.1058,-0.1074,0.2347,0.2362,0.0000,0.0997,0.0000,6.0670,0
1791105504.2961,0.0201,0.0814,0.1000,0.0000,3.0303,3.0216,3.0303,3.0216,-0.1058,-0.1058,0.2347,0.2362,0.0000,0.0997,0.0000,6.0668,0
1791105504.3160,0.0198,0.0641,0.1000,0.0000,3.0303,3.0216,3.0303,3.0456,-0.1058,-0.1074,0.2347,0.2362,0.0000,0.1001,0.0028,6.0670,0
1791105504.3360,0.0200,0.0655,0.1000,0.0000,3.0303,3.0216,3.0303,3.0216,-0.1058,-0.1074,0.2347,0.2362,0.0000,0.0997,0.0000,6.0670,0
1791105504.3560,0.0200,0.0653,0.1000,0.0000,3.0303,3.0456,3.0303,3.0216,-0.1058,-0.1058,0.2347,0.2347,0.0000,0.1001,-0.0028,6.0672,0
1791105504.3761,0.0201,0.0644,0.1000,0.0000,3.0303,3.0216,3.0303,3.0216,-0.1058,-0.1058,0.2347,0.2347,0.0000,0.0997,0.0000,6.0675,0
1791105504.3960,0.0199,0.0535,0.1000,0.0000,3.0303,3.0216,3.0303,3.0216,-0.1058,-0.1074,0.2347,0.2362,0.0000,0.0997,0.0000,6.0675,0
1791105504.4160,0.0201,0.0669,0.1000,0.0000,3.0303,3.0216,3.0303,2.9976,-0.1058,-0.1074,0.2347,0.2347,0.0000,0.0993,-0.0028,6.0675,0
1791105504.4360,0.0200,0.0643,0.1000,0.0000,3.0303,2.9976,3.0303,2.9976,-0.1058,-0.1074,0.2347,0.2347,0.0000,0.0989,0.0000,6.0673,0
1791105504.4560,0.0200,0.0641,0.0900,0.0000,2.7273,2.9976,2.7273,3.0216,-0.1058,-0.1074,0.2347,0.2347,0.0000,0.0993,0.0028,6.0675,0
1791105504.4760,0.0199,0.0743,0.0800,0.0000,2.4254,2.9976,2.4254,3.0216,-0.1058,-0.1074,0.2347,0.2347,0.0000,0.0993,0.0028,6.0675,0
1791105504.4960,0.0201,0.0659,0.0700,0.0000,2.1215,3.0216,2.1215,3.0216,-0.1058,-0.1058,0.2347,0.2362,0.0000,0.0997,0.0000,6.0673,0
1791105504.5161,0.0200,0.0682,0.0600,0.0000,1.8180,2.9496,1.8180,2.9736,-0.1058,-0.1074,0.2347,0.2347,0.0000,0.0977,0.0028,6.0675,0
1791105504.5360,0.0200,0.0644,0.0500,0.0000,1.5152,2.8058,1.5152,2.8058,-0.1058,-0.1074,0.2347,0.2362,0.0000,0.0926,0.0000,6.0679,0
1791105504.5560,0.0199,0.0641,0.0400,0.0000,1.2134,2.5659,1.2134,2.5899,-0.1058,-0.1074,0.2347,0.2347,0.0000,0.0851,0.0028,6.0679,0
1791105504.5760,0.0200,0.0645,0.0300,0.0000,0.9104,2.3261,0.9104,2.3501,-0.1058,-0.1058,0.2347,0.2362,0.0000,0.0772,0.0028,6.0677,0
1791105504.5960,0.0200,0.0506,0.0200,0.0000,0.6072,2.0863,0.6072,2.0863,-0.1058,-0.1074,0.2347,0.2347,0.0000,0.0688,0.0000,6.0677,0
1791105504.6160,0.0201,0.0710,0.0100,0.0000,0.3030,1.7746,0.3030,1.7986,-0.1058,-0.1074,0.2347,0.2347,0.0000,0.0590,0.0028,6.0679,0
1791105504.6361,0.0200,0.0644,0.0000,0.0000,0.0000,1.4628,0.0000,1.4628,-0.1058,-0.1074,0.2347,0.2362,0.0000,0.0483,0.0000,6.0680,0
1791105504.6560,0.0200,0.0649,0.0000,0.0000,0.0000,1.1751,0.0000,1.1990,-0.1058,-0.1058,0.2347,0.2362,0.0000,0.0392,0.0028,6.0679,0
1791105504.6760,0.0199,0.0609,0.0000,0.0000,0.0000,0.8873,0.0000,0.9113,-0.1058,-0.1074,0.2347,0.2362,0.0000,0.0297,0.0028,6.0679,0
1791105504.6960,0.0200,0.0615,0.0000,0.0000,0.0000,0.5995,0.0000,0.5995,-0.1058,-0.1074,0.2347,0.2362,0.0000,0.0198,0.0000,6.0679,0
1791105504.7160,0.0201,0.0609,0.0000,0.0000,0.0000,0.3357,0.0000,0.3357,-0.1058,-0.1074,0.2347,0.2362,0.0000,0.0111,0.0000,6.0679,0
1791105504.7360,0.0200,0.0614,0.0000,0.0000,0.0000,0.1199,0.0000,0.1439,-0.1058,-0.1074,0.2347,0.2362,0.0000,0.0044,0.0028,6.0679,0
1791105504.7560,0.0200,0.0615,0.0000,0.0000,0.0000,0.0240,0.0000,0.0480,-0.1058,-0.1058,0.2347,0.2362,0.0000,0.0012,0.0028,6.0679,0
1791105504.7760,0.0199,0.0613,0.0000,0.0000,0.0000,0.0000,0.0000,0.0000,-0.1058,-0.1074,0.2347,0.2347,0.0000,0.0000,0.0000,6.0680,0
1791105504.7960,0.0201,0.0701,0.0000,0.0000,0.0000,0.0000,0.0000,0.0000,-0.1058,-0.1074,0.2347,0.2362,0.0000,0.0000,0.0000,6.0680,0
1791105504.8160,0.0200,0.0802,0.0000,0.0000,0.0000,0.0000,0.0000,0.0000,-0.1058,-0.1074,0.2347,0.2347,0.0000,0.0000,0.0000,6.0680,0
1791105504.8360,0.0199,0.0608,0.0000,0.0000,0.0000,0.0000,0.0000,0.0000,-0.1058,-0.1058,0.2347,0.2362,0.0000,0.0000,0.0000,6.0679,0
1791105504.8560,0.0201,0.0612,0.0000,0.0000,0.0000,0.0000,0.0000,0.0000,-0.1058,-0.1074,0.2347,0.2347,0.0000,0.0000,0.0000,6.0679,0
1791105504.8760,0.0199,0.0603,0.0000,0.0000,0.0000,0.0000,0.0000,0.0000,-0.1058,-0.1074,0.2347,0.2347,0.0000,0.0000,0.0000,6.0679,0
1791105504.8961,0.0201,0.0607,0.0000,0.0000,0.0000,0.0000,0.0000,0.0000,-0.1058,-0.1074,0.2347,0.2347,0.0000,0.0000,0.0000,6.0679,0
1791105504.9161,0.0200,0.0613,0.0000,0.0000,0.0000,0.0000,0.0000,0.0000,-0.1058,-0.1074,0.2347,0.2362,0.0000,0.0000,0.0000,6.0679,0
1791105504.9361,0.0200,0.0644,0.0000,0.0000,0.0000,0.0000,0.0000,0.0000,-0.1058,-0.1074,0.2347,0.2362,0.0000,0.0000,0.0000,6.0679,0
1791105504.9560,0.0199,0.0620,0.0000,0.0000,0.0000,0.0000,0.0000,0.0000,-0.1058,-0.1074,0.2347,0.2347,0.0000,0.0000,0.0000,6.0680,0
1791105504.9761,0.0201,0.0634,0.0000,0.0000,0.0000,0.0000,0.0000,0.0000,-0.1058,-0.1074,0.2347,0.2362,0.0000,0.0000,0.0000,6.0680,0
1791105504.9961,0.0200,0.0612,0.0000,0.0000,0.0000,0.0000,0.0000,0.0000,-0.1058,-0.1074,0.2347,0.2362,0.0000,0.0000,0.0000,6.0679,0
1791105505.0160,0.0199,0.0558,0.0000,0.0000,0.0000,0.0000,0.0000,0.0000,-0.1058,-0.1074,0.2347,0.2362,0.0000,0.0000,0.0000,6.0679,0
1791105505.0360,0.0201,0.0614,0.0000,0.0000,0.0000,0.0000,0.0000,0.0000,-0.1058,-0.1074,0.2347,0.2362,0.0000,0.0000,0.0000,6.0680,0
1791105505.0561,0.0200,0.0584,0.0000,0.0000,0.0000,0.0000,0.0000,0.0000,-0.1058,-0.1074,0.2347,0.2347,0.0000,0.0000,0.0000,6.0679,0
1791105505.0760,0.0200,0.0587,0.0000,0.0000,0.0000,0.0000,0.0000,0.0000,-0.1058,-0.1074,0.2347,0.2347,0.0000,0.0000,0.0000,6.0680,0
1791105505.0960,0.0200,0.0582,0.0000,0.0000,0.0000,0.0000,0.0000,0.0000,-0.1058,-0.1074,0.2347,0.2362,0.0000,0.0000,0.0000,6.0679,0
1791105505.1160,0.0200,0.0585,0.0000,0.0000,0.0000,0.0000,0.0000,0.0000,-0.1058,-0.1074,0.2347,0.2362,0.0000,0.0000,0.0000,6.0680,0
1791105505.1360,0.0200,0.0590,0.0000,0.0000,0.0000,0.0000,0.0000,0.0000,-0.1058,-0.1074,0.2347,0.2347,0.0000,0.0000,0.0000,6.0679,0
1791105505.1560,0.0200,0.0585,0.0000,0.0000,0.0000,0.0000,0.0000,0.0000,-0.1058,-0.1074,0.2347,0.2362,0.0000,0.0000,0.0000,6.0679,0
1791105505.1760,0.0199,0.0581,0.0000,0.0000,0.0000,0.0000,0.0000,0.0000,-0.1058,-0.1074,0.2347,0.2347,0.0000,0.0000,0.0000,6.0680,0
1791105505.1960,0.0201,0.0581,0.0000,0.0000,0.0000,0.0000,0.0000,0.0000,-0.1058,-0.1058,0.2347,0.2347,0.0000,0.0000,0.0000,6.0679,0
1791105505.2160,0.0199,0.0393,0.0000,0.0000,0.0000,0.0000,0.0000,0.0000,-0.1058,-0.1074,0.2347,0.2347,0.0000,0.0000,0.0000,6.0680,0
1791105505.2360,0.0201,0.0588,0.0000,0.0000,0.0000,0.0000,0.0000,0.0000,-0.1058,-0.1074,0.2347,0.2362,0.0000,0.0000,0.0000,6.0680,0
1791105505.2560,0.0200,0.0583,0.0000,0.0000,0.0000,0.0000,0.0000,0.0000,-0.1058,-0.1074,0.2347,0.2347,0.0000,0.0000,0.0000,6.0679,0
1791105505.2760,0.0200,0.0583,0.0000,0.0000,0.0000,0.0000,0.0000,0.0000,-0.1058,-0.1074,0.2347,0.2362,0.0000,0.0000,0.0000,6.0680,0
1791105505.2960,0.0200,0.0587,0.0000,0.0000,0.0000,0.0000,0.0000,0.0000,-0.1058,-0.1074,0.2347,0.2362,0.0000,0.0000,0.0000,6.0679,0
1791105505.3160,0.0200,0.0582,0.0000,0.0000,0.0000,0.0000,0.0000,0.0000,-0.1058,-0.1058,0.2347,0.2362,0.0000,0.0000,0.0000,6.0680,0
1791105505.3360,0.0200,0.0584,0.0000,0.0000,0.0000,0.0000,0.0000,0.0000,-0.1058,-0.1074,0.2347,0.2347,0.0000,0.0000,0.0000,6.0680,0
1791105505.3560,0.0200,0.0584,0.0000,0.0000,0.0000,0.0000,0.0000,0.0000,-0.1058,-0.1074,0.2347,0.2362,0.0000,0.0000,0.0000,6.0679,0
1791105505.3760,0.0200,0.0585,0.0000,0.0000,0.0000,0.0000,0.0000,0.0000,-0.1058,-0.1074,0.2347,0.2347,0.0000,0.0000,0.0000,6.0679,0
1791105505.3960,0.0200,0.0588,0.0000,0.0000,0.0000,0.0000,0.0000,0.0000,-0.1058,-0.1058,0.2347,0.2347,0.0000,0.0000,0.0000,6.0679,0
1791105505.4160,0.0199,0.0724,0.0000,0.0000,0.0000,0.0000,0.0000,0.0000,-0.1058,-0.1074,0.2347,0.2362,0.0000,0.0000,0.0000,6.0680,0
1791105505.4360,0.0201,0.0753,0.0000,0.0000,0.0000,0.0000,0.0000,0.0000,-0.1058,-0.1074,0.2347,0.2362,0.0000,0.0000,0.0000,6.0680,0
1791105505.4560,0.0200,0.0583,0.0000,0.0000,0.0000,0.0000,0.0000,0.0000,-0.1058,-0.1074,0.2347,0.2362,0.0000,0.0000,0.0000,6.0680,0
1791105505.4760,0.0199,0.0733,0.0000,0.0000,0.0000,0.0000,0.0000,0.0000,-0.1058,-0.1074,0.2347,0.2347,0.0000,0.0000,0.0000,6.0680,0
1791105505.4960,0.0201,0.0666,0.0000,0.0000,0.0000,0.0000,0.0000,0.0000,-0.1058,-0.1074,0.2347,0.2362,0.0000,0.0000,0.0000,6.0679,0
1791105505.5161,0.0201,0.0706,0.0000,0.0000,0.0000,0.0000,0.0000,0.0000,-0.1058,-0.1058,0.2347,0.2362,0.0000,0.0000,0.0000,6.0680,0
1791105505.5360,0.0200,0.0615,0.0000,0.0000,0.0000,0.0000,0.0000,0.0000,-0.1058,-0.1074,0.2347,0.2347,0.0000,0.0000,0.0000,6.0680,0
1791105505.5561,0.0200,0.0583,0.0000,0.0000,0.0000,0.0000,0.0000,0.0000,-0.1058,-0.1074,0.2347,0.2347,0.0000,0.0000,0.0000,6.0679,0
1791105505.5760,0.0200,0.0583,0.0000,0.0000,0.0000,0.0000,0.0000,0.0000,-0.1058,-0.1058,0.2347,0.2347,0.0000,0.0000,0.0000,6.0679,0
1791105505.5960,0.0200,0.0743,0.0000,0.0000,0.0000,0.0000,0.0000,0.0000,-0.1058,-0.1074,0.2347,0.2347,0.0000,0.0000,0.0000,6.0679,0
1791105505.6161,0.0201,0.0743,0.0000,0.0000,0.0000,0.0000,0.0000,0.0000,-0.1058,-0.1074,0.2347,0.2347,0.0000,0.0000,0.0000,6.0679,0
