t,dt,loop_ms,v_ref,w_ref,wL_ref,wL,wR_ref,wR,thL_err,thR_err,wL_cmd,wR_cmd,yaw_cmd,yaw,pitch_cmd,pitch,imu_yaw
1790998495.2117,0.0200,0.0518,0.0500,0.0000,1.5152,1.4868,1.5152,1.5108,0.0129,0.0160,1.5281,1.5311,0.0092,0.0077,-0.2516,-0.2500,0.0000
1790998495.2317,0.0200,0.0509,0.0500,0.0000,1.5152,1.5108,1.5152,1.5108,0.0110,0.0156,1.5261,1.5308,0.0092,0.0077,-0.2516,-0.2516,0.0000
1790998495.2517,0.0200,0.0516,0.0500,0.0000,1.5152,1.5348,1.5152,1.5108,0.0106,0.0152,1.5258,1.5304,0.0092,0.0077,-0.2516,-0.2516,0.0000
1790998495.2717,0.0200,0.0653,0.0500,0.0000,1.5152,1.5108,1.5152,1.5108,0.0102,0.0133,1.5254,1.5285,0.0092,0.0077,-0.2516,-0.2500,0.0000
1790998495.2917,0.0200,0.0718,0.0500,0.0000,1.5152,1.5108,1.5152,1.5348,0.0114,0.0145,1.5266,1.5297,0.0092,0.0077,-0.2516,-0.2516,0.0000
1790998495.3118,0.0200,0.0642,0.0500,0.0000,1.5152,1.5108,1.5152,1.5108,0.0111,0.0126,1.5262,1.5278,0.0092,0.0077,-0.2516,-0.2516,0.0000
1790998495.3317,0.0200,0.0682,0.0500,0.0000,1.5152,1.5348,1.5152,1.5108,0.0091,0.0137,1.5243,1.5289,0.0092,0.0077,-0.2516,-0.2500,0.0000
1790998495.3517,0.0200,0.0675,0.0500,0.0000,1.5152,1.5348,1.5152,1.5108,0.0118,0.0133,1.5269,1.5285,0.0092,0.0077,-0.2516,-0.2516,0.0000
1790998495.3718,0.0201,0.0674,0.0500,0.0000,1.5152,1.5108,1.5152,1.5348,0.0100,0.0115,1.5252,1.5267,0.0092,0.0077,-0.2516,-0.2516,0.0000
1790998495.3918,0.0200,0.0675,0.0500,0.0000,1.5152,1.5108,1.5152,1.5348,0.0096,0.0111,1.5247,1.5263,0.0092,0.0077,-0.2516,-0.2516,0.0000
1790998495.4117,0.0200,0.0674,0.0500,0.0000,1.5152,1.5108,1.5152,1.5108,0.0091,0.0122,1.5243,1.5274,0.0092,0.0077,-0.2516,-0.2516,0.0000
1790998495.4317,0.0200,0.0698,0.0500,0.0000,1.5152,1.5348,1.5152,1.5108,0.0072,0.0103,1.5224,1.5255,0.0092,0.0077,-0.2516,-0.2516,0.0000
1790998495.4517,0.0200,0.0680,0.0500,0.0000,1.5152,1.5348,1.5152,1.5348,0.0069,0.0099,1.5220,1.5251,0.0092,0.0077,-0.2516,-0.2516,0.0000
1790998495.4717,0.0200,0.0680,0.0500,0.0000,1.5152,1.5108,1.5152,1.5348,0.0065,0.0080,1.5216,1.5232,0.0092,0.0077,-0.2516,-0.2516,0.0000
1790998495.4917,0.0200,0.0684,0.0500,0.0000,1.5152,1.5108,1.5152,1.5348,0.0061,0.0077,1.5213,1.5228,0.0092,0.0077,-0.2516,-0.2500,0.0000
1790998495.5117,0.0200,0.0676,0.0500,0.0000,1.5152,1.5108,1.5152,1.5108,0.0057,0.0073,1.5209,1.5224,0.0092,0.0077,-0.2516,-0.2516,0.0000
1790998495.5317,0.0200,0.0655,0.0500,0.0000,1.5152,1.5108,1.5152,1.5108,0.0069,0.0069,1.5221,1.5221,0.0092,0.0077,-0.2516,-0.2500,0.0000
1790998495.5517,0.0200,0.0661,0.0500,0.0000,1.5152,1.4868,1.5152,1.5348,0.0081,0.0050,1.5232,1.5201,0.0092,0.0077,-0.2516,-0.2500,0.0000
1790998495.5717,0.0200,0.0681,0.0500,0.0000,1.5152,1.4868,1.5152,1.5108,0.0077,0.0046,1.5228,1.5198,0.0092,0.0077,-0.2516,-0.2516,0.0000
1790998495.5917,0.0200,0.0672,0.0500,0.0000,1.5152,1.4868,1.5152,1.5108,0.0073,0.0073,1.5224,1.5224,0.0092,0.0077,-0.2516,-0.2500,0.0000
1790998495.6118,0.0201,0.0674,0.0500,0.0000,1.5152,1.5108,1.5152,1.4868,0.0070,0.0070,1.5221,1.5221,0.0092,0.0077,-0.2516,-0.2516,0.0000
1790998495.6317,0.0199,0.0675,0.0500,0.0000,1.5152,1.5108,1.5152,1.5108,0.0081,0.0065,1.5232,1.5217,0.0092,0.0077,-0.2516,-0.2516,0.0000
1790998495.6517,0.0200,0.0672,0.0500,0.0000,1.5152,1.5108,1.5152,1.5108,0.0062,0.0047,1.5213,1.5198,0.0092,0.0077,-0.2516,-0.2500,0.0000
1790998495.6718,0.0200,0.0674,0.0500,0.0000,1.5152,1.5108,1.5152,1.5108,0.0043,0.0059,1.5195,1.5210,0.0092,0.0077,-0.2516,-0.2500,0.0000
1790998495.6918,0.0200,0.0676,0.0500,0.0000,1.5152,1.5108,1.5152,1.4868,0.0040,0.0055,1.5191,1.5206,0.0092,0.0077,-0.2516,-0.2516,0.0000
1790998495.7118,0.0200,0.0677,0.0500,0.0000,1.5152,1.5108,1.5152,1.4868,0.0036,0.0036,1.5187,1.5187,0.0092,0.0077,-0.2516,-0.2516,0.0000
1790998495.7317,0.0199,0.0672,0.0500,0.0000,1.5152,1.5108,1.5152,1.5108,0.0046,0.0046,1.5198,1.5198,0.0092,0.0077,-0.2516,-0.2516,0.0000
1790998495.7517,0.0200,0.0673,0.0500,0.0000,1.5152,1.4868,1.5152,1.5108,0.0059,0.0059,1.5210,1.5210,0.0092,0.0077,-0.2516,-0.2500,0.0000
1790998495.7718,0.0200,0.0788,0.0500,0.0000,1.5152,1.5108,1.5152,1.4868,0.0040,0.0055,1.5192,1.5207,0.0092,0.0077,-0.2516,-0.2500,0.0000
1790998495.7918,0.0200,0.0678,0.0500,0.0000,1.5152,1.5108,1.5152,1.4868,0.0036,0.0067,1.5188,1.5218,0.0092,0.0077,-0.2516,-0.2516,0.0000
1790998495.8118,0.0200,0.0704,0.0500,0.0000,1.5152,1.5108,1.5152,1.5108,0.0048,0.0048,1.5199,1.5199,0.0092,0.0077,-0.2516,-0.2516,0.0000
1790998495.8317,0.0200,0.0698,0.0500,0.0000,1.5152,1.4868,1.5152,1.5108,0.0043,0.0059,1.5195,1.5210,0.0092,0.0077,-0.2516,-0.2500,0.0000
1790998495.8517,0.0200,0.0670,0.0500,0.0000,1.5152,1.4628,1.5152,1.4868,0.0054,0.0070,1.5206,1.5221,0.0092,0.0077,-0.2516,-0.2500,0.0000
1790998495.8718,0.0201,0.0704,0.0500,0.0000,1.5152,1.4868,1.5152,1.4868,0.0036,0.0052,1.5188,1.5203,0.0092,0.0077,-0.2516,-0.2516,0.0000
1790998495.8918,0.0200,0.0680,0.0500,0.0000,1.5152,1.4868,1.5152,1.4868,0.0048,0.0064,1.5200,1.5215,0.0092,0.0077,-0.2516,-0.2516,0.0000
1790998495.9117,0.0199,0.0671,0.0500,0.0000,1.5152,1.4868,1.5152,1.5108,0.0043,0.0043,1.5195,1.5195,0.0092,0.0077,-0.2516,-0.2516,0.0000
1790998495.9318,0.0201,0.0679,0.0500,0.0000,1.5152,1.4868,1.5152,1.5108,0.0055,0.0040,1.5207,1.5192,0.0092,0.0077,-0.2516,-0.2516,0.0000
1790998495.9517,0.0200,0.0670,0.0500,0.0000,1.5152,1.4868,1.5152,1.4868,0.0067,0.0051,1.5218,1.5203,0.0092,0.0077,-0.2516,-0.2500,0.0000
1790998495.9718,0.0200,0.0674,0.0500,0.0000,1.5152,1.5108,1.5152,1.4868,0.0048,0.0048,1.5199,1.5199,0.0092,0.0077,-0.2516,-0.2516,0.0000
1790998495.9918,0.0200,0.0678,0.0500,0.0000,1.5152,1.5108,1.5152,1.5108,0.0060,0.0060,1.5211,1.5211,0.0092,0.0077,-0.2516,-0.2500,0.0000
1790998496.0118,0.0200,0.0668,0.0500,0.0000,1.5152,1.4868,1.5152,1.5108,0.0041,0.0056,1.5192,1.5207,0.0092,0.0077,-0.2516,-0.2516,0.0000
1790998496.0317,0.0200,0.0701,0.0500,0.0000,1.5152,1.4868,1.5152,1.5108,0.0052,0.0052,1.5203,1.5203,0.0092,0.0077,-0.2516,-0.2516,0.0000
1790998496.0517,0.0200,0.0673,0.0500,0.0000,1.5152,1.5108,1.5152,1.4868,0.0032,0.0032,1.5184,1.5184,0.0092,0.0077,-0.2516,-0.2516,0.0000
1790998496.0717,0.0200,0.0705,0.0500,0.0000,1.5152,1.5108,1.5152,1.5108,0.0044,0.0044,1.5195,1.5195,0.0092,0.0077,-0.2516,-0.2516,0.0000
1790998496.0917,0.0200,0.0675,0.0500,0.0000,1.5152,1.4868,1.5152,1.5108,0.0040,0.0025,1.5192,1.5176,0.0092,0.0077,-0.2516,-0.2500,0.0000
1790998496.1117,0.0200,0.0674,0.0500,0.0000,1.5152,1.4868,1.5152,1.5108,0.0021,0.0036,1.5173,1.5188,0.0092,0.0077,-0.2516,-0.2516,0.0000
1790998496.1317,0.0200,0.0672,0.0500,0.0000,1.5152,1.5108,1.5152,1.4868,0.0017,0.0047,1.5168,1.5199,0.0092,0.0077,-0.2516,-0.2516,0.0000
1790998496.1518,0.0201,0.0671,0.0500,0.0000,1.5152,1.5108,1.5152,1.4628,0.0168,0.0198,1.5319,1.5350,0.0092,0.0077,-0.2516,-0.2516,0.0000
1790998496.1717,0.0199,0.0683,0.0500,0.0000,1.5152,1.5108,1.5152,1.4868,0.0163,0.0194,1.5314,1.5345,0.0092,0.0077,-0.2516,-0.2516,0.0000
1790998496.1918,0.0201,0.0703,0.0500,0.0000,1.5152,1.4868,1.5152,1.5108,0.0191,0.0175,1.5342,1.5327,0.0092,0.0077,-0.2516,-0.2500,0.0000
1790998496.2117,0.0200,0.0704,0.0500,0.0000,1.5152,1.4868,1.5152,1.5108,0.0186,0.0186,1.5338,1.5338,0.0092,0.0077,-0.2516,-0.2500,0.0000
1790998496.2316,0.0199,0.0658,0.0500,0.0000,1.5152,1.5108,1.5152,1.4868,0.0166,0.0196,1.5317,1.5348,0.0092,0.0077,-0.2516,-0.2516,0.0000
1790998496.2517,0.0201,0.0598,0.0500,0.0000,1.5152,1.5108,1.5152,1.4868,0.0148,0.0179,1.5300,1.5330,0.0092,0.0077,-0.2516,-0.2500,0.0000
1790998496.2718,0.0201,0.0629,0.0500,0.0000,1.5152,1.5108,1.5152,1.5108,0.0145,0.0191,1.5297,1.5343,0.0092,0.0077,-0.2516,-0.2516,0.0000
1790998496.2917,0.0199,0.0682,0.0500,0.0000,1.5152,1.5108,1.5152,1.5348,0.0140,0.0186,1.5292,1.5338,0.0092,0.0077,-0.2516,-0.2516,0.0000
1790998496.3117,0.0200,0.0648,0.0500,0.0000,1.5152,1.5108,1.5152,1.5348,0.0121,0.0167,1.5273,1.5319,0.0092,0.0077,-0.2516,-0.2516,0.0000
1790998496.3318,0.0200,0.0604,0.0500,0.0000,1.5152,1.5108,1.5152,1.5108,0.0103,0.0180,1.5254,1.5331,0.0092,0.0077,-0.2516,-0.2500,0.0000
1790998496.3517,0.0199,0.0613,0.0500,0.0000,1.5152,1.5348,1.5152,1.5348,0.0098,0.0160,1.5250,1.5311,0.0092,0.0077,-0.2516,-0.2516,0.0000
1790998496.3717,0.0200,0.0640,0.0500,0.0000,1.5152,1.5108,1.5152,1.5348,0.0095,0.0171,1.5246,1.5323,0.0092,0.0077,-0.2516,-0.2516,0.0000
1790998496.3917,0.0200,0.0649,0.0500,0.0000,1.5152,1.4868,1.5152,1.5108,0.0091,0.0168,1.5242,1.5319,0.0092,0.0077,-0.2516,-0.2516,0.0000
1790998496.4117,0.0200,0.0634,0.0500,0.0000,1.5152,1.5108,1.5152,1.5108,0.0072,0.0164,1.5223,1.5315,0.0092,0.0077,-0.2516,-0.2516,0.0000
1790998496.4317,0.0200,0.0649,0.0500,0.0000,1.5152,1.5348,1.5152,1.5108,0.0068,0.0160,1.5220,1.5312,0.0092,0.0077,-0.2516,-0.2516,0.0000
1790998496.4518,0.0201,0.0566,0.0500,0.0000,1.5152,1.5108,1.5152,1.5348,0.0065,0.0142,1.5217,1.5294,0.0092,0.0077,-0.2516,-0.2500,0.0000
1790998496.4718,0.0200,0.0642,0.0500,0.0000,1.5152,1.5108,1.5152,1.5348,0.0061,0.0138,1.5213,1.5290,0.0092,0.0077,-0.2516,-0.2516,0.0000
1790998496.4917,0.0199,0.0571,0.0500,0.0000,1.5152,1.4868,1.5152,1.5348,0.0041,0.0148,1.5192,1.5300,0.0092,0.0077,-0.2516,-0.2516,0.0000
1790998496.5118,0.0201,0.0639,0.0500,0.0000,1.5152,1.5108,1.5152,1.5108,0.0023,0.0146,1.5175,1.5297,0.0092,0.0077,-0.2516,-0.2500,0.0000
1790998496.5317,0.0200,0.0638,0.0500,0.0000,1.5152,1.5108,1.5152,1.5108,0.0034,0.0142,1.5186,1.5293,0.0092,0.0077,-0.2516,-0.2516,0.0000
1790998496.5517,0.0200,0.0642,0.0500,0.0000,1.5152,1.4868,1.5152,1.5108,0.0031,0.0123,1.5182,1.5274,0.0092,0.0077,-0.2516,-0.2516,0.0000
1790998496.5717,0.0200,0.0607,0.0500,0.0000,1.5152,1.5108,1.5152,1.5348,0.0011,0.0119,1.5163,1.5270,0.0092,0.0077,-0.2516,-0.2500,0.0000
1790998496.5917,0.0200,0.0662,0.0500,0.0000,1.5152,1.5108,1.5152,1.5108,-0.0008,0.0114,1.5143,1.5266,0.0092,0.0077,-0.2516,-0.2500,0.0000
1790998496.6117,0.0200,0.0643,0.0500,0.0000,1.5152,1.5348,1.5152,1.5108,-0.0012,0.0095,1.5139,1.5247,0.0092,0.0077,-0.2516,-0.2500,0.0000
1790998496.6317,0.0200,0.0652,0.0500,0.0000,1.5152,1.5108,1.5152,1.5348,-0.0016,0.0107,1.5136,1.5258,0.0092,0.0077,-0.2516,-0.2516,0.0000
1790998496.6517,0.0200,0.0575,0.0500,0.0000,1.5152,1.4868,1.5152,1.5348,-0.0035,0.0103,1.5117,1.5254,0.0092,0.0077,-0.2516,-0.2500,0.0000
1790998496.6718,0.0201,0.0641,0.0500,0.0000,1.5152,1.4868,1.5152,1.5108,-0.0022,0.0115,1.5129,1.5267,0.0092,0.0077,-0.2516,-0.2500,0.0000
1790998496.6917,0.0199,0.0644,0.0500,0.0000,1.5152,1.5108,1.5152,1.5108,-0.0043,0.0095,1.5109,1.5247,0.0092,0.0077,-0.2516,-0.2516,0.0000
1790998496.7118,0.0201,0.0574,0.0500,0.0000,1.5152,1.5108,1.5152,1.5348,-0.0061,0.0093,1.5091,1.5244,0.0092,0.0077,-0.2516,-0.2516,0.0000
1790998496.7318,0.0200,0.0579,0.0500,0.0000,1.5152,1.4868,1.5152,1.5348,-0.0064,0.0074,1.5088,1.5226,0.0092,0.0077,-0.2516,-0.2500,0.0000
1790998496.7518,0.0200,0.0636,0.0500,0.0000,1.5152,1.4868,1.5152,1.5348,-0.0083,0.0070,1.5068,1.5222,0.0092,0.0077,-0.2516,-0.2500,0.0000
1790998496.7717,0.0199,0.0642,0.0500,0.0000,1.5152,1.4868,1.5152,1.5108,-0.0088,0.0065,1.5063,1.5217,0.0092,0.0077,-0.2516,-0.2516,0.0000
1790998496.7917,0.0200,0.0634,0.0500,0.0000,1.5152,1.5108,1.5152,1.5108,-0.0076,0.0062,1.5076,1.5213,0.0092,0.0077,-0.2516,-0.2516,0.0000
1790998496.8117,0.0200,0.0629,0.0500,0.0000,1.5152,1.5108,1.5152,1.5108,-0.0095,0.0058,1.5056,1.5209,0.0092,0.0077,-0.2516,-0.2500,0.0000
1790998496.8316,0.0199,0.0635,0.0500,0.0000,1.5152,1.4868,1.5152,1.5108,-0.0101,0.0053,1.5051,1.5204,0.0092,0.0077,-0.2516,-0.2516,0.0000
1790998496.8518,0.0201,0.0638,0.0500,0.0000,1.5152,1.4868,1.5152,1.5108,-0.0102,0.0051,1.5049,1.5203,0.0092,0.0077,-0.2516,-0.2500,0.0000
1790998496.8717,0.0200,0.0612,0.0500,0.0000,1.5152,1.5108,1.5152,1.4868,-0.0137,0.0047,1.5015,1.5199,0.0092,0.0077,-0.2516,-0.2516,0.0000
1790998496.8918,0.0200,0.0634,0.0500,0.0000,1.5152,1.5108,1.5152,1.4868,-0.0125,0.0043,1.5026,1.5195,0.0092,0.0077,-0.2516,-0.2516,0.0000
1790998496.9117,0.0199,0.0634,0.0500,0.0000,1.5152,1.4868,1.5152,1.5108,-0.0145,0.0039,1.5006,1.5190,0.0092,0.0077,-0.2516,-0.2516,0.0000
1790998496.9317,0.0200,0.0568,0.0500,0.0000,1.5152,1.4868,1.5152,1.4868,-0.0149,0.0066,1.5003,1.5218,0.0092,0.0077,-0.2516,-0.2500,0.0000
1790998496.9517,0.0200,0.0635,0.0500,0.0000,1.5152,1.5108,1.5152,1.4868,-0.0168,0.0032,1.4984,1.5183,0.0092,0.0077,-0.2516,-0.2500,0.0000
1790998496.9717,0.0200,0.0607,0.0500,0.0000,1.5152,1.5108,1.5152,1.4868,-0.0172,0.0028,1.4980,1.5179,0.0092,0.0077,-0.2516,-0.2500,0.0000
1790998496.9917,0.0200,0.0635,0.0500,0.0000,1.5152,1.4868,1.5152,1.5108,-0.0175,0.0024,1.4977,1.5176,0.0092,0.0077,-0.2516,-0.2500,0.0000
1790998497.0117,0.0199,0.0681,0.0500,0.0000,1.5152,1.4868,1.5152,1.5108,-0.0180,0.0020,1.4972,1.5171,0.0092,0.0077,-0.2516,-0.2500,0.0000
1790998497.0317,0.0200,0.0775,0.0500,0.0000,1.5152,1.4868,1.5152,1.4868,-0.0183,0.0031,1.4968,1.5183,0.0092,0.0077,-0.2516,-0.2516,0.0000
1790998497.0518,0.0201,0.0726,0.0500,0.0000,1.5152,1.4868,1.5152,1.4868,-0.0186,0.0029,1.4965,1.5180,0.0092,0.0077,-0.2516,-0.2500,0.0000
1790998497.0718,0.0200,0.0709,0.0500,0.0000,1.5152,1.4628,1.5152,1.4868,-0.0190,0.0025,1.4962,1.5176,0.0092,0.0077,-0.2516,-0.2500,0.0000
1790998497.0917,0.0200,0.0686,0.0500,0.0000,1.5152,1.4628,1.5152,1.5108,-0.0179,0.0005,1.4973,1.5157,0.0092,0.0077,-0.2516,-0.2516,0.0000
1790998497.1117,0.0200,0.0695,0.0500,0.0000,1.5152,1.4628,1.5152,1.5108,-0.0183,0.0001,1.4969,1.5153,0.0092,0.0077,-0.2516,-0.2500,0.0000
1790998497.1317,0.0200,0.0607,0.0500,0.0000,1.5152,1.4868,1.5152,1.5108,-0.0049,0.0151,1.5103,1.5302,0.0092,0.0077,-0.2516,-0.2516,0.0000
1790998497.1517,0.0200,0.0694,0.0500,0.0000,1.5152,1.4868,1.5152,1.4868,-0.0037,0.0132,1.5115,1.5284,0.0092,0.0077,-0.2516,-0.2516,0.0000
1790998497.1717,0.0200,0.0731,0.0500,0.0000,1.5152,1.4628,1.5152,1.5108,-0.0056,0.0128,1.5096,1.5280,0.0092,0.0077,-0.2516,-0.2516,0.0000
1790998497.1917,0.0199,0.0652,0.0500,0.0000,1.5152,1.4628,1.5152,1.5108,-0.0045,0.0139,1.5107,1.5291,0.0092,0.0077,-0.2516,-0.2500,0.0000
1790998497.2117,0.0201,0.0684,0.0500,0.0000,1.5152,1.4868,1.5152,1.4868,-0.0048,0.0106,1.5104,1.5257,0.0092,0.0077,-0.2516,-0.2516,0.0000
1790998497.2317,0.0199,0.0628,0.0500,0.0000,1.5152,1.5108,1.5152,1.4868,-0.0052,0.0116,1.5099,1.5268,0.0092,0.0077,-0.2516,-0.2500,0.0000
1790998497.2517,0.0200,0.0707,0.0500,0.0000,1.5152,1.4868,1.5152,1.5108,-0.0040,0.0098,1.5111,1.5249,0.0092,0.0077,-0.2516,-0.2500,0.0000
1790998497.2717,0.0200,0.0700,0.0500,0.0000,1.5152,1.4868,1.5152,1.5348,-0.0075,0.0063,1.5077,1.5215,0.0092,0.0077,-0.2516,-0.2500,0.0000
1790998497.2917,0.0200,0.0919,0.0500,0.0000,1.5152,1.4868,1.5152,1.5348,-0.0078,0.0075,1.5073,1.5227,0.0092,0.0077,-0.2516,-0.2516,0.0000
1790998497.3117,0.0200,0.0834,0.0500,0.0000,1.5152,1.5108,1.5152,1.5108,-0.0082,0.0071,1.5070,1.5223,0.0092,0.0077,-0.2516,-0.2516,0.0000
1790998497.3318,0.0200,0.1043,0.0500,0.0000,1.5152,1.4868,1.5152,1.5108,-0.0070,0.0068,1.5081,1.5219,0.0092,0.0077,-0.2516,-0.2516,0.0000
1790998497.3517,0.0199,0.0705,0.0500,0.0000,1.5152,1.4868,1.5152,1.5108,-0.0075,0.0048,1.5077,1.5200,0.0092,0.0077,-0.2516,-0.2500,0.0000
1790998497.3717,0.0200,0.0591,0.0500,0.0000,1.5152,1.5108,1.5152,1.5108,-0.0078,0.0029,1.5073,1.5181,0.0092,0.0077,-0.2516,-0.2516,0.0000
1790998497.3917,0.0200,0.0682,0.0500,0.0000,1.5152,1.5108,1.5152,1.5108,-0.0082,0.0041,1.5069,1.5192,0.0092,0.0077,-0.2516,-0.2500,0.0000
1790998497.4117,0.0200,0.0723,0.0500,0.0000,1.5152,1.5108,1.5152,1.5108,-0.0086,0.0037,1.5066,1.5189,0.0092,0.0077,-0.2516,-0.2516,0.0000
1790998497.4317,0.0200,0.0693,0.0500,0.0000,1.5152,1.5108,1.5152,1.5108,-0.0090,0.0033,1.5062,1.5185,0.0092,0.0077,-0.2516,-0.2516,0.0000
1790998497.4517,0.0200,0.0657,0.0500,0.0000,1.5152,1.5108,1.5152,1.5108,-0.0093,0.0014,1.5058,1.5166,0.0092,0.0077,-0.2516,-0.2516,0.0000
1790998497.4717,0.0200,0.0634,0.0500,0.0000,1.5152,1.5108,1.5152,1.4868,-0.0082,0.0010,1.5070,1.5162,0.0092,0.0077,-0.2516,-0.2516,0.0000
1790998497.4917,0.0200,0.0644,0.0500,0.0000,1.5152,1.5108,1.5152,1.4868,-0.0085,0.0007,1.5066,1.5158,0.0092,0.0077,-0.2516,-0.2500,0.0000
1790998497.5117,0.0200,0.0640,0.0500,0.0000,1.5152,1.5108,1.5152,1.4868,-0.0089,-0.0028,1.5062,1.5124,0.0092,0.0077,-0.2516,-0.2516,0.0000
1790998497.5317,0.0200,0.0651,0.0400,0.0000,1.2123,1.5108,1.2123,1.5108,-0.0154,-0.0093,1.1969,1.2031,0.0092,0.0077,-0.2516,-0.2500,0.0000
1790998497.5517,0.0200,0.0642,0.0300,0.0000,0.9093,1.5108,0.9093,1.5108,-0.0264,-0.0233,0.8829,0.8860,0.0092,0.0077,-0.2516,-0.2516,0.0000
1790998497.5717,0.0200,0.0600,0.0200,0.0000,0.6055,1.5108,0.6055,1.4868,-0.0449,-0.0403,0.5606,0.5652,0.0092,0.0077,-0.2516,-0.2516,0.0000
1790998497.5917,0.0200,0.0645,0.0100,0.0000,0.3031,1.4388,0.3031,1.4388,-0.0649,-0.0603,0.2381,0.2428,0.0092,0.0077,-0.2516,-0.2516,0.0000
1790998497.6117,0.0200,0.0603,0.0000,0.0000,0.0000,1.2710,0.0000,1.2950,-0.0849,-0.0833,0.0000,0.0000,0.0092,0.0077,-0.2516,-0.2516,0.0000
1790998497.6317,0.0200,0.0665,0.0000,0.0000,0.0000,1.0552,0.0000,1.0791,-0.0154,-0.0153,0.0000,0.0000,0.0092,0.0077,-0.2516,-0.2516,0.0000
1790998497.6518,0.0200,0.0616,0.0000,0.0000,0.0000,0.7914,0.0000,0.8153,-0.0092,-0.0107,0.0000,0.0000,0.0092,0.0077,-0.2516,-0.2516,0.0000
1790998497.6717,0.0199,0.0643,0.0000,0.0000,0.0000,0.5276,0.0000,0.5276,-0.0046,-0.0046,0.0000,0.0000,0.0092,0.0077,-0.2516,-0.2516,0.0000
1790998497.6917,0.0200,0.0593,0.0000,0.0000,0.0000,0.2878,0.0000,0.3118,-0.0015,-0.0015,0.0000,0.0000,0.0092,0.0077,-0.2516,-0.2500,0.0000
1790998497.7117,0.0200,0.0643,0.0000,0.0000,0.0000,0.1199,0.0000,0.1439,0.0000,0.0000,0.0000,0.0000,0.0092,0.0077,-0.2516,-0.2516,0.0000
1790998497.7317,0.0200,0.0644,0.0000,0.0000,0.0000,0.0240,0.0000,0.0240,0.0000,0.0000,0.0000,0.0000,0.0092,0.0077,-0.2516,-0.2500,0.0000
1790998497.7517,0.0200,0.0637,0.0000,0.0000,0.0000,0.0000,0.0000,0.0000,0.0000,0.0000,0.0000,0.0000,0.0092,0.0077,-0.2516,-0.2500,0.0000
1790998497.7717,0.0200,0.0643,0.0000,0.0000,0.0000,0.0000,0.0000,0.0000,0.0000,0.0000,0.0000,0.0000,0.0092,0.0077,-0.2516,-0.2500,0.0000
1790998497.7917,0.0200,0.0642,0.0000,0.0000,0.0000,0.0000,0.0000,0.0000,0.0000,0.0000,0.0000,0.0000,0.0092,0.0077,-0.2516,-0.2500,0.0000
1790998497.8117,0.0200,0.0572,0.0000,0.0000,0.0000,0.0000,0.0000,0.0000,0.0000,0.0000,0.0000,0.0000,0.0092,0.0077,-0.2516,-0.2516,0.0000
1790998497.8317,0.0200,0.0644,0.0000,0.0000,0.0000,0.0000,0.0000,0.0000,0.0000,0.0000,0.0000,0.0000,0.0092,0.0077,-0.2516,-0.2500,0.0000
1790998497.8517,0.0200,0.0643,0.0000,0.0000,0.0000,0.0000,0.0000,0.0000,0.0000,0.0000,0.0000,0.0000,0.0092,0.0077,-0.2516,-0.2500,0.0000
1790998497.8718,0.0201,0.0643,0.0000,0.0000,0.0000,0.0000,0.0000,0.0000,0.0000,0.0000,0.0000,0.0000,0.0092,0.0077,-0.2516,-0.2500,0.0000
1790998497.8918,0.0200,0.0646,0.0000,0.0000,0.0000,0.0000,0.0000,0.0000,0.0000,0.0000,0.0000,0.0000,0.0092,0.0077,-0.2516,-0.2516,0.0000
1790998497.9117,0.0199,0.0655,0.0000,0.0000,0.0000,0.0000,0.0000,0.0000,0.0000,0.0000,0.0000,0.0000,0.0092,0.0077,-0.2516,-0.2516,0.0000
1790998497.9317,0.0200,0.0615,0.0000,0.0000,0.0000,0.0000,0.0000,0.0000,0.0000,0.0000,0.0000,0.0000,0.0092,0.0077,-0.2516,-0.2500,0.0000
1790998497.9517,0.0200,0.0570,0.0000,0.0000,0.0000,0.0000,0.0000,0.0000,0.0000,-0.0015,0.0000,0.0000,0.0092,0.0077,-0.2516,-0.2516,0.0000
1790998497.9717,0.0200,0.0648,0.0000,0.0000,0.0000,0.0000,0.0000,0.0000,0.0000,0.0015,0.0000,0.0000,0.0092,0.0077,-0.2516,-0.2516,0.0000
1790998497.9917,0.0200,0.0643,0.0000,0.0000,0.0000,0.0000,0.0000,0.0000,0.0000,0.0000,0.0000,0.0000,0.0092,0.0077,-0.2516,-0.2516,0.0000
1790998498.0117,0.0200,0.0638,0.0000,0.0000,0.0000,0.0000,0.0000,0.0000,0.0000,0.0000,0.0000,0.0000,0.0092,0.0077,-0.2516,-0.2516,0.0000
1790998498.0317,0.0200,0.0642,0.0000,0.0000,0.0000,0.0000,0.0000,0.0000,0.0000,0.0000,0.0000,0.0000,0.0092,0.0077,-0.2516,-0.2516,0.0000
1790998498.0517,0.0200,0.1043,0.0000,0.0000,0.0000,0.0000,0.0000,0.0000,0.0000,0.0000,0.0000,0.0000,0.0092,0.0077,-0.2516,-0.2516,0.0000
1790998498.0717,0.0200,0.2388,0.0000,0.0000,0.0000,0.0000,0.0000,0.0000,0.0000,0.0000,0.0000,0.0000,0.0092,0.0077,-0.2516,-0.2500,0.0000
1790998498.0917,0.0200,0.2518,0.0000,0.0000,0.0000,0.0000,0.0000,0.0000,0.0000,0.0000,0.0000,0.0000,0.0092,0.0077,-0.2516,-0.2500,0.0000
1790998498.1117,0.0200,0.1083,0.0000,0.0000,0.0000,0.0000,0.0000,0.0000,0.0000,0.0000,0.0000,0.0000,0.0092,0.0077,-0.2516,-0.2500,0.0000
1790998498.1317,0.0200,0.0630,0.0000,0.0000,0.0000,0.0000,0.0000,0.0000,0.0000,0.0000,0.0000,0.0000,0.0092,0.0077,-0.2516,-0.2516,0.0000
1790998498.1517,0.0200,0.0914,0.0000,0.0000,0.0000,0.0000,0.0000,0.0000,0.0000,0.0000,0.0000,0.0000,0.0092,0.0077,-0.2516,-0.2500,0.0000
1790998498.1717,0.0200,0.0723,0.0000,0.0000,0.0000,0.0000,0.0000,0.0000,0.0000,0.0000,0.0000,0.0000,0.0092,0.0077,-0.2516,-0.2500,0.0000
1790998498.1918,0.0201,0.0691,0.0000,0.0000,0.0000,0.0000,0.0000,0.0000,0.0000,0.0000,0.0000,0.0000,0.0092,0.0077,-0.2516,-0.2516,0.0000
1790998498.2117,0.0200,0.0668,0.0000,0.0000,0.0000,0.0000,0.0000,0.0000,0.0000,0.0000,0.0000,0.0000,0.0092,0.0077,-0.2516,-0.2500,0.0000
1790998498.2318,0.0200,0.0717,0.0000,0.0000,0.0000,0.0000,0.0000,0.0000,0.0000,0.0000,0.0000,0.0000,0.0092,0.0077,-0.2516,-0.2516,0.0000
1790998498.2518,0.0200,0.0851,0.0000,0.0000,0.0000,0.0000,0.0000,0.0000,0.0000,0.0000,0.0000,0.0000,0.0092,0.0077,-0.2516,-0.2500,0.0000
1790998498.2717,0.0199,0.0636,0.0000,0.0000,0.0000,0.0000,0.0000,0.0000,0.0000,0.0000,0.0000,0.0000,0.0092,0.0077,-0.2516,-0.2500,0.0000
1790998498.2917,0.0200,0.0701,0.0000,0.0000,0.0000,0.0000,0.0000,0.0000,0.0000,0.0000,0.0000,0.0000,0.0092,0.0077,-0.2516,-0.2500,0.0000
1790998498.3117,0.0200,0.0701,0.0000,0.0000,0.0000,0.0000,0.0000,0.0000,0.0000,0.0000,0.0000,0.0000,0.0092,0.0077,-0.2516,-0.2516,0.0000
1790998498.3317,0.0200,0.0660,0.0000,0.0000,0.0000,0.0000,0.0000,0.0000,0.0000,0.0000,0.0000,0.0000,0.0092,0.0077,-0.2516,-0.2516,0.0000
1790998498.3517,0.0200,0.0606,0.0000,0.0000,0.0000,0.0000,0.0000,0.0000,0.0000,0.0000,0.0000,0.0000,0.0092,0.0077,-0.2516,-0.2516,0.0000
1790998498.3718,0.0201,0.0688,0.0000,0.0000,0.0000,0.0000,0.0000,0.0000,0.0000,0.0000,0.0000,0.0000,0.0092,0.0077,-0.2516,-0.2500,0.0000
1790998498.3917,0.0200,0.0683,0.0000,0.0000,0.0000,0.0000,0.0000,0.0000,0.0000,0.0000,0.0000,0.0000,0.0092,0.0077,-0.2516,-0.2500,0.0000
1790998498.4117,0.0200,0.0630,0.0000,0.0000,0.0000,0.0000,0.0000,0.0000,0.0000,0.0000,0.0000,0.0000,0.0092,0.0077,-0.2516,-0.2500,0.0000
1790998498.4317,0.0200,0.0662,0.0000,0.0000,0.0000,0.0000,0.0000,0.0000,0.0000,0.0000,0.0000,0.0000,0.0092,0.0077,-0.2516,-0.2516,0.0000
1790998498.4517,0.0200,0.0674,0.0000,0.0000,0.0000,0.0000,0.0000,0.0000,0.0000,-0.0015,0.0000,0.0000,0.0092,0.0077,-0.2516,-0.2516,0.0000
1790998498.4717,0.0200,0.0655,0.0000,0.0000,0.0000,0.0000,0.0000,0.0000,0.0000,0.0015,0.0000,0.0000,0.0092,0.0077,-0.2516,-0.2500,0.0000
1790998498.4917,0.0200,0.0650,0.0000,0.0000,0.0000,0.0000,0.0000,0.0000,0.0000,0.0000,0.0000,0.0000,0.0092,0.0077,-0.2516,-0.2516,0.0000
1790998498.5117,0.0200,0.0645,0.0000,0.0000,0.0000,0.0000,0.0000,0.0000,0.0000,0.0000,0.0000,0.0000,0.0092,0.0077,-0.2516,-0.2500,0.0000
1790998498.5317,0.0200,0.0577,0.0000,0.0000,0.0000,0.0000,0.0000,0.0000,0.0000,0.0000,0.0000,0.0000,0.0092,0.0077,-0.2516,-0.2516,0.0000
1790998498.5517,0.0200,0.0648,0.0000,0.0000,0.0000,0.0000,0.0000,0.0000,0.0000,0.0000,0.0000,0.0000,0.0092,0.0077,-0.2516,-0.2516,0.0000
1790998498.5717,0.0200,0.0643,0.0000,0.0000,0.0000,0.0000,0.0000,0.0000,0.0000,0.0000,0.0000,0.0000,0.0092,0.0077,-0.2516,-0.2500,0.0000
1790998498.5917,0.0201,0.0632,0.0000,0.0000,0.0000,0.0000,0.0000,0.0000,0.0000,0.0000,0.0000,0.0000,0.0092,0.0077,-0.2516,-0.2516,0.0000
1790998498.6117,0.0200,0.0597,0.0000,0.0000,0.0000,0.0000,0.0000,0.0000,0.0000,0.0000,0.0000,0.0000,0.0092,0.0077,-0.2516,-0.2516,0.0000
1790998498.6317,0.0200,0.0643,0.0000,0.0000,0.0000,0.0000,0.0000,0.0000,0.0000,0.0000,0.0000,0.0000,0.0092,0.0077,-0.2516,-0.2516,0.0000
1790998498.6517,0.0200,0.0580,0.0000,0.0000,0.0000,0.0000,0.0000,0.0000,0.0000,0.0000,0.0000,0.0000,0.0092,0.0077,-0.2516,-0.2516,0.0000
1790998498.6717,0.0200,0.0642,0.0000,0.0000,0.0000,0.0000,0.0000,0.0000,0.0000,0.0000,0.0000,0.0000,0.0092,0.0077,-0.2516,-0.2516,0.0000
1790998498.6917,0.0200,0.0639,0.0000,0.0000,0.0000,0.0000,0.0000,0.0000,0.0000,0.0000,0.0000,0.0000,0.0092,0.0077,-0.2516,-0.2500,0.0000
1790998498.7118,0.0201,0.0644,0.0000,0.0000,0.0000,0.0000,0.0000,0.0000,0.0000,0.0000,0.0000,0.0000,0.0092,0.0077,-0.2516,-0.2500,0.0000
1790998498.7317,0.0200,0.0589,0.0000,0.0000,0.0000,0.0000,0.0000,0.0000,0.0000,0.0000,0.0000,0.0000,0.0092,0.0077,-0.2516,-0.2500,0.0000
1790998498.7518,0.0200,0.0649,0.0000,0.0000,0.0000,0.0000,0.0000,0.0000,0.0000,0.0000,0.0000,0.0000,0.0092,0.0077,-0.2516,-0.2516,0.0000
1790998498.7717,0.0200,0.0585,0.0000,0.0000,0.0000,0.0000,0.0000,0.0000,0.0000,0.0000,0.0000,0.0000,0.0092,0.0077,-0.2516,-0.2500,0.0000
1790998498.7917,0.0200,0.0644,0.0000,0.0000,0.0000,0.0000,0.0000,0.0000,0.0000,0.0000,0.0000,0.0000,0.0092,0.0077,-0.2516,-0.2500,0.0000
1790998498.8117,0.0200,0.0641,0.0000,0.0000,0.0000,0.0000,0.0000,0.0000,0.0000,0.0000,0.0000,0.0000,0.0092,0.0077,-0.2516,-0.2516,0.0000
1790998498.8317,0.0200,0.0637,0.0000,0.0000,0.0000,0.0000,0.0000,0.0000,0.0000,-0.0015,0.0000,0.0000,0.0092,0.0077,-0.2516,-0.2500,0.0000
1790998498.8517,0.0200,0.0616,0.0000,0.0000,0.0000,0.0000,0.0000,0.0000,0.0000,0.0015,0.0000,0.0000,0.0092,0.0077,-0.2516,-0.2500,0.0000
1790998498.8718,0.0200,0.0689,0.0000,0.0000,0.0000,0.0000,0.0000,0.0000,0.0000,0.0000,0.0000,0.0000,0.0092,0.0077,-0.2516,-0.2516,0.0000
1790998498.8918,0.0200,0.0573,0.0000,0.0000,0.0000,0.0000,0.0000,0.0000,0.0000,0.0000,0.0000,0.0000,0.0092,0.0077,-0.2516,-0.2516,0.0000
1790998498.9117,0.0199,0.0646,0.0000,0.0000,0.0000,0.0000,0.0000,0.0000,0.0000,0.0000,0.0000,0.0000,0.0092,0.0077,-0.2516,-0.2516,0.0000
1790998498.9317,0.0200,0.0644,0.0000,0.0000,0.0000,0.0000,0.0000,0.0000,0.0000,0.0000,0.0000,0.0000,0.0092,0.0077,-0.2516,-0.2500,0.0000
1790998498.9518,0.0201,0.0641,0.0000,0.0000,0.0000,0.0000,0.0000,0.0000,0.0000,0.0000,0.0000,0.0000,0.0092,0.0077,-0.2516,-0.2516,0.0000
1790998498.9717,0.0200,0.0676,0.0000,0.0000,0.0000,0.0000,0.0000,0.0000,0.0000,-0.0015,0.0000,0.0000,0.0092,0.0077,-0.2516,-0.2500,0.0000
1790998498.9918,0.0200,0.0642,0.0000,0.0000,0.0000,0.0000,0.0000,0.0000,0.0000,0.0015,0.0000,0.0000,0.0092,0.0077,-0.2516,-0.2516,0.0000
1790998499.0117,0.0200,0.0570,0.0000,0.0000,0.0000,0.0000,0.0000,0.0000,0.0000,0.0000,0.0000,0.0000,0.0092,0.0077,-0.2516,-0.2500,0.0000
1790998499.0317,0.0200,0.0638,0.0000,0.0000,0.0000,0.0000,0.0000,0.0000,0.0000,0.0000,0.0000,0.0000,0.0092,0.0077,-0.2516,-0.2516,0.0000
1790998499.0517,0.0200,0.2894,0.0000,0.0000,0.0000,0.0000,0.0000,0.0000,0.0000,0.0000,0.0000,0.0000,0.0092,0.0077,-0.2516,-0.2516,0.0000
1790998499.0718,0.0201,0.0668,0.0000,0.0000,0.0000,0.0000,0.0000,0.0000,0.0000,0.0000,0.0000,0.0000,0.0092,0.0077,-0.2516,-0.2516,0.0000
1790998499.0917,0.0199,0.2183,0.0000,0.0000,0.0000,0.0000,0.0000,0.0000,0.0000,0.0000,0.0000,0.0000,0.0092,0.0077,-0.2516,-0.2516,0.0000
1790998499.1118,0.0200,0.2014,0.0000,0.0000,0.0000,0.0000,0.0000,0.0000,0.0000,0.0000,0.0000,0.0000,0.0092,0.0077,-0.2516,-0.2516,0.0000
1790998499.1318,0.0200,0.0634,0.0000,0.0000,0.0000,0.0000,0.0000,0.0000,0.0000,0.0000,0.0000,0.0000,0.0092,0.0077,-0.2516,-0.2516,0.0000
1790998499.1517,0.0200,0.0637,0.0000,0.0000,0.0000,0.0000,0.0000,0.0000,0.0000,0.0000,0.0000,0.0000,0.0092,0.0077,-0.2516,-0.2500,0.0000
1790998499.1717,0.0200,0.0643,0.0000,0.0000,0.0000,0.0000,0.0000,0.0000,0.0000,0.0000,0.0000,0.0000,0.0092,0.0077,-0.2516,-0.2516,0.0000
1790998499.1918,0.0200,0.0639,0.0000,0.0000,0.0000,0.0000,0.0000,0.0000,0.0000,0.0000,0.0000,0.0000,0.0092,0.0077,-0.2516,-0.2500,0.0000
1790998499.2117,0.0199,0.0574,0.0000,0.0000,0.0000,0.0000,0.0000,0.0000,0.0000,-0.0015,0.0000,0.0000,0.0092,0.0077,-0.2516,-0.2516,0.0000
