stamp_ns,backend,pre_ms,infer_ms,post_ms,depth_ms,callback_ms,detected,score,ex,ey,z
1791183065500186279,ncnn,35.6955,815.348,0.032722,0,880.452,0,0,0,0,0
1791183065566992920,ncnn,11.3992,743.65,0.032722,0,756.053,0,0,0,0,0
1791183066501248535,ncnn,16.2605,745.114,0.032666,0,762.557,0,0,0,0,0
1791183067967286621,ncnn,12.2521,677.706,0.034704,0,691.004,0,0,0,0,0
1791183068034001465,ncnn,10.4827,722.661,0.033222,0,734.511,0,0,0,0,0
1791183068967950439,ncnn,12.7206,720.615,0.033944,0.011056,734.343,1,0.284994,-0.884375,0.46875,1.133
1791183069101359375,ncnn,14.0246,628.344,0.040203,0.009667,643.386,1,0.285516,-0.884375,0.46875,1.133
1791183070368583252,ncnn,12.1328,572.887,0.034185,0.008611,586.06,1,0.371389,-0.884375,0.46875,1.133
1791183071035871094,ncnn,10.244,682.722,0.036592,0.009019,694.737,1,0.367789,-0.884375,0.46875,1.133
1791183071369601807,ncnn,19.1789,713.744,0.034611,0.010223,734.034,1,0.321162,-0.884375,0.46875,1.133
1791183072236901367,ncnn,21.2624,707.195,0.03424,0.01087,730.098,1,0.314558,-0.882812,0.46875,1.133
1791183073637900146,ncnn,11.8018,740.243,0.03387,0.009814,753.681,1,0.375315,-0.882812,0.466667,1.133
1791183073771365967,ncnn,11.2442,726.309,0.034481,0.008593,738.553,1,0.308963,-0.884375,0.46875,1.133
1791183075105915039,ncnn,19.6594,670,0.034222,0.008963,690.672,1,0.297133,-0.882812,0.46875,1.133
1791183075239350098,ncnn,15.735,662.529,0.033777,0.011055,679.488,1,0.372057,-0.882812,0.46875,1.133
1791183075372785400,ncnn,11.1834,752.62,0.035777,0.008148,765.048,1,0.335614,-0.884375,0.46875,1.133
1791183076974001465,ncnn,13.28,625.915,0.034463,0.008259,641.723,1,0.327076,-0.884375,0.46875,1.135
1791183077507808105,ncnn,10.7601,587.218,0.035851,0.008611,599.103,1,0.359105,-0.882812,0.46875,1.133
1791183077841392578,ncnn,11.8786,680.895,0.04187,0.01737,694.538,1,0.349109,-0.884375,0.466667,1.133
1791183078641985840,ncnn,15.4714,496.949,0.046555,0.009,513.685,1,0.354282,-0.884375,0.466667,1.133
1791183079242386963,ncnn,20.1875,683.263,0.041037,0.010315,706.411,1,0.442396,-0.882812,0.46875,1.133
1791183079909493164,ncnn,13.6074,631.841,0.035962,0.008981,646.985,1,0.310796,-0.884375,0.466667,1.133
1791183080776763916,ncnn,10.6892,541.833,0.034184,0.010092,553.754,1,0.304777,-0.884375,0.46875,1.133
1791183080910204590,ncnn,10.2347,709.296,0.034425,0.009518,720.555,1,0.355884,-0.884375,0.466667,1.133
1791183081777551758,ncnn,11.8448,697.402,0.034314,0.01113,710.748,1,0.347308,-0.884375,0.46875,1.135
1791183082578133057,ncnn,10.5132,679.539,0.03563,0.008777,691.446,1,0.388056,-0.884375,0.46875,1.133
1791183082644848389,ncnn,10.8455,723.705,0.03687,0.007741,735.638,1,0.312362,-0.884375,0.466667,1.133
1791183084112552734,ncnn,20.3787,759.835,0.081351,0.007592,781.569,1,0.293583,-0.884375,0.466667,1.133
1791183084779637451,ncnn,11.2788,707.157,0.034722,0.008815,719.481,1,0.302899,-0.884375,0.46875,1.133
1791183086113901611,ncnn,11.2658,738.483,0.039499,0.009574,751.165,1,0.313393,-0.882812,0.466667,1.133
1791183086914567383,ncnn,10.728,675.267,0.036037,0.008537,687.053,1,0.413214,-0.882812,0.46875,1.135
1791183087648487061,ncnn,11.2729,679.059,0.034241,0.008741,691.556,1,0.35773,-0.882812,0.46875,1.135
1791183087781939453,ncnn,11.0917,711.367,0.03624,0.009407,723.49,1,0.255485,-0.884375,0.46875,1.135
1791183089183313965,ncnn,12.352,594.034,0.037425,0.009037,607.99,1,0.26118,-0.884375,0.466667,1.133
1791183089583720215,ncnn,11.308,725.708,0.036703,0.009315,738.268,1,0.276154,-0.884375,0.466667,1.137
1791183090517688721,ncnn,12.459,553.781,0.035036,0.007648,567.254,1,0.312318,-0.884375,0.466667,1.133
1791183090784515381,ncnn,15.8279,552.253,0.046666,0.012037,569.129,1,0.259637,-0.875,0.429167,1.137
1791183091384869629,ncnn,18.3647,571.48,0.035499,0.007851,590.891,1,0.315345,-0.884375,0.46875,1.135
1791183092051908203,ncnn,18.3207,548.893,0.043981,0.014556,568.498,1,0.288911,-0.873438,0.429167,1.137
1791183092118610840,ncnn,13.4503,534.791,0.034518,0.009111,550.3,1,0.264633,-0.884375,0.466667,1.135
1791183093052626221,ncnn,10.7808,663.868,0.03874,0.008667,675.666,1,0.270869,-0.882812,0.46875,1.133
1791183093186078125,ncnn,20.2099,630.837,0.033963,0.015036,652.248,1,0.314406,-0.873438,0.429167,1.135
1791183094120264404,ncnn,12.8367,706.424,0.036129,0.007833,720.568,1,0.293816,-0.884375,0.466667,1.135
1791183094186993408,ncnn,12.1501,708.417,0.033685,0.009463,721.824,1,0.361334,-0.884375,0.46875,1.135
1791183095855380371,ncnn,10.8852,658.264,0.036981,0.008462,670.194,1,0.292136,-0.884375,0.466667,1.135
1791183096389197021,ncnn,10.0802,655.458,0.034796,0.00813,666.706,1,0.29836,-0.884375,0.46875,1.135
1791183096989595947,ncnn,12.1503,734.489,0.036573,0.011278,747.792,1,0.408362,-0.884375,0.466667,1.133
1791183097790078613,ncnn,19.1212,719.366,0.039611,0.010519,739.725,1,0.366386,-0.884375,0.46875,1.135
1791183099057737305,ncnn,9.95394,607.21,0.034999,0.009259,618.189,1,0.334086,-0.882812,0.466667,1.135
1791183099257881836,ncnn,12.6433,686.338,0.034241,0.008741,700.058,1,0.319386,-0.884375,0.46875,1.135
1791183099458025391,ncnn,13.9662,528.448,0.035721,0.008851,543.635,1,0.379994,-0.884375,0.46875,1.133
1791183100525289795,ncnn,9.72115,513.071,0.034703,0.008888,524.235,1,0.346241,-0.884375,0.466667,1.133
1791183101392556885,ncnn,10.8091,513.852,0.035315,0.007871,525.76,1,0.329945,-0.884375,0.46875,1.135
1791183101592697266,ncnn,13.3197,553.324,0.037073,0.008777,568.337,1,0.315362,-0.884375,0.46875,1.135
1791183102326441895,ncnn,16.1809,482.011,0.034814,0.007852,499.273,1,0.382855,-0.884375,0.466667,1.133
1791183102593252197,ncnn,10.9621,741.095,0.05437,0.01287,753.182,1,0.308967,-0.873438,0.429167,1.137
1791183102860141357,ncnn,12.6123,699.691,0.07524,0.013259,713.481,1,0.254101,-0.873438,0.429167,1.135
1791183104061177490,ncnn,19.0064,756.691,0.03574,0.009482,777.218,1,0.322699,-0.884375,0.46875,1.135
1791183104795104736,ncnn,11.5406,704.784,0.035611,0,717.797,0,0,0,0,0
1791183105728994629,ncnn,10.635,684.875,0.036463,0.008204,696.632,1,0.276062,-0.884375,0.466667,1.133
1791183106863066406,ncnn,10.9293,753.203,0.036388,0.010648,765.282,1,0.293718,-0.882812,0.46875,1.135
1791183106929787354,ncnn,20.0231,735.572,0.033888,0.013944,756.678,1,0.276095,-0.873438,0.429167,1.135
1791183107797093506,ncnn,13.6777,625.358,0.043685,0.012611,640.081,1,0.265661,-0.873438,0.429167,1.137
1791183108664189453,ncnn,22.565,632.493,0.033981,0.009092,656.317,1,0.25386,-0.884375,0.46875,1.135
1791183108864343750,ncnn,9.7045,528.635,0.034073,0.00787,539.543,1,0.298582,-0.884375,0.466667,1.135
1791183109931758545,ncnn,17.286,474.169,0.034092,0.009389,492.709,1,0.339085,-0.884375,0.46875,1.135
1791183110331974854,ncnn,11.4434,514.062,0.034333,0.007815,526.616,1,0.405027,-0.884375,0.466667,1.135
1791183110598783691,ncnn,12.891,481.536,0.035444,0.008629,495.655,1,0.383748,-0.884375,0.46875,1.135
1791183111332807129,ncnn,9.5093,499.863,0.034833,0.010018,510.419,1,0.30519,-0.884375,0.46875,1.137
1791183111532999512,ncnn,12.3264,675.205,0.041129,0.011241,688.844,1,0.28893,-0.884375,0.46875,1.135
1791183113000791504,ncnn,12.1248,665.341,0.034204,0.009148,678.845,1,0.716391,-0.367188,-0.510417,2.122
1791183113134230957,ncnn,9.82757,746.852,0.034092,0.00926,757.649,1,0.455677,-0.882812,0.46875,1.135
1791183113334390381,ncnn,18.2289,643.002,0.035073,0.008574,662.877,1,0.44406,-0.882812,0.46875,1.133
1791183114468315430,ncnn,12.9793,695.413,0.034907,0.016055,709.431,1,0.737394,-0.157813,-0.63125,1.67
1791183115535507080,ncnn,11.902,701.322,0.034481,0.013704,714.359,1,0.879039,-0.1375,-0.647917,1.731
1791183116202684570,ncnn,11.3632,721.439,0.034203,0.015203,734.01,1,0.692096,-0.16875,-0.675,1.644
1791183117070169434,ncnn,10.7824,693.224,0.034981,0.014425,705.083,1,0.799698,-0.195312,-0.614583,1.771
1791183117537364502,ncnn,9.66169,738.88,0.035981,0.008722,750.064,1,0.511644,-0.882812,0.46875,1.135
1791183118805114502,ncnn,9.85885,584.925,0.034407,0.010667,595.798,1,0.760557,0.95625,-0.254167,2.205
1791183118938552490,ncnn,13.044,490.047,0.035685,0.00913,504.138,1,0.369445,-0.882812,0.46875,1.135
1791183119005271729,ncnn,16.8244,525.795,0.035259,0.00887,543.722,1,0.336299,-0.884375,0.46875,1.135
1791183119939321045,ncnn,11.2647,487.211,0.035147,0.008814,499.552,1,0.389934,-0.884375,0.466667,1.135
1791183120072752197,ncnn,9.7227,482.52,0.039055,0.022833,493.407,1,0.354807,-0.884375,0.46875,1.135
1791183121540582275,ncnn,11.2027,481.763,0.034685,0.008185,494.283,1,0.312099,-0.884375,0.46875,1.135
1791183121607303955,ncnn,11.4802,505.025,0.032815,0,517.469,0,0,0,0,0
1791183122607812988,ncnn,10.8317,518.649,0.032463,0,530.496,0,0,0,0,0
1791183122674524902,ncnn,15.0923,518.969,0.032889,0,535.475,0,0,0,0,0
1791183122741236816,ncnn,10.7372,480.444,0.036018,0.015945,492.831,1,0.324585,-0.870313,0.425,1.137
1791183124208828125,ncnn,9.76533,474.955,0.03263,0,485.763,0,0,0,0,0
1791183124275529785,ncnn,9.60708,482.436,0.035796,0,493.04,0,0,0,0,0
1791183124742448242,ncnn,11.4915,670.487,0.032759,0,683.5,0,0,0,0,0
1791183125743093506,ncnn,10.8812,666.515,0.035759,0.013704,678.742,1,0.450565,-0.867188,0.425,1.135
1791183126477072510,ncnn,12.393,705.798,0.034462,0.012611,719.212,1,0.724544,-0.86875,0.427083,1.135
1791183126610522705,ncnn,10.1195,721.232,0.035963,0.019,732.519,1,0.55486,-0.878125,0.425,1.135
1791183127811259521,ncnn,12.8044,712.274,0.036888,0.009815,726.512,1,0.527936,-0.882812,0.46875,1.133
1791183128812358154,ncnn,10.814,742.13,0.033852,0.016611,754.663,1,0.466301,-0.882812,0.46875,1.133
1791183128879051758,ncnn,9.76657,734.164,0.034759,0.009741,745.015,1,0.558448,-0.882812,0.46875,1.131
1791183129679364014,ncnn,18.3056,749.542,0.03537,0.00787,768.775,1,0.438652,-0.884375,0.46875,1.133
1791183130679598389,ncnn,11.3971,719.519,0.035758,0.052444,732.128,1,0.44875,-0.882812,0.46875,1.133
1791183130746308838,ncnn,11.5243,673.335,0.036741,0.011926,686.033,1,0.479213,-0.882812,0.46875,1.133
1791183132347870117,ncnn,18.6176,710.313,0.035759,0.010389,730.21,1,0.501462,-0.882812,0.46875,1.133
1791183132414629883,ncnn,20.6916,709.33,0.034351,0.008055,730.961,1,0.506204,-0.882812,0.466667,1.133
1791183133482512695,ncnn,20.1847,751.31,0.034999,0.008333,772.528,1,0.457618,-0.882812,0.46875,1.133
1791183134816442627,ncnn,11.3241,676.101,0.034407,0.009945,688.504,1,0.55302,-0.882812,0.46875,1.135
1791183135083218994,ncnn,10.591,648.41,0.034222,0.010111,660.29,1,0.461284,-0.882812,0.46875,1.133
1791183135950518066,ncnn,10.8457,795.28,0.035444,0.010481,807.333,1,0.490343,-0.8875,0.51875,1.131
1791183136217522461,ncnn,14.7559,763.195,0.035111,0.005666,779.161,1,0.564029,-0.8875,0.516667,1.131
1791183137218428711,ncnn,11.3701,743.984,0.034185,0.005704,756.29,1,0.500185,-0.796875,-0.0625,1.148
1791183137952106689,ncnn,15.3603,690.451,0.036519,0.016648,707.08,1,0.688896,-0.854688,0.391667,1.15
1791183138618914063,ncnn,10.8489,702.336,0.034166,0.007537,714.149,1,0.452556,-0.490625,0.264583,nan
1791183139352868164,ncnn,11.523,635.844,0.034297,0.010556,648.293,1,0.754345,-0.803125,0.416667,1.141
1791183139686445313,ncnn,11.2282,658.529,0.034945,0.012592,670.752,1,0.697824,-0.80625,0.416667,1.139
1791183141354343994,ncnn,11.4794,735.044,0.035741,0.011685,747.601,1,0.734401,-0.804688,0.41875,1.146
1791183141487863037,ncnn,11.9378,683.796,0.043907,0.018722,696.746,1,0.703276,-0.8,0.416667,1.146
1791183142288810791,ncnn,18.1861,606.772,0.043611,0.018241,627.428,1,0.528217,-0.790625,0.39375,1.174
1791183143022805420,ncnn,9.51439,518.76,0.034352,0.014,529.681,1,0.699723,-0.80625,0.414583,1.146
1791183143489694336,ncnn,9.65319,530.297,0.033851,0.014667,541.199,1,0.601876,-0.801562,0.41875,1.141
1791183144357319580,ncnn,10.2716,510.919,0.034648,0.012667,522.064,1,0.495134,-0.801562,0.41875,1.141
1791183144891098877,ncnn,9.95165,505.515,0.033741,0.011944,516.461,1,0.44891,-0.801562,0.416667,1.143
1791183145091151123,ncnn,13.1073,504.505,0.034445,0.012556,518.634,1,0.373304,-0.801562,0.414583,1.139
1791183145357882568,ncnn,13.4,475.243,0.034148,0.011611,489.709,1,0.52143,-0.801562,0.41875,1.141
1791183146291582764,ncnn,9.7588,516.441,0.033926,0.012259,527.704,1,0.388077,-0.801562,0.414583,1.143
1791183146758485596,ncnn,9.81334,521.719,0.033796,0.012889,532.634,1,0.460285,-0.801562,0.416667,1.141
1791183147759327393,ncnn,10.6789,738.836,0.040777,0.014962,750.652,1,0.416413,-0.801562,0.416667,1.141
1791183147826042236,ncnn,11.0755,755.682,0.035814,0.014611,768.091,1,0.426704,-0.801562,0.414583,1.143
1791183148760071777,ncnn,14.3936,658.392,0.033704,0.011111,674.07,1,0.255814,-0.8,0.416667,1.143
1791183149293908936,ncnn,11.0319,737.474,0.036148,0.013574,749.684,1,0.282781,-0.801562,0.414583,1.143
1791183150828173096,ncnn,11.8812,754.734,0.033574,0.013203,767.654,1,0.400561,-0.801562,0.416667,1.143
1791183151362029541,ncnn,16.1805,693.167,0.034833,0.013518,711.415,1,0.35587,-0.801562,0.414583,1.141
1791183151628958008,ncnn,10.2758,660.576,0.034666,0.011574,671.797,1,0.322426,-0.801562,0.414583,1.141
1791183151895914063,ncnn,18.0561,700.096,0.032037,0,719.184,0,0,0,0,0
1791183153297133057,ncnn,10.3655,663.733,0.032537,0,675.256,0,0,0,0,0
1791183153830646240,ncnn,19.7589,729.271,0.033796,0,750.085,0,0,0,0,0
1791183155030911377,ncnn,11.7489,735.297,0.032389,0,747.952,0,0,0,0,0
1791183155164270996,ncnn,11.3776,677.025,0.032518,0,689.697,0,0,0,0,0
1791183156631373047,ncnn,11.1689,623.336,0.032333,0,635.599,0,0,0,0,0
1791183156764776855,ncnn,16.7706,755.828,0.032203,0,776.694,0,0,0,0,0
1791183156831493896,ncnn,9.70632,533.268,0.03224,0,544.061,0,0,0,0,0
1791183158165941650,ncnn,18.3704,513.389,0.036204,0,532.639,0,0,0,0,0
1791183158499577393,ncnn,19.0345,493.623,0.032315,0,513.695,0,0,0,0,0
1791183158633033936,ncnn,10.7321,470.773,0.032722,0,482.529,0,0,0,0,0
1791183158766476318,ncnn,16.9418,500.749,0.034407,0,518.8,0,0,0,0,0
1791183160434479736,ncnn,10.1846,530.744,0.032537,0,541.914,0,0,0,0,0
1791183160968208252,ncnn,14.6557,506.908,0.033222,0,522.933,0,0,0,0,0
1791183161034910156,ncnn,17.8904,491.038,0.032555,0,510.013,0,0,0,0,0
1791183161635215576,ncnn,10.1457,489.196,0.034111,0.046814,500.742,1,0.959583,0.771875,-0.0958333,0.252
1791183162302321045,ncnn,10.6583,476.812,0.034426,0.043851,488.524,1,0.953278,0.578125,0.272917,0.257
1791183162836022217,ncnn,9.71452,496.975,0.045778,0.044704,507.983,1,0.967672,0.60625,-0.0125,0.281
1791183162902742188,ncnn,11.1705,493.926,0.034259,0.035537,506.424,1,0.92897,0.571875,-0.0895833,0.291
1791183164303900635,ncnn,9.526,477.412,0.03524,0.021519,488.171,1,0.94185,0.517187,0.0229167,0.337
1791183164370624023,ncnn,10.278,498.201,0.034129,0.027555,509.607,1,0.936714,0.521875,0.0291667,0.338
1791183165037900146,ncnn,11.5445,508.933,0.033963,0.03687,522.139,1,0.953923,0.525,-0.05625,0.337
1791183165104632080,ncnn,13.5151,511.666,0.034259,0.036704,526.279,1,0.937562,0.553125,-0.0541667,0.336
1791183165304829590,ncnn,14.1304,515.038,0.034722,0.039518,530.256,1,0.946376,0.604688,-0.0479167,0.333
1791183166972566895,ncnn,10.2217,524.396,0.034278,0.024481,535.606,1,0.949789,0.58125,-0.210417,0.369
1791183167172701904,ncnn,13.4675,492.179,0.040703,0.04687,507.234,1,0.933273,0.501562,-0.24375,0.499
1791183167639683594,ncnn,11.1158,472.691,0.033518,0.009833,485.435,1,0.899954,0.28125,0.3875,0.942
1791183167906663574,ncnn,12.5616,500.636,0.034388,0.011371,514.563,1,0.884698,0.182812,0.61875,1.056
1791183168707778076,ncnn,12.753,488.823,0.034222,0.006204,502.888,1,0.935454,0.185937,0.685417,1.103
1791183169574756104,ncnn,9.77678,516.981,0.065222,0.007704,527.867,1,0.913745,0.185937,0.685417,1.105
1791183169641445068,ncnn,13.2291,487.251,0.034463,0.012334,502.167,1,0.921184,0.184375,0.685417,1.093
1791183170642309814,ncnn,10.2422,484.997,0.036093,0.00637,496.167,1,0.932233,0.185937,0.685417,1.109
1791183170842441162,ncnn,10.2717,506.227,0.045388,0.008055,517.496,1,0.929149,0.185937,0.685417,1.093
1791183171309386475,ncnn,10.6042,500.19,0.034481,0.007444,511.868,1,0.929447,0.185937,0.685417,1.119
1791183171376092529,ncnn,13.3357,485.186,0.034259,0.006574,499.566,1,0.926108,0.185937,0.685417,1.107
1791183171442798340,ncnn,11.2328,490.748,0.039185,0.005759,503.339,1,0.927003,0.184375,0.683333,1.113
1791183172643486816,ncnn,9.70124,536.622,0.035129,0.006445,547.54,1,0.933519,0.185937,0.685417,1.099
1791183173377238770,ncnn,9.96267,555.053,0.043481,0.007204,566.06,1,0.935904,0.182812,0.683333,1.101
1791183173910891113,ncnn,13.8267,496.14,0.055759,0.007574,511.965,1,0.936632,0.184375,0.685417,1.101
1791183174311155762,ncnn,13.2449,500.562,0.066834,0.006445,515.678,1,0.931504,0.185937,0.685417,1.121
1791183174978254639,ncnn,12.2853,500.298,0.035371,0.007111,513.55,1,0.933397,0.185937,0.685417,1.125
1791183175378504883,ncnn,9.71615,486.005,0.044593,0.024982,497.111,1,0.932996,0.185937,0.685417,1.107
1791183175445212402,ncnn,12.1523,493.878,0.034778,0.006204,507.768,1,0.932986,0.185937,0.685417,1.113
1791183175912191162,ncnn,10.3329,525.753,0.036648,0.005408,537.143,1,0.935689,0.185937,0.683333,1.125
1791183177246480225,ncnn,19.322,497.639,0.034148,0.007037,518.195,1,0.932707,0.185937,0.685417,1.121
1791183177646728760,ncnn,9.57137,512.316,0.034741,0.005944,523.153,1,0.934304,0.185937,0.683333,1.105
1791183177980281982,ncnn,9.46593,504.861,0.034129,0.007018,515.471,1,0.933122,0.184375,0.685417,1.107
1791183178180415771,ncnn,10.2001,465.302,0.035037,0.005445,476.545,1,0.934179,0.185937,0.685417,1.107
1791183179047671631,ncnn,9.38198,483.624,0.065945,0.007204,494.331,1,0.934351,0.185937,0.683333,1.097
1791183179514665283,ncnn,11.887,476.657,0.034037,0.005648,490.513,1,0.934112,0.185937,0.685417,1.103
1791183179781528076,ncnn,10.2499,481.3,0.035129,0.018685,492.992,1,0.931881,0.185937,0.685417,1.115
1791183179848251465,ncnn,11.8022,504.516,0.036092,0.006796,517.291,1,0.935691,0.184375,0.685417,1.085
1791183181249507324,ncnn,11.0998,479.514,0.039981,0.014167,491.91,1,0.931782,0.182812,0.683333,1.115
1791183181382966064,ncnn,12.4054,492.55,0.033833,0.007167,505.963,1,0.936231,0.184375,0.683333,1.101
1791183182383740967,ncnn,18.431,533.439,0.033944,0.006166,552.923,1,0.933583,0.185937,0.685417,1.101
1791183182583882080,ncnn,13.1207,489.867,0.034018,0.007075,504.204,1,0.933468,0.185937,0.685417,1.091
1791183182717309570,ncnn,18.315,478.739,0.035148,0.0075,498.115,1,0.935248,0.185937,0.685417,1.109
1791183184118240234,ncnn,10.4398,491.342,0.036018,0.006407,502.848,1,0.9334,0.185937,0.685417,1.115
1791183184318416748,ncnn,17.0871,491.817,0.034519,0.006981,509.876,1,0.933877,0.184375,0.683333,1.101
1791183184718773926,ncnn,11.0179,486.015,0.034833,0.008556,498.184,1,0.933066,0.184375,0.685417,1.103
1791183185252514160,ncnn,14.1282,463.033,0.034926,0.005833,478.311,1,0.934295,0.185937,0.685417,1.103
1791183185652820068,ncnn,12.809,478.482,0.03563,0.007463,492.534,1,0.932857,0.184375,0.685417,1.109
1791183186119890869,ncnn,17.4067,495.515,0.034963,0.0065,513.926,1,0.93018,0.185937,0.685417,1.123
1791183186653691406,ncnn,10.8766,515.597,0.033463,0.007351,527.512,1,0.932484,0.185937,0.685417,1.123
1791183187254088623,ncnn,9.88396,483.176,0.0435,0.010278,494.208,1,0.931912,0.185937,0.685417,1.099
1791183188254729736,ncnn,10.024,487.588,0.034333,0.005555,498.524,1,0.932962,0.185937,0.683333,1.093
1791183188321438232,ncnn,11.07,514.896,0.034407,0.007519,526.915,1,0.933101,0.184375,0.685417,1.127
1791183188921826660,ncnn,12.1574,504.971,0.060074,0.007797,518.058,1,0.931326,0.184375,0.683333,1.103
1791183189388813721,ncnn,9.69732,485.19,0.036389,0.013444,496.262,1,0.934756,0.185937,0.683333,1.093
1791183189455525879,ncnn,12.0773,499.142,0.035722,0.005537,512.664,1,0.93319,0.184375,0.685417,1.103
1791183190322770752,ncnn,12.5027,487.354,0.036519,0.006889,501.079,1,0.934085,0.184375,0.685417,1.087
1791183190723033936,ncnn,10.273,505.18,0.035278,0.006315,516.358,1,0.932258,0.184375,0.683333,1.101
1791183191390216064,ncnn,13.2313,485.518,0.034444,0.00613,499.957,1,0.933084,0.185937,0.685417,1.089
1791183191857235840,ncnn,14.7087,503.601,0.035074,0.006778,519.474,1,0.932193,0.184375,0.685417,1.093
1791183192924683105,ncnn,9.79759,511.428,0.037185,0,522.638,0,0,0,0,0
1791183193058123047,ncnn,12.7795,486.161,0.032574,0,500.269,0,0,0,0,0
1791183193858740234,ncnn,10.1568,497.146,0.034537,0,508.305,0,0,0,0,0
1791183193992160156,ncnn,12.7707,477.664,0.03374,0,491.464,0,0,0,0,0
1791183194459129639,ncnn,12.4709,483.017,0.033907,0.0055,496.374,1,0.932663,0.185937,0.685417,1.083
1791183194525839600,ncnn,13.2911,484.452,0.033481,0.00563,498.767,1,0.931853,0.184375,0.685417,1.095
1791183194659259521,ncnn,11.5889,485.927,0.034056,0.005481,498.679,1,0.936749,0.184375,0.685417,1.089
1791183196527303955,ncnn,10.2113,489.95,0.035907,0.006018,501.201,1,0.932503,0.185937,0.685417,1.099
1791183196594023193,ncnn,16.6254,490.076,0.033907,0.007815,507.663,1,0.934239,0.185937,0.683333,1.089
1791183197194488281,ncnn,9.86382,496.615,0.034111,0.007463,507.497,1,0.932851,0.185937,0.685417,1.099
1791183197594801025,ncnn,14.2591,500.338,0.034185,0.007019,515.631,1,0.933284,0.185937,0.685417,1.091
1791183198528813232,ncnn,13.7395,486.084,0.036648,0.00774,500.868,1,0.933797,0.185937,0.683333,1.105
1791183199062510986,ncnn,9.5456,503.584,0.041296,0.007741,514.197,1,0.932845,0.185937,0.685417,1.101
1791183199262642822,ncnn,10.374,512.128,0.047481,0.007833,523.978,1,0.93429,0.185937,0.683333,1.099
1791183199796327393,ncnn,9.77708,486.9,0.034185,0.006278,497.787,1,0.932949,0.185937,0.685417,1.089
1791183200196609619,ncnn,13.6362,496.451,0.036833,0.005796,511.579,1,0.93608,0.185937,0.685417,1.103
1791183200263323486,ncnn,10.388,507.002,0.034592,0.007315,518.241,1,0.934522,0.185937,0.683333,1.115
1791183201197359863,ncnn,9.516,491.177,0.045092,0.008444,501.773,1,0.93346,0.185937,0.685417,1.107
1791183201731124512,ncnn,12.97,496.12,0.034055,0.005797,510.238,1,0.935993,0.184375,0.685417,1.089
1791183201931282471,ncnn,15.0275,482.206,0.033629,0.006259,498.243,1,0.933639,0.184375,0.685417,1.089
1791183202398320313,ncnn,12.9816,481.968,0.035388,0.005834,495.983,1,0.935562,0.185937,0.685417,1.089
1791183203732612061,ncnn,10.3337,503.053,0.046222,0.0185,514.807,1,0.934145,0.184375,0.683333,1.113
1791183203866040283,ncnn,11.9428,497.123,0.034351,0.007537,510.38,1,0.934016,0.185937,0.685417,1.093
1791183204199610352,ncnn,15.9681,537.109,0.034425,0.005629,553.942,1,0.934175,0.185937,0.683333,1.111
1791183204800035156,ncnn,13.6959,484.212,0.034222,0.005333,498.943,1,0.932741,0.184375,0.683333,1.105
1791183205333744873,ncnn,10.0679,538.751,0.041166,0.028703,550.913,1,0.931085,0.184375,0.683333,1.099
1791183205400458496,ncnn,12.4782,502.82,0.034111,0.006056,516.328,1,0.935308,0.184375,0.683333,1.091
1791183205867461670,ncnn,19.596,476.465,0.059574,0.023445,497.33,1,0.934251,0.184375,0.683333,1.107
1791183206534641846,ncnn,9.75477,482.364,0.034667,0.007407,493.275,1,0.932292,0.184375,0.683333,1.091
1791183207001645996,ncnn,17.4208,533.609,0.034834,0.007259,551.97,1,0.931681,0.185937,0.683333,1.097
1791183208069053955,ncnn,13.0119,490.545,0.034574,0.007166,504.687,1,0.932475,0.185937,0.685417,1.103
1791183208536053955,ncnn,17.7746,490.564,0.048574,0.013537,509.51,1,0.931981,0.184375,0.683333,1.089
1791183209003072021,ncnn,9.62101,499.27,0.034703,0.006518,510.009,1,0.93512,0.185937,0.685417,1.101
1791183209670266357,ncnn,14.4208,473.98,0.034444,0.007685,489.669,1,0.933595,0.185937,0.683333,1.129
1791183209803706543,ncnn,9.62917,480.906,0.035536,0.010519,491.695,1,0.933569,0.184375,0.683333,1.095
1791183210003867920,ncnn,14.559,486.066,0.033704,0.007074,502.047,1,0.935422,0.185937,0.685417,1.117
1791183211204797607,ncnn,9.65423,483.128,0.038296,0.010111,493.908,1,0.932542,0.185937,0.685417,1.085
1791183211605086182,ncnn,11.9386,487.38,0.034908,0.007296,500.677,1,0.931486,0.184375,0.685417,1.105
1791183212539077637,ncnn,9.67869,485.303,0.034667,0.006278,495.981,1,0.932373,0.184375,0.685417,1.103
1791183212605791016,ncnn,11.6203,494.072,0.034481,0.019907,506.963,1,0.932202,0.184375,0.685417,1.105
1791183212739218018,ncnn,11.3612,473.654,0.034759,0.00713,486.332,1,0.930622,0.185937,0.683333,1.087
1791183214140287842,ncnn,10.0039,493.876,0.034203,0.007463,504.945,1,0.930004,0.185937,0.685417,1.105
1791183214473873047,ncnn,16.3734,497.548,0.033833,0.006611,515.078,1,0.931796,0.185937,0.683333,1.095
1791183215207756836,ncnn,9.97113,492.28,0.033852,0.007074,503.303,1,0.932102,0.185937,0.685417,1.117
1791183215741488037,ncnn,10.2707,492.671,0.036352,0.006519,503.99,1,0.934442,0.184375,0.685417,1.083
1791183216275229004,ncnn,10.36,497.661,0.035444,0.007833,509.06,1,0.930636,0.185937,0.685417,1.093
1791183216341946533,ncnn,16.9535,499.455,0.034907,0.007611,517.581,1,0.931016,0.185937,0.685417,1.109
1791183216808962402,ncnn,10.7828,504.343,0.037536,0.00687,516.203,1,0.935652,0.185937,0.685417,1.103
1791183217209239258,ncnn,10.5264,506.421,0.034371,0.006186,517.826,1,0.931494,0.185937,0.685417,1.115
1791183217542803223,ncnn,9.7928,477.119,0.034018,0.006222,487.988,1,0.930072,0.185937,0.685417,1.117
1791183218210006836,ncnn,9.36232,467.801,0.048684,0.007074,478.272,1,0.932336,0.185937,0.685417,1.095
1791183219010664307,ncnn,14.0085,489.889,0.03613,0.006981,506.207,1,0.93247,0.185937,0.685417,1.103
1791183219344263916,ncnn,9.57145,482.385,0.033592,0.005463,493.017,1,0.931064,0.185937,0.685417,1.115
1791183219878010254,ncnn,10.8671,479.239,0.034166,0.005685,491.155,1,0.930902,0.185937,0.685417,1.089
1791183219944723389,ncnn,9.54571,501.286,0.034871,0.006592,511.831,1,0.932615,0.185937,0.685417,1.103
1791183221412469727,ncnn,10.0869,481.915,0.035037,0.005778,492.98,1,0.933677,0.184375,0.685417,1.095
1791183221479189209,ncnn,9.74934,470.148,0.037815,0.010333,481.06,1,0.9312,0.185937,0.685417,1.101
1791183221545908691,ncnn,15.5784,478.05,0.033481,0.007093,495.07,1,0.93359,0.184375,0.685417,1.109
1791183221746066650,ncnn,12.7541,501.722,0.068481,0.020352,516.045,1,0.933351,0.185937,0.685417,1.103
1791183222946874756,ncnn,13.9516,500.945,0.120555,0.006407,516.2,1,0.842871,0.195312,0.689583,1.101
1791183223280459229,ncnn,14.9142,488.894,0.034167,0.005019,506.343,1,0.908835,0.185937,0.685417,1.101
1791183223413892822,ncnn,9.65425,485.018,0.041278,0.00776,495.92,1,0.91596,0.185937,0.683333,1.089
1791183223880891113,ncnn,13.4014,487.978,0.03526,0.005222,502.455,1,0.912948,0.185937,0.685417,1.103
1791183225081645508,ncnn,10.6213,512.526,0.033833,0.008556,524.152,1,0.759446,0.198437,0.6875,1.099
1791183226015639648,ncnn,9.8373,514.563,0.034426,0.006389,525.394,1,0.915644,0.184375,0.685417,1.095
1791183226215772461,ncnn,14.2318,492.814,0.03637,0.007314,508.135,1,0.916225,0.184375,0.685417,1.105
1791183226349194336,ncnn,17.4608,491.955,0.033926,0.018926,510.674,1,0.919119,0.185937,0.685417,1.099
1791183226415905273,ncnn,10.8251,489.197,0.070925,0.006481,501.354,1,0.917475,0.182812,0.683333,1.115
1791183227616683838,ncnn,12.7791,469.053,0.033611,0.019111,483.122,1,0.907559,0.185937,0.685417,1.099
1791183228617377930,ncnn,10.8666,517.482,0.033852,0.007685,529.434,1,0.917838,0.185937,0.683333,1.095
1791183229217799072,ncnn,9.61912,495.84,0.034111,0.007074,506.387,1,0.923805,0.182812,0.683333,1.097
1791183229751506836,ncnn,10.9739,491.915,0.034111,0.007241,503.793,1,0.920662,0.182812,0.683333,1.127
1791183229818219482,ncnn,16.5262,504.591,0.033871,0.007611,522.059,1,0.92,0.184375,0.683333,1.101
1791183230485342285,ncnn,10.6578,531.173,0.034148,0.007462,542.823,1,0.930901,0.184375,0.683333,1.097
1791183230752190674,ncnn,16.9905,517.207,0.061981,0.019333,537.367,1,0.928732,0.184375,0.683333,1.087
1791183231953041504,ncnn,10.6448,485.316,0.034333,0.005629,497.012,1,0.930434,0.184375,0.683333,1.095
1791183232086467041,ncnn,10.4368,487.479,0.034796,0.007685,498.867,1,0.929994,0.184375,0.683333,1.099
1791183232219892334,ncnn,14.4681,486.209,0.034037,0.005759,501.858,1,0.928331,0.184375,0.685417,1.095
1791183232953731201,ncnn,16.3875,495.624,0.034148,0.006963,513.042,1,0.918705,0.184375,0.683333,1.105
1791183233820992432,ncnn,9.6959,481.853,0.03387,0.007482,492.537,1,0.920486,0.184375,0.683333,1.113
1791183234021140869,ncnn,12.4786,478.992,0.033703,0.005722,492.397,1,0.932268,0.182812,0.683333,1.105
1791183234421440918,ncnn,9.79214,477.666,0.036148,0.006648,488.598,1,0.92626,0.184375,0.683333,1.095
1791183235088627686,ncnn,12.9662,492.3,0.033648,0.007222,506.629,1,0.930198,0.184375,0.683333,1.107
1791183235822554443,ncnn,12.3664,511.387,0.033556,0.005444,524.765,1,0.744177,0.198437,0.691667,1.089
1791183236289582275,ncnn,10.4517,513.851,0.0335,0.005926,525.336,1,0.8929,0.184375,0.6875,1.091
1791183237090188721,ncnn,9.72665,485.826,0.0365,0.006463,496.653,1,0.896291,0.184375,0.685417,1.083
1791183237690627686,ncnn,10.7801,497.805,0.066,0.006019,509.808,1,0.922416,0.184375,0.683333,1.121
1791183237890778809,ncnn,11.8959,500.955,0.034703,0.007259,514.287,1,0.920235,0.185937,0.683333,1.113
1791183238357803467,ncnn,19.1345,533.799,0.117518,0.007204,554.224,1,0.920897,0.185937,0.683333,1.115
1791183238891538574,ncnn,14.503,510.324,0.035833,0.006241,526.005,1,0.918909,0.184375,0.683333,1.101
1791183239291820557,ncnn,10.1549,486.268,0.033833,0.007685,497.46,1,0.920001,0.185937,0.683333,1.091
1791183239491961670,ncnn,9.4564,492.462,0.034944,0.005352,502.936,1,0.919954,0.185937,0.683333,1.093
1791183240692885986,ncnn,14.37,475.385,0.034184,0.007463,491.069,1,0.912275,0.182812,0.683333,1.101
1791183240826323730,ncnn,10.3483,487.215,0.051851,0.011963,498.752,1,0.916333,0.182812,0.683333,1.099
1791183241893802734,ncnn,9.6756,523.132,0.038944,0.017871,534.155,1,0.932636,0.185937,0.683333,1.109
1791183242494208496,ncnn,10.8004,494.658,0.033834,0.006185,506.356,1,0.931996,0.184375,0.685417,1.076
1791183242560919922,ncnn,19.5471,494.996,0.036204,0.007278,515.82,1,0.933278,0.185937,0.685417,1.089
1791183243561635254,ncnn,10.9142,500.98,0.060555,0.008944,513.156,1,0.932666,0.184375,0.683333,1.089
1791183243628350098,ncnn,13.9105,504.03,0.034814,0.007592,519.338,1,0.932431,0.184375,0.685417,1.087
1791183243895210205,ncnn,19.3278,482.2,0.046481,0.007889,502.736,1,0.932532,0.185937,0.683333,1.107
1791183245162816406,ncnn,9.83202,494.764,0.033759,0.007093,505.744,1,0.931297,0.184375,0.685417,1.111
1791183245763287109,ncnn,11.0918,493.762,0.033648,0.007148,505.807,1,0.933272,0.185937,0.685417,1.105
1791183246296989746,ncnn,9.73345,511.244,0.034055,0.007055,522.016,1,0.933324,0.184375,0.685417,1.121
1791183246430415039,ncnn,15.1114,501.375,0.068407,0.007815,517.691,1,0.932522,0.184375,0.685417,1.093
1791183246897414307,ncnn,11.997,477.594,0.0345,0.008092,490.682,1,0.933188,0.185937,0.685417,1.095
1791183247030851074,ncnn,12.5482,487.293,0.035667,0.006981,501.018,1,0.933433,0.184375,0.685417,1.109
1791183248431863281,ncnn,9.36614,495.246,0.036185,0.006167,505.664,1,0.937436,0.185937,0.685417,1.127
1791183248698705322,ncnn,13.5556,492.463,0.0345,0.007444,507.642,1,0.93544,0.185937,0.685417,1.115
1791183249098997070,ncnn,9.6896,504.411,0.033574,0.007333,515.186,1,0.933578,0.185937,0.685417,1.091
1791183249232429443,ncnn,11.698,466.578,0.033814,0.005889,479.352,1,0.937864,0.184375,0.685417,1.103
1791183250500096191,ncnn,9.5389,493.403,0.034574,0.007593,503.966,1,0.935218,0.185937,0.685417,1.117
1791183251033831055,ncnn,9.31484,479.841,0.034462,0.005963,490.166,1,0.937538,0.185937,0.685417,1.091
1791183251233966797,ncnn,10.1712,516.238,0.034259,0.007222,527.416,1,0.936938,0.185937,0.685417,1.099
1791183251367390381,ncnn,10.253,523.369,0.035333,0.006593,534.905,1,0.934881,0.184375,0.685417,1.105
1791183252634997559,ncnn,10.0938,518.412,0.034074,0.00763,529.467,1,0.934605,0.184375,0.685417,1.109
1791183253035319336,ncnn,10.3829,494.894,0.034018,0.008945,506.605,1,0.935975,0.184375,0.685417,1.101
1791183253235482910,ncnn,15.5329,506.223,0.034981,0.007333,523.036,1,0.937037,0.185937,0.685417,1.101
1791183253635810791,ncnn,17.4445,484.919,0.03413,0.006704,503.303,1,0.936866,0.185937,0.685417,1.107
1791183254303061279,ncnn,12.445,502.903,0.034241,0.007315,516.592,1,0.937499,0.184375,0.685417,1.115
1791183254836877441,ncnn,13.9614,494.223,0.043685,0.011444,509.578,1,0.93609,0.184375,0.685417,1.099
1791183255370685791,ncnn,14.7156,501.112,0.035907,0.006,517.719,1,0.93766,0.185937,0.685417,1.093
1791183255704320068,ncnn,13.4468,503.972,0.033944,0.008278,518.396,1,0.936003,0.185937,0.685417,1.117
1791183256104615234,ncnn,9.63106,512.209,0.033944,0.006297,522.698,1,0.935549,0.185937,0.685417,1.109
1791183257372313721,ncnn,9.61401,493.402,0.033703,0.005148,503.946,1,0.934866,0.185937,0.685417,1.105
1791183257439044189,ncnn,16.8487,493.394,0.035241,0.007018,511.543,1,0.933821,0.185937,0.685417,1.117
1791183257572505127,ncnn,9.56903,491.293,0.061407,0.017982,502.241,1,0.935541,0.185937,0.685417,1.08
1791183258106595459,ncnn,12.6365,517.129,0.034667,0.007241,530.896,1,0.937235,0.184375,0.685417,1.095
1791183259308568848,ncnn,13.9471,512.109,0.035037,0,527.169,0,0,0,0,0
1791183259375306885,ncnn,12.7892,490.358,0.032981,0,504.147,0,0,0,0,0
1791183260442714600,ncnn,15.7959,503.642,0.07811,0.006389,520.681,1,0.935931,0.184375,0.685417,1.099
1791183260642787598,ncnn,9.82073,488.578,0.035148,0.007704,499.448,1,0.934803,0.184375,0.685417,1.109
1791183261042946777,ncnn,13.6751,483.059,0.035759,0.00587,497.814,1,0.9354,0.185937,0.685417,1.117
1791183261509802002,ncnn,11.1249,520.594,0.03487,0.005611,532.818,1,0.934499,0.185937,0.685417,1.083
1791183262176598389,ncnn,15.5923,543.386,0.034018,0.007204,560.006,1,0.908273,0.184375,0.685417,1.085
1791183262709854004,ncnn,11.9624,501.204,0.068314,0.013593,514.925,1,0.9072,0.19375,0.6875,0.661
1791183263310309814,ncnn,12.8229,503.452,0.035759,0.009351,517.362,1,0.893887,0.192188,0.6875,0.652
1791183264177775879,ncnn,10.7818,474.402,0.034463,0.009333,486.228,1,0.885357,0.192188,0.685417,1.095
1791183264644772217,ncnn,9.46547,491.4,0.033796,0.006055,501.958,1,0.910227,0.1875,0.6875,1.08
1791183264711485352,ncnn,12.9415,498.612,0.046481,0.007593,512.656,1,0.909796,0.1875,0.6875,1.074
1791183265178482422,ncnn,10.8212,498.004,0.036722,0.006592,509.793,1,0.921358,0.184375,0.685417,1.101
1791183266246013428,ncnn,10.2269,475.683,0.034722,0.006055,486.954,1,0.918827,0.184375,0.685417,1.099
1791183266312746582,ncnn,10.0681,508.52,0.033796,0.006481,519.484,1,0.918354,0.185937,0.685417,1.105
1791183267246716064,ncnn,10.7963,485.445,0.064796,0.006945,497.386,1,0.915996,0.184375,0.685417,1.107
1791183267313398438,ncnn,12.9269,541.943,0.045833,0.018241,556.554,1,0.917549,0.184375,0.685417,1.095
1791183267980306885,ncnn,9.78419,508.527,0.033555,0.007315,519.373,1,0.915071,0.184375,0.685417,1.105
1791183268380712402,ncnn,12.334,529.08,0.03387,0.007111,543.052,1,0.916692,0.184375,0.685417,1.095
1791183268981250977,ncnn,10.1411,510.928,0.033499,0.017907,522.26,1,0.919261,0.184375,0.685417,1.099
1791183269381440674,ncnn,10.6062,473.198,0.033889,0.007444,485.271,1,0.918253,0.184375,0.685417,1.097
1791183269915021484,ncnn,12.2124,508.623,0.037963,0.007982,521.775,1,0.919703,0.184375,0.685417,1.089
1791183269981725098,ncnn,9.59826,503.679,0.034259,0.006907,514.315,1,0.920147,0.184375,0.6875,1.113
1791183271315668701,ncnn,11.4547,485.184,0.047259,0.007499,497.97,1,0.926761,0.185937,0.685417,1.093
1791183271982566162,ncnn,10.6311,485.648,0.0345,0.005999,497.47,1,0.937038,0.185937,0.685417,1.099
1791183272516123291,ncnn,10.4915,481.258,0.034629,0.006315,492.781,1,0.935718,0.184375,0.685417,1.083
1791183272716200439,ncnn,10.5682,463.893,0.036278,0.007278,475.408,1,0.930064,0.185937,0.6875,1.107
1791183272916297363,ncnn,20.1087,490.501,0.033704,0.005444,511.58,1,0.930507,0.185937,0.6875,1.103
1791183273516730469,ncnn,9.54826,506.127,0.034222,0.004834,516.668,1,0.91773,0.1875,0.6875,nan
1791183274183915527,ncnn,11.1498,523.814,0.033944,0.007388,536.178,1,0.900816,0.185937,0.685417,1.085
1791183275118106445,ncnn,9.77388,507.651,0.034204,0.006204,518.565,1,0.920813,0.1875,0.683333,1.103
1791183275718783203,ncnn,10.2488,481.482,0.034092,0.007704,492.762,1,0.926455,0.1875,0.683333,1.095
1791183275785527588,ncnn,10.7806,493.143,0.034259,0.007333,504.974,1,0.925224,0.1875,0.683333,1.111
1791183275852272217,ncnn,13.9426,491.417,0.034926,0.009223,506.718,1,0.925003,0.1875,0.683333,1.111
1791183277253067871,ncnn,9.54898,517.419,0.033999,0.010259,528.125,1,0.918168,0.1875,0.683333,1.109
1791183277386514404,ncnn,10.3973,501.788,0.048352,0.008241,513.809,1,0.923334,0.185937,0.683333,1.111
1791183277986951416,ncnn,13.0936,489.831,0.034629,0.007055,503.975,1,0.929036,0.1875,0.685417,1.095
1791183278453828613,ncnn,14.333,499.297,0.034908,0.007296,514.622,1,0.92774,0.1875,0.685417,1.095
1791183278653914551,ncnn,9.71861,472.039,0.034463,0.007,482.741,1,0.926855,0.1875,0.685417,1.101
1791183278987465332,ncnn,20.4565,491.477,0.03424,0.00787,513.013,1,0.92488,0.1875,0.685417,1.105
1791183280321951660,ncnn,10.2416,503.591,0.041574,0.008056,514.866,1,0.924489,0.1875,0.683333,1.107
1791183280655555176,ncnn,11.0348,503.977,0.034999,0.008297,516.324,1,0.926229,0.1875,0.685417,1.107
1791183280788997070,ncnn,14.1211,501.379,0.034204,0.008463,516.871,1,0.925527,0.1875,0.685417,1.095
1791183281055865234,ncnn,12.7365,493.345,0.034963,0.006222,507.284,1,0.924297,0.1875,0.685417,1.103
1791183281989891846,ncnn,11.458,510.784,0.033796,0.006889,523.474,1,0.927174,0.1875,0.683333,1.105
1791183282990639404,ncnn,10.8298,522.234,0.063481,0.011926,534.365,1,0.925966,0.1875,0.685417,1.099
1791183283057343262,ncnn,10.0835,509.262,0.035221,0.008315,520.548,1,0.92457,0.1875,0.685417,1.109
1791183283724377441,ncnn,14.7956,482.539,0.033129,0,498.42,0,0,0,0,0
1791183283924506592,ncnn,9.78733,514.361,0.032056,0,525.148,0,0,0,0,0
1791183284324848877,ncnn,10.347,498.636,0.030703,0,510.098,0,0,0,0,0
1791183285125492188,ncnn,10.5019,483.629,0.033759,0.006018,495.166,1,0.757516,0.198437,0.6875,1.113
1791183285192204102,ncnn,19.6051,536.091,0.035444,0.007166,556.822,1,0.78123,0.196875,0.6875,1.093
1791183286526441162,ncnn,9.40431,478.891,0.034741,0.006537,489.245,1,0.814337,0.19375,0.6875,1.111
1791183286726575684,ncnn,9.56583,474.7,0.044426,0.014815,485.389,1,0.876493,0.190625,0.685417,1.099
1791183287060129150,ncnn,11.7749,492.494,0.035481,0.008333,505.672,1,0.54379,0.2,0.689583,1.078
1791183287126838135,ncnn,10.0204,509.485,0.033833,0.005093,520.483,1,0.56596,0.20625,0.6875,1.087
1791183288260932129,ncnn,10.4238,540.68,0.034296,0,551.986,0,0,0,0,0
1791183288928096924,ncnn,19.1127,527.075,0.032945,0,547.627,0,0,0,0,0
1791183289328383057,ncnn,13.7911,468.209,0.033129,0,483.123,0,0,0,0,0
1791183289595239746,ncnn,12.5549,486.281,0.050407,0,500.327,0,0,0,0,0
1791183290862691406,ncnn,10.3315,478.942,0.032241,0,490.327,0,0,0,0,0
1791183291262995850,ncnn,11.232,485.902,0.034481,0.005907,498.505,1,0.502069,0.207813,0.685417,1.111
1791183291463149902,ncnn,14.5177,490.474,0.035556,0.005963,505.984,1,0.636042,0.20625,0.6875,1.095
1791183292397146973,ncnn,9.66863,541.665,0.035055,0.006296,552.316,1,0.926953,0.1875,0.685417,1.107
1791183292530567627,ncnn,11.2903,509.513,0.034463,0.007574,521.839,1,0.926692,0.1875,0.683333,1.101
1791183292797408203,ncnn,12.5211,490.516,0.043815,0.008241,504.555,1,0.926281,0.1875,0.683333,1.091
1791183293598020508,ncnn,12.2806,488.484,0.035908,0.010926,502.398,1,0.921398,0.1875,0.685417,1.093
1791183294065038818,ncnn,9.73846,509.172,0.055796,0.021222,520.312,1,0.927666,0.1875,0.683333,1.097
1791183294865601563,ncnn,10.8122,503.316,0.036463,0.008055,515.115,1,0.927048,0.1875,0.683333,1.095
1791183295132452881,ncnn,10.099,520.723,0.042241,0.007611,532.322,1,0.928007,0.1875,0.683333,1.103
1791183295599443604,ncnn,13.167,561.496,0.037814,0.011592,576.144,1,0.933797,0.1875,0.685417,1.105
1791183296333326416,ncnn,11.8672,525.729,0.068629,0.006796,538.702,1,0.931683,0.1875,0.685417,1.117
1791183296800362305,ncnn,14.0627,533.778,0.035407,0.00687,548.88,1,0.929153,0.1875,0.685417,1.113
1791183297267388184,ncnn,9.95414,541.141,0.034537,0.007334,552.217,1,0.933192,0.1875,0.685417,1.111
1791183297934570557,ncnn,13.4325,560.524,0.034667,0.006314,575.513,1,0.931495,0.1875,0.685417,1.107
1791183298801872803,ncnn,11.2923,515.333,0.034259,0.006999,527.613,1,0.926286,0.1875,0.685417,1.095
1791183298935302979,ncnn,10.1047,555.961,0.034148,0.007388,567.151,1,0.928346,0.1875,0.685417,1.099
1791183299535734375,ncnn,15.2165,489.693,0.035519,0.006333,506.106,1,0.928899,0.1875,0.685417,1.115
1791183300136167725,ncnn,19.2405,521.791,0.056129,0.026333,542.907,1,0.929691,0.1875,0.685417,1.089
1791183300603175781,ncnn,16.8129,514.702,0.048333,0.016556,532.775,1,0.932084,0.1875,0.685417,1.087
1791183301470417480,ncnn,14.3258,534.005,0.034926,0.006722,549.454,1,0.928516,0.1875,0.685417,1.095
1791183301803958008,ncnn,11.5296,514.074,0.036833,0.01613,526.934,1,0.928087,0.1875,0.685417,1.099
1791183302004095947,ncnn,10.1387,540.499,0.036426,0.006388,551.617,1,0.929189,0.1875,0.683333,1.109
1791183302737962646,ncnn,19.8831,506.081,0.035592,0.005981,527.19,1,0.929704,0.1875,0.685417,1.113
1791183303338446777,ncnn,19.322,537.29,0.062537,0.007092,558.07,1,0.93018,0.1875,0.685417,1.115
1791183303805505127,ncnn,14.2253,536.693,0.065981,0.005963,552.117,1,0.931965,0.1875,0.685417,1.093
1791183304606111816,ncnn,10.0211,513.122,0.036666,0.015055,524.331,1,0.928075,0.1875,0.685417,1.119
1791183305473418945,ncnn,10.1953,530.471,0.034463,0.006111,541.683,1,0.927939,0.1875,0.685417,1.105
1791183305540134521,ncnn,10.971,513.168,0.034648,0.007796,525.825,1,0.930578,0.1875,0.685417,1.101
1791183306073868408,ncnn,10.7471,543.814,0.035018,0.007389,555.605,1,0.931235,0.1875,0.685417,1.113
1791183306741053467,ncnn,18.2315,525.684,0.068277,0,545.216,0,0,0,0,0
1791183307341515137,ncnn,11.4353,520.146,0.043833,0,532.822,0,0,0,0,0
1791183307608386230,ncnn,11.68,521.531,0.033315,0,534.465,0,0,0,0,0
1791183308409005859,ncnn,13.2422,482.027,0.032945,0,496.597,0,0,0,0,0
1791183308609162354,ncnn,12.2557,503.707,0.035685,0,517.319,0,0,0,0,0
1791183309142891113,ncnn,9.88405,535.304,0.032685,0,546.195,0,0,0,0,0
1791183309943471924,ncnn,18.3752,536.004,0.032574,0,555.464,0,0,0,0,0
1791183310343796387,ncnn,9.93172,522.971,0.034037,0.007074,534.118,1,0.923471,0.1875,0.685417,1.097
1791183310477238281,ncnn,14.1692,530.125,0.036389,0.007426,545.606,1,0.925448,0.1875,0.683333,1.091
1791183311411360107,ncnn,11.6118,553.92,0.042981,0.007092,566.805,1,0.922807,0.189063,0.685417,1.099
1791183312078543457,ncnn,12.103,536.674,0.03413,0.006778,550.036,1,0.921422,0.1875,0.685417,1.082
1791183312678895508,ncnn,11.0079,519.008,0.034611,0.006704,531.806,1,0.92288,0.1875,0.685417,1.087
1791183312745600830,ncnn,10.0286,535.178,0.035018,0.007797,546.206,1,0.922687,0.1875,0.685417,1.095
1791183313079155029,ncnn,10.6235,514.218,0.034278,0.007741,526.024,1,0.922923,0.1875,0.685417,1.109
1791183313879730713,ncnn,10.9201,510.521,0.11537,0.007963,522.481,1,0.924981,0.1875,0.685417,1.093
1791183315147235107,ncnn,11.0742,534.021,0.034352,0.008037,546.325,1,0.929795,0.1875,0.685417,1.089
1791183315280675781,ncnn,12.0038,545.898,0.034055,0.007149,558.916,1,0.929159,0.1875,0.685417,1.109
1791183316414852783,ncnn,10.0402,523.667,0.037833,0.008111,534.963,1,0.928855,0.1875,0.685417,1.117
1791183316481563965,ncnn,10.2608,519.023,0.034074,0.007759,530.292,1,0.931324,0.1875,0.685417,1.103
1791183316815118408,ncnn,10.7507,521.089,0.034277,0.007815,532.912,1,0.932236,0.1875,0.685417,1.111
1791183317549001709,ncnn,11.0039,516.036,0.042555,0.007889,528.546,1,0.929191,0.1875,0.685417,1.105
1791183318082732910,ncnn,12.1117,567.304,0.035092,0.007537,581.253,1,0.931556,0.1875,0.685417,1.111
1791183318549738525,ncnn,10.257,539.103,0.060944,0.007111,550.565,1,0.929909,0.1875,0.685417,1.113
1791183318616453369,ncnn,9.82053,516.047,0.034241,0.006334,527.08,1,0.929363,0.1875,0.685417,1.097
1791183320017588867,ncnn,10.472,571.564,0.034722,0.008685,583.203,1,0.932123,0.1875,0.685417,1.105
1791183320484793213,ncnn,12.731,511.558,0.033962,0.006555,525.623,1,0.930064,0.1875,0.685417,1.095
1791183320818519043,ncnn,15.1293,501.022,0.03787,0.007796,517.731,1,0.931325,0.1875,0.685417,1.109
1791183321886119629,ncnn,10.1418,552.081,0.035222,0.007629,563.291,1,0.931473,0.1875,0.685417,1.109
1791183322086238770,ncnn,18.8563,529.433,0.034518,0.010444,549.974,1,0.931713,0.1875,0.685417,1.117
1791183322486473877,ncnn,11.0918,515.904,0.053537,0.007722,528.073,1,0.928121,0.1875,0.685417,1.109
1791183323620319092,ncnn,10.451,500.829,0.058092,0.017148,512.985,1,0.927295,0.1875,0.685417,1.095
1791183323687010254,ncnn,11.7733,540.127,0.034611,0.007426,552.946,1,0.929073,0.1875,0.685417,1.101
1791183324487473633,ncnn,11.1404,537.906,0.034259,0.006759,550.043,1,0.926083,0.1875,0.685417,1.101
1791183324954437744,ncnn,13.7931,506.685,0.035648,0.0075,521.495,1,0.92903,0.1875,0.685417,1.093
1791183325287988770,ncnn,10.0324,533.293,0.033573,0.006666,544.377,1,0.926923,0.1875,0.685417,1.093
1791183326355380371,ncnn,9.75174,533.079,0.050129,0.006019,543.917,1,0.926425,0.1875,0.685417,1.131
1791183326955820313,ncnn,10.37,510.029,0.036722,0.007334,521.341,1,0.929211,0.1875,0.685417,1.097
1791183327022531494,ncnn,14.9466,495.845,0.03474,0.008722,511.849,1,0.928766,0.1875,0.685417,1.115
1791183328023200195,ncnn,11.322,514.192,0.041167,0.006778,526.608,1,0.929856,0.1875,0.685417,1.107
1791183328089912354,ncnn,11.6908,542.58,0.034499,0.007259,555.368,1,0.930222,0.1875,0.685417,1.093
1791183328623605957,ncnn,10.3118,545.461,0.034037,0.009574,556.832,1,0.927279,0.1875,0.685417,1.107
1791183328690317139,ncnn,13.1378,523.03,0.044407,0.008612,539.302,1,0.930046,0.1875,0.685417,1.097
1791183330224697021,ncnn,9.91405,514.406,0.034592,0.006055,525.337,1,0.927631,0.1875,0.685417,1.101
1791183330491545654,ncnn,14.0167,508.85,0.034963,0.007629,524.256,1,0.928941,0.1875,0.685417,1.111
1791183331158677979,ncnn,10.7014,491.248,0.034648,0.00663,503.192,1,0.926185,0.1875,0.685417,1.093
1791183331492258057,ncnn,18.7017,548.95,0.034833,0.00637,569.148,1,0.928885,0.1875,0.685417,1.097
1791183331892557373,ncnn,11.2975,529.732,0.034907,0.00737,541.981,1,0.930264,0.1875,0.685417,1.109
1791183332492989990,ncnn,10.6709,532.192,0.034722,0.007537,543.936,1,0.927987,0.1875,0.685417,1.103
1791183332893278564,ncnn,18.9467,559.175,0.033685,0.007093,579.236,1,0.926747,0.1875,0.685417,1.109
1791183333693855225,ncnn,11.8517,558.643,0.063944,0.007296,571.755,1,0.923186,0.1875,0.685417,1.099
1791183333894000000,ncnn,14.3993,531.089,0.04087,0,546.722,0,0,0,0,0
1791183334894708984,ncnn,10.228,540.882,0.034759,0.005834,552.457,1,0.885426,0.198437,0.685417,1.101
1791183335228284180,ncnn,19.3502,524.398,0.104628,0,545.534,0,0,0,0,0
1791183336229024658,ncnn,15.1967,532.96,0.04574,0,549.465,0,0,0,0,0
1791183336896203857,ncnn,10.0826,493.282,0.032611,0,504.425,0,0,0,0,0
1791183336962919922,ncnn,17.9641,539.97,0.032815,0,559.449,0,0,0,0,0
1791183337763515381,ncnn,10.7812,520.08,0.033277,0,531.952,0,0,0,0,0
1791183338564109619,ncnn,10.1794,500.606,0.045963,0,511.946,0,0,0,0,0
1791183338764258545,ncnn,14.1768,510.394,0.073444,0,526.164,0,0,0,0,0
1791183339164556152,ncnn,12.8591,512.052,0.043703,0,527.283,0,0,0,0,0
1791183339765003906,ncnn,11.3932,508.314,0.034203,0,520.77,0,0,0,0,0
1791183340298738281,ncnn,11.6688,535.653,0.03237,0,548.6,0,0,0,0,0
1791183340432172119,ncnn,11.161,515.2,0.032741,0,527.888,0,0,0,0,0
1791183341633060059,ncnn,13.1121,536.231,0.033296,0,550.643,0,0,0,0,0
1791183341899922607,ncnn,9.73206,496.567,0.037926,0,507.544,0,0,0,0,0
1791183342233515625,ncnn,10.2537,493.124,0.037666,0,504.826,0,0,0,0,0
1791183342900703857,ncnn,11.8858,519.52,0.051222,0,532.743,0,0,0,0,0
1791183343034138184,ncnn,13.0921,521.517,0.032741,0,535.567,0,0,0,0,0
1791183344301760254,ncnn,14.055,518.119,0.032926,0,533.233,0,0,0,0,0
1791183344368476807,ncnn,15.2268,520.679,0.033445,0,537.219,0,0,0,0,0
1791183345102346191,ncnn,12.7523,519.787,0.055592,0,534.203,0,0,0,0,0
1791183345569332520,ncnn,9.98776,507.811,0.032796,0,518.775,0,0,0,0,0
1791183345902893066,ncnn,14.054,532.065,0.032741,0,547.211,0,0,0,0,0
1791183346570081543,ncnn,10.3904,536.392,0.033111,0,547.837,0,0,0,0,0
1791183347237238770,ncnn,18.9195,544.698,0.036129,0,564.906,0,0,0,0,0
1791183348104506104,ncnn,11.0611,565.855,0.032741,0,578.164,0,0,0,0,0
1791183348704945557,ncnn,14.0083,533.112,0.032481,0,548.347,0,0,0,0,0
1791183348971812012,ncnn,10.3405,555.095,0.051148,0,566.795,0,0,0,0,0
1791183349038531494,ncnn,12.6388,533.247,0.036648,0,547.116,0,0,0,0,0
1791183350573036377,ncnn,10.2202,513.622,0.032759,0,524.836,0,0,0,0,0
1791183350639750977,ncnn,13.5309,518.619,0.032796,0,533.301,0,0,0,0,0
1791183351707142822,ncnn,9.99252,523.138,0.033204,0,534.219,0,0,0,0,0
1791183352307571045,ncnn,10.9806,500.636,0.043055,0,513.34,0,0,0,0,0
1791183352374287109,ncnn,13.04,523.814,0.033092,0,538.779,0,0,0,0,0
1791183352641151611,ncnn,13.9671,529.173,0.033037,0,544.402,0,0,0,0,0
1791183353508473877,ncnn,11.1467,503.742,0.032703,0,515.935,0,0,0,0,0
1791183353775344238,ncnn,14.2377,489.609,0.034704,0,504.93,0,0,0,0,0
1791183355042932373,ncnn,11.3155,494.179,0.032833,0,506.669,0,0,0,0,0
1791183355109649902,ncnn,16.6651,502.078,0.069722,0,520.004,0,0,0,0,0
1791183356110409668,ncnn,10.1623,498.615,0.035129,0,509.95,0,0,0,0,0
1791183356177125977,ncnn,15.8207,504.616,0.033685,0,522.074,0,0,0,0,0
1791183357111141846,ncnn,17.8367,517.422,0.094129,0,536.807,0,0,0,0,0
1791183357177853760,ncnn,15.3127,511.535,0.060907,0,528.537,0,0,0,0,0
1791183357311277588,ncnn,15.6496,505.099,0.0335,0,522.171,0,0,0,0,0
1791183357844970703,ncnn,11.4157,507.541,0.033277,0,520.465,0,0,0,0,0
1791183358979190674,ncnn,17.596,487.908,0.035944,0.047574,506.983,1,0.371122,-0.94375,-0.620833,0.447
1791183359779843506,ncnn,10.5561,570.843,0.034296,0.016223,582.589,1,0.91636,0.1875,0.685417,1.109
1791183359846565430,ncnn,10.03,492.225,0.034592,0.007629,503.962,1,0.91955,0.1875,0.683333,1.099
1791183360313579834,ncnn,17.1958,532.654,0.034518,0.007518,551.219,1,0.927321,0.1875,0.685417,1.095
1791183361514384521,ncnn,10.2669,517.618,0.033925,0.006593,528.879,1,0.928718,0.1875,0.685417,1.113
1791183361714504395,ncnn,11.3326,539.518,0.034684,0.007148,552.409,1,0.925121,0.1875,0.685417,1.105
1791183362248239746,ncnn,9.82876,532.049,0.034555,0.006703,542.908,1,0.928785,0.1875,0.685417,1.099
1791183363182379395,ncnn,10.9005,500.005,0.036944,0.009055,511.904,1,0.929763,0.1875,0.685417,1.101
1791183363849542236,ncnn,10.7482,492.825,0.036462,0.006333,504.782,1,0.927762,0.1875,0.685417,1.099
1791183363982974854,ncnn,16.0291,507.404,0.035333,0.035129,525.138,1,0.927914,0.1875,0.683333,1.115
1791183364716871582,ncnn,13.1448,524.594,0.034629,0.006074,539.504,1,0.770171,0.2,0.6875,1.115
1791183364917025391,ncnn,14.0737,552.816,0.033073,0,568.066,0,0,0,0,0
1791183364983743164,ncnn,11.9164,526.732,0.033445,0,539.616,0,0,0,0,0
1791183366384812988,ncnn,16.1623,537.981,0.0325,0,555.667,0,0,0,0,0
1791183366785131592,ncnn,14.5992,512.737,0.034018,0,528.65,0,0,0,0,0
1791183367252083252,ncnn,14.8809,526.666,0.0335,0,542.812,0,0,0,0,0
1791183367652265625,ncnn,10.8064,544.055,0.038,0,556.675,0,0,0,0,0
1791183368385989258,ncnn,14.0192,539.121,0.068684,0,554.955,0,0,0,0,0
1791183368519403320,ncnn,10.476,505.776,0.032926,0,517.489,0,0,0,0,0
1791183369186545410,ncnn,14.4564,505.069,0.041833,0,520.76,0,0,0,0,0
1791183369920606201,ncnn,13.0016,491.124,0.033815,0,505.763,0,0,0,0,0
1791183370387611572,ncnn,17.8735,504.961,0.031778,0,523.774,0,0,0,0,0
1791183370454326416,ncnn,10.6529,532.357,0.032722,0,544.019,0,0,0,0,0
1791183371588545898,ncnn,17.9414,522.034,0.042814,0,541.278,0,0,0,0,0
1791183372522718994,ncnn,10.0039,505.937,0.043444,0,517.583,0,0,0,0,0
1791183372589448975,ncnn,11.9444,515.621,0.039278,0,529.195,0,0,0,0,0
1791183373056547119,ncnn,11.8585,512.254,0.040573,0,525.388,0,0,0,0,0
1791183373857138428,ncnn,14.5922,507.849,0.046222,0,523.965,0,0,0,0,0
1791183374190682373,ncnn,11.4682,540.477,0.033444,0,553.507,0,0,0,0,0
1791183374791011963,ncnn,11.4461,524.201,0.113499,0,536.683,0,0,0,0,0
1791183375524810059,ncnn,10.1439,529.64,0.035389,0.007463,541.096,1,0.932529,0.1875,0.683333,1.109
1791183375858366699,ncnn,18.214,539.744,0.034425,0.005926,559.028,1,0.923038,0.184375,0.727083,1.117
1791183376725661377,ncnn,9.99431,505.693,0.034537,0.005722,516.65,1,0.926534,0.1875,0.683333,1.109
1791183377059239502,ncnn,10.7626,493.888,0.068851,0.006093,505.641,1,0.931643,0.1875,0.685417,1.097
1791183377526211914,ncnn,18.0909,535.188,0.048796,0.017574,554.825,1,0.931741,0.1875,0.685417,1.097
1791183377926471680,ncnn,13.127,502.203,0.040833,0.01413,516.876,1,0.934214,0.1875,0.685417,1.119
1791183378993703125,ncnn,10.9587,528.657,0.03437,0,540.831,0,0,0,0,0
1791183379127130615,ncnn,11.1892,517.557,0.032907,0,530.162,0,0,0,0,0
1791183379861146729,ncnn,10.1041,555.478,0.043278,0,566.744,0,0,0,0,0
1791183380328176270,ncnn,15.7581,541.429,0.03287,0,558.331,0,0,0,0,0
1791183380728435547,ncnn,11.1161,551.198,0.033036,0,563.31,0,0,0,0,0
1791183381462234619,ncnn,9.76309,525.071,0.064296,0,536.067,0,0,0,0,0
1791183381729066895,ncnn,13.7609,556.492,0.035611,0,571.385,0,0,0,0,0
