frame,t_bag_s,image_stamp,nearest_detection_dt_ms,node_detected,depth_m,퍽이 보이나(O/X),비고
F001,0.16,1791437455.776,+33.4,1,0.444,O,
F002,0.36,1791437455.976,+166.8,1,0.484,O,
F003,0.54,1791437456.176,-33.4,1,0.484,O,
F004,0.75,1791437456.376,+33.4,1,0.513,O,
F005,0.95,1791437456.576,-66.7,1,0.543,O,
F006,1.13,1791437456.777,+33.4,1,0.593,O,
F007,1.33,1791437456.977,+66.7,1,0.603,O,
F008,1.56,1791437457.177,-33.4,1,0.626,O,
F009,1.74,1791437457.377,-33.4,1,0.665,O,
F010,1.93,1791437457.577,-66.7,1,0.686,O,
F011,2.13,1791437457.777,+33.4,1,0.664,O,
F012,2.38,1791437457.977,+33.4,1,0.637,O,
F013,2.55,1791437458.177,+0.0,1,0.622,O,
F014,2.75,1791437458.377,+0.0,1,0.587,O,
F015,2.94,1791437458.578,+0.0,1,0.559,O,
F016,3.19,1791437458.778,-166.8,1,0.553,O,
F017,3.34,1791437458.978,+66.7,1,0.530,O,
F018,3.55,1791437459.178,-66.7,1,0.526,O,
F019,3.75,1791437459.378,+0.0,1,0.509,O,
F020,3.94,1791437459.578,+66.7,1,0.498,O,
F021,4.14,1791437459.778,+100.1,1,0.500,O,
F022,4.36,1791437459.978,-66.7,1,0.503,O,
F023,4.56,1791437460.179,+33.4,1,0.470,O,
F024,4.73,1791437460.379,+33.4,1,0.415,O,
F025,4.95,1791437460.579,+33.4,1,0.361,O,
F026,5.14,1791437460.779,-33.4,1,0.339,O,
F027,5.33,1791437460.979,+100.1,1,0.342,O,
F028,5.53,1791437461.179,-33.4,1,0.348,O,
F029,5.76,1791437461.379,-100.1,1,0.364,O,
F030,5.94,1791437461.579,+0.0,1,0.408,O,
F031,6.14,1791437461.780,+0.0,0,0.000,O,
F032,6.33,1791437461.980,-66.7,1,0.448,O,
F033,6.54,1791437462.180,+66.7,0,0.000,O,
F034,6.73,1791437462.380,+33.4,1,0.461,O,
F035,6.95,1791437462.580,+0.0,1,0.457,O,
F036,7.14,1791437462.780,+0.0,1,0.457,O,
F037,7.35,1791437462.980,-33.4,1,0.459,O,
F038,7.54,1791437463.180,+100.1,1,0.496,O,
F039,7.73,1791437463.381,+100.1,1,0.526,O,
F040,7.95,1791437463.581,-33.4,1,0.530,O,
F041,8.14,1791437463.781,+66.7,1,0.536,O,
F042,8.34,1791437463.981,-33.4,1,0.518,O,
F043,8.56,1791437464.181,+0.0,1,0.471,O,
F044,8.75,1791437464.381,+66.7,1,0.399,O,
F045,8.96,1791437464.581,+100.1,1,0.356,O,
F046,9.14,1791437464.782,+0.0,1,0.348,O,
F047,9.33,1791437464.982,-33.4,1,0.342,O,
F048,9.54,1791437465.182,+66.7,1,0.325,O,
F049,9.75,1791437465.382,+33.4,1,0.325,O,
F050,9.95,1791437465.582,-133.4,1,0.325,O,
F051,10.15,1791437465.782,+66.7,1,0.365,O,
F052,10.36,1791437465.982,-100.1,1,0.370,O,
F053,10.55,1791437466.183,+33.4,1,0.384,O,
F054,10.77,1791437466.383,-33.4,1,0.382,O,
F055,10.96,1791437466.583,+133.5,1,0.378,O,
F056,11.14,1791437466.783,-66.7,1,0.378,O,
F057,11.35,1791437466.984,-100.1,1,0.381,O,
F058,11.57,1791437467.184,-66.7,1,0.383,O,
F059,11.74,1791437467.384,-33.4,1,0.393,O,
F060,12.00,1791437467.618,-100.1,1,0.397,O,
F061,12.18,1791437467.818,+66.7,1,0.384,O,
F062,12.37,1791437468.018,+66.7,1,0.368,O,
F063,12.59,1791437468.218,-133.4,1,0.368,O,
F064,12.77,1791437468.418,+0.0,1,0.360,O,
F065,13.00,1791437468.618,-33.4,1,0.370,O,
F066,13.19,1791437468.819,-33.4,1,0.378,O,
F067,13.39,1791437469.019,-66.7,1,0.387,O,
F068,13.57,1791437469.219,-100.1,1,0.398,O,
F069,13.78,1791437469.419,-66.7,1,0.411,O,
F070,13.99,1791437469.619,-100.1,1,0.421,O,
F071,14.19,1791437469.820,+0.0,0,0.000,X,
F072,14.38,1791437470.020,+66.7,0,0.000,X,
F073,14.60,1791437470.220,+33.3,0,0.000,X,
F074,14.79,1791437470.420,+33.3,0,0.000,X,
F075,14.97,1791437470.620,+33.3,0,0.000,X,
F076,15.21,1791437470.820,+66.7,1,0.395,O,"사람이 ""안 보임""으로 골랐으나 원본 확인 결과 퍽 일부 보임 → O"
F077,15.39,1791437471.020,-33.3,1,0.383,O,
F078,15.59,1791437471.220,-133.4,1,0.379,O,
F079,15.79,1791437471.420,-33.3,1,0.385,O,
F080,16.02,1791437471.620,+33.3,1,0.402,O,
F081,16.19,1791437471.820,+0.0,1,0.407,O,
F082,16.39,1791437472.021,-33.4,1,0.403,O,
F083,16.58,1791437472.221,-100.1,1,0.401,O,
F084,16.78,1791437472.421,+0.0,1,0.393,O,
F085,17.00,1791437472.621,+133.4,1,0.388,O,
F086,17.19,1791437472.821,-33.4,1,0.388,O,
F087,17.39,1791437473.021,-66.7,1,0.387,O,
F088,17.60,1791437473.221,+33.4,1,0.385,O,
F089,17.79,1791437473.421,-33.4,1,0.385,O,
F090,17.98,1791437473.621,-33.4,1,0.384,O,
F091,18.18,1791437473.822,-33.4,1,0.382,O,
F092,18.42,1791437474.022,+33.4,1,0.377,O,
F093,18.60,1791437474.222,+66.7,1,0.381,O,
F094,18.78,1791437474.422,+33.4,1,0.381,O,
F095,19.00,1791437474.622,-133.4,1,0.379,O,
F096,19.19,1791437474.822,+0.0,1,0.387,O,
F097,19.38,1791437475.022,+66.7,0,0.000,O,
F098,19.59,1791437475.223,-66.7,0,0.000,X,
F099,19.80,1791437475.423,+66.7,0,0.000,X,
F100,20.00,1791437475.623,-66.7,0,0.000,X,
F101,20.19,1791437475.823,+66.7,0,0.000,X,
F102,20.40,1791437476.023,-100.1,0,0.000,X,
F103,20.59,1791437476.223,+0.0,0,0.000,O,"사람이 ""안 보임""으로 골랐으나 원본 확인 결과 퍽 일부 보임 → O"
F104,20.79,1791437476.424,-66.7,1,0.390,O,
F105,20.97,1791437476.624,-66.7,1,0.370,O,
F106,21.20,1791437476.824,-133.4,1,0.351,X,
F107,21.39,1791437477.024,+33.4,0,0.000,X,
F108,21.58,1791437477.224,-133.5,0,0.000,X,
F109,21.78,1791437477.424,+0.0,0,0.000,X,
F110,21.99,1791437477.625,+0.0,0,0.000,X,
F111,22.19,1791437477.825,+33.4,0,0.000,X,
F112,22.40,1791437478.025,+0.0,0,0.000,X,
F113,22.60,1791437478.225,+0.0,0,0.000,X,
F114,22.80,1791437478.425,+100.1,1,0.344,O,
F115,22.99,1791437478.625,-33.4,1,0.350,O,
F116,23.19,1791437478.825,-133.4,1,0.357,O,
F117,23.39,1791437479.026,+233.5,1,0.366,O,
F118,23.58,1791437479.226,+33.4,1,0.366,O,
F119,23.81,1791437479.426,+33.4,1,0.353,O,
F120,24.00,1791437479.626,+66.7,1,0.370,O,
F121,24.20,1791437479.826,-66.7,1,0.375,O,
F122,24.39,1791437480.026,+100.0,1,0.389,O,
F123,24.58,1791437480.226,+66.7,1,0.398,O,
F124,24.79,1791437480.426,+33.3,1,0.410,O,
F125,25.00,1791437480.626,-33.3,1,0.410,O,
F126,25.19,1791437480.827,+33.3,1,0.405,O,
F127,25.40,1791437481.027,+0.0,1,0.401,O,
F128,25.60,1791437481.227,-100.1,1,0.401,O,
F129,25.82,1791437481.427,+100.1,1,0.393,O,
F130,25.99,1791437481.627,+33.4,1,0.389,O,
F131,26.21,1791437481.827,-133.5,1,0.388,O,
F132,26.39,1791437482.028,+0.0,1,0.385,O,
F133,26.60,1791437482.228,-166.8,1,0.384,O,
F134,26.78,1791437482.428,-33.4,1,0.383,O,
F135,26.98,1791437482.628,+66.7,1,0.399,O,
F136,27.20,1791437482.828,+66.7,1,0.400,O,
F137,27.42,1791437483.028,-133.4,1,0.400,O,
F138,27.60,1791437483.228,+0.0,1,0.411,O,
F139,27.81,1791437483.429,+0.0,1,0.462,O,
F140,28.00,1791437483.629,+33.4,1,0.703,O,
F141,28.21,1791437483.829,+33.4,1,0.936,O,
F142,28.41,1791437484.029,-166.8,1,0.936,X,
F143,28.60,1791437484.229,+66.7,0,0.000,X,
F144,28.79,1791437484.429,+0.0,0,0.000,O,"사람이 ""안 보임""으로 골랐으나 원본 확인 결과 퍽 일부 보임 → O"
F145,29.00,1791437484.629,-33.4,1,1.013,O,
F146,29.20,1791437484.830,+66.7,1,0.987,O,
F147,29.39,1791437485.030,+66.7,0,0.000,O,
F148,29.59,1791437485.230,-133.4,0,0.000,O,
F149,29.82,1791437485.430,-33.4,0,0.000,O,
F150,29.98,1791437485.630,-233.5,0,0.000,O,
