t,dt,loop_ms,v_ref,w_ref,wL_ref,wL,wR_ref,wR,yaw_cmd,yaw,pitch_cmd,pitch,imu_yaw,odom_v,odom_w,odom_yaw
1791430356.8523,0.0200,1.2951,0.0000,0.0000,0.0000,0.0000,0.0000,0.0000,-0.0015,-0.0015,-0.0031,-0.0031,-2.1515,0.0000,0.0000,-2.1515
1791430356.8725,0.0202,0.4165,0.0000,0.0000,0.0000,0.0000,0.0000,0.0000,-0.0015,-0.0015,-0.0031,-0.0031,-2.1516,0.0000,0.0000,-2.1516
1791430356.8923,0.0197,0.3085,0.0000,0.0000,0.0000,0.0000,0.0000,0.0000,-0.0015,-0.0015,-0.0031,-0.0031,-2.1516,0.0000,0.0000,-2.1516
1791430356.9123,0.0200,0.4371,0.0000,0.0000,0.0000,0.0000,0.0000,0.0000,-0.0015,-0.0015,-0.0031,-0.0046,-2.1516,0.0000,0.0000,-2.1516
1791430356.9325,0.0202,0.2554,0.0000,0.0000,0.0000,0.0000,0.0000,0.0000,-0.0015,-0.0015,-0.0031,-0.0046,-2.1515,0.0000,0.0000,-2.1515
1791430356.9522,0.0198,0.2906,0.0000,0.0000,0.0000,0.0000,0.0000,0.0000,-0.0015,-0.0015,-0.0031,-0.0046,-2.1516,0.0000,0.0000,-2.1516
1791430356.9723,0.0200,0.3979,0.0000,0.0000,0.0000,0.0000,0.0000,0.0000,-0.0015,-0.0015,-0.0031,-0.0031,-2.1516,0.0000,0.0000,-2.1516
1791430356.9923,0.0200,0.3769,0.0000,0.0000,0.0000,0.0000,0.0000,0.0000,-0.0015,-0.0015,-0.0031,-0.0046,-2.1515,0.0000,0.0000,-2.1515
1791430357.0123,0.0200,0.3322,0.0000,0.0000,0.0000,0.0000,0.0000,0.0000,-0.0015,-0.0015,-0.0031,-0.0031,-2.1516,0.0000,0.0000,-2.1516
1791430357.0324,0.0201,0.3501,0.0000,0.0000,0.0000,0.0000,0.0000,0.0000,-0.0015,-0.0015,-0.0031,-0.0031,-2.1516,0.0000,0.0000,-2.1516
1791430357.0523,0.0199,0.2719,0.0000,0.0000,0.0000,0.0000,0.0000,0.0000,-0.0015,-0.0015,-0.0031,-0.0031,-2.1515,0.0000,0.0000,-2.1515
1791430357.0723,0.0200,0.3209,0.0000,0.0000,0.0000,0.0000,0.0000,0.0000,-0.0015,-0.0015,-0.0031,-0.0031,-2.1515,0.0000,0.0000,-2.1515
1791430357.0922,0.0200,0.2948,0.0000,0.0000,0.0000,0.0000,0.0000,0.0000,-0.0015,-0.0015,-0.0031,-0.0046,-2.1515,0.0000,0.0000,-2.1515
1791430357.1123,0.0200,0.4605,0.0000,0.0000,0.0000,0.0000,0.0000,0.0000,-0.0015,-0.0015,-0.0031,-0.0031,-2.1515,0.0000,0.0000,-2.1515
1791430357.1324,0.0202,0.3369,0.0000,0.0000,0.0000,0.0000,0.0000,0.0000,-0.0015,-0.0015,-0.0031,-0.0031,-2.1515,0.0000,0.0000,-2.1515
1791430357.1523,0.0198,0.2631,0.0000,0.0000,0.0000,0.0000,0.0000,0.0000,-0.0015,-0.0015,-0.0031,-0.0031,-2.1515,0.0000,0.0000,-2.1515
1791430357.1722,0.0200,0.2675,0.0000,0.0000,0.0000,0.0000,0.0000,0.0000,-0.0015,-0.0015,-0.0031,-0.0031,-2.1515,0.0000,0.0000,-2.1515
1791430357.1923,0.0201,0.2697,0.0000,0.0000,0.0000,0.0000,0.0000,0.0000,-0.0015,-0.0015,-0.0031,-0.0031,-2.1515,0.0000,0.0000,-2.1515
1791430357.2123,0.0200,0.3764,0.0000,0.0000,0.0000,0.0000,0.0000,0.0000,-0.0015,-0.0015,-0.0031,-0.0031,-2.1515,0.0000,0.0000,-2.1515
1791430357.2324,0.0201,0.2935,0.0000,0.0000,0.0000,0.0000,0.0000,0.0000,-0.0015,-0.0015,-0.0031,-0.0046,-2.1515,0.0000,0.0000,-2.1515
1791430357.2523,0.0199,0.3551,0.0000,0.0000,0.0000,0.0000,0.0000,0.0000,-0.0015,-0.0015,-0.0031,-0.0031,-2.1515,0.0000,0.0000,-2.1515
1791430357.2723,0.0200,0.3898,0.0000,0.0000,0.0000,0.0000,0.0000,0.0000,-0.0015,-0.0015,-0.0031,-0.0046,-2.1515,0.0000,0.0000,-2.1515
1791430357.2922,0.0199,0.1844,0.0000,0.0000,0.0000,0.0000,0.0000,0.0000,-0.0015,-0.0015,-0.0031,-0.0031,-2.1515,0.0000,0.0000,-2.1515
1791430357.3122,0.0200,0.3119,0.0000,0.0000,0.0000,0.0000,0.0000,0.0000,-0.0015,-0.0015,-0.0031,-0.0046,-2.1515,0.0000,0.0000,-2.1515
1791430357.3323,0.0200,0.1307,0.0000,0.0000,0.0000,0.0000,0.0000,0.0000,-0.0015,-0.0015,-0.0031,-0.0046,-2.1515,0.0000,0.0000,-2.1515
1791430357.3522,0.0200,0.2741,0.0000,0.0000,0.0000,0.0000,0.0000,0.0000,-0.0015,-0.0015,-0.0031,-0.0046,-2.1515,0.0000,0.0000,-2.1515
1791430357.3722,0.0200,0.2755,0.0000,0.0000,0.0000,0.0000,0.0000,0.0000,-0.0015,-0.0015,-0.0031,-0.0031,-2.1515,0.0000,0.0000,-2.1515
1791430357.3923,0.0200,0.2877,0.0000,0.0000,0.0000,0.0000,0.0000,0.0000,-0.0015,-0.0015,-0.0031,-0.0031,-2.1515,0.0000,0.0000,-2.1515
1791430357.4123,0.0200,0.3186,0.0000,0.0000,0.0000,0.0000,0.0000,0.0000,-0.0015,-0.0015,-0.0031,-0.0031,-2.1515,0.0000,0.0000,-2.1515
1791430357.4324,0.0201,0.3319,0.0000,0.0000,0.0000,0.0000,0.0000,0.0000,-0.0015,-0.0015,-0.0031,-0.0031,-2.1515,0.0000,0.0000,-2.1515
1791430357.4523,0.0199,0.3667,0.0000,0.0000,0.0000,0.0000,0.0000,0.0000,-0.0015,-0.0015,-0.0031,-0.0031,-2.1515,0.0000,0.0000,-2.1515
1791430357.4723,0.0200,0.3628,0.0000,0.0000,0.0000,0.0000,0.0000,0.0000,-0.0015,-0.0015,-0.0031,-0.0031,-2.1515,0.0000,0.0000,-2.1515
1791430357.4922,0.0199,0.2635,0.0000,0.0000,0.0000,0.0000,0.0000,0.0000,-0.0015,-0.0015,-0.0031,-0.0031,-2.1515,0.0000,0.0000,-2.1515
1791430357.5122,0.0200,0.2606,0.0000,0.0000,0.0000,0.0000,0.0000,0.0000,-0.0015,-0.0015,-0.0031,-0.0031,-2.1515,0.0000,0.0000,-2.1515
1791430357.5324,0.0202,0.3065,0.0000,0.0000,0.0000,0.0000,0.0000,0.0000,-0.0015,-0.0015,-0.0031,-0.0046,-2.1515,0.0000,0.0000,-2.1515
1791430357.5522,0.0198,0.2330,0.0000,0.0000,0.0000,0.0000,0.0000,0.0000,-0.0015,-0.0015,-0.0031,-0.0031,-2.1515,0.0000,0.0000,-2.1515
1791430357.5723,0.0200,0.2732,0.0000,0.0000,0.0000,0.0000,0.0000,0.0000,-0.0015,-0.0015,-0.0031,-0.0031,-2.1515,0.0000,0.0000,-2.1515
1791430357.5923,0.0200,0.2180,0.0000,0.0000,0.0000,0.0000,0.0000,0.0000,-0.0015,-0.0015,-0.0031,-0.0046,-2.1515,0.0000,0.0000,-2.1515
1791430357.6123,0.0200,0.2739,0.0000,0.0000,0.0000,0.0000,0.0000,0.0000,-0.0015,-0.0015,-0.0031,-0.0031,-2.1515,0.0000,0.0000,-2.1515
1791430357.6324,0.0201,0.2691,0.0000,0.0000,0.0000,0.0000,0.0000,0.0000,-0.0015,-0.0015,-0.0031,-0.0031,-2.1515,0.0000,0.0000,-2.1515
1791430357.6523,0.0199,0.2815,0.0000,0.0000,0.0000,0.0000,0.0000,0.0000,-0.0015,-0.0015,-0.0031,-0.0031,-2.1515,0.0000,0.0000,-2.1515
1791430357.6722,0.0200,0.2136,0.0000,0.0000,0.0000,0.0000,0.0000,0.0000,-0.0015,-0.0015,-0.0031,-0.0031,-2.1515,0.0000,0.0000,-2.1515
1791430357.6923,0.0200,0.2862,0.0000,0.0000,0.0000,0.0000,0.0000,0.0000,-0.0015,-0.0015,-0.0031,-0.0046,-2.1514,0.0000,0.0000,-2.1514
1791430357.7123,0.0201,0.4083,0.0000,0.0000,0.0000,0.0000,0.0000,0.0000,-0.0015,-0.0015,-0.0031,-0.0031,-2.1515,0.0000,0.0000,-2.1515
1791430357.7324,0.0200,0.2607,0.0000,0.0000,0.0000,0.0000,0.0000,0.0000,-0.0015,-0.0015,-0.0031,-0.0031,-2.1514,0.0000,0.0000,-2.1514
1791430357.7523,0.0199,0.3047,0.0000,0.0000,0.0000,0.0000,0.0000,0.0000,-0.0015,-0.0015,-0.0031,-0.0031,-2.1514,0.0000,0.0000,-2.1514
1791430357.7723,0.0200,0.4086,0.0000,0.0000,0.0000,0.0000,0.0000,0.0000,-0.0015,-0.0015,-0.0031,-0.0031,-2.1514,0.0000,0.0000,-2.1514
1791430357.7923,0.0200,0.2898,0.0000,0.0000,0.0000,0.0000,0.0000,0.0000,-0.0015,-0.0015,-0.0031,-0.0031,-2.1514,0.0000,0.0000,-2.1514
1791430357.8123,0.0200,0.3554,0.0000,0.0000,0.0000,0.0000,0.0000,0.0000,-0.0015,-0.0015,-0.0031,-0.0046,-2.1514,0.0000,0.0000,-2.1514
1791430357.8325,0.0201,0.3367,0.0000,0.0000,0.0000,0.0000,0.0000,0.0000,-0.0015,-0.0015,-0.0031,-0.0046,-2.1514,0.0000,0.0000,-2.1514
1791430357.8523,0.0198,0.3914,0.0000,0.0000,0.0000,0.0000,0.0000,0.0000,-0.0015,-0.0015,-0.0031,-0.0031,-2.1514,0.0000,0.0000,-2.1514
1791430357.8723,0.0200,0.3700,0.0000,0.0000,0.0000,0.0000,0.0000,0.0000,-0.0015,-0.0015,-0.0031,-0.0046,-2.1514,0.0000,0.0000,-2.1514
1791430357.8923,0.0200,0.3127,0.0000,0.0000,0.0000,0.0000,0.0000,0.0000,-0.0015,-0.0015,-0.0031,-0.0031,-2.1514,0.0000,0.0000,-2.1514
1791430357.9122,0.0200,0.2776,0.0000,0.0000,0.0000,0.0000,0.0000,0.0000,-0.0015,-0.0015,-0.0031,-0.0031,-2.1514,0.0000,0.0000,-2.1514
1791430357.9324,0.0201,0.2734,0.0000,0.0000,0.0000,0.0000,0.0000,0.0000,-0.0015,-0.0015,-0.0031,-0.0031,-2.1514,0.0000,0.0000,-2.1514
1791430357.9522,0.0199,0.2611,0.0000,0.0000,0.0000,0.0000,0.0000,0.0000,-0.0015,-0.0015,-0.0031,-0.0031,-2.1514,0.0000,0.0000,-2.1514
1791430357.9722,0.0200,0.2696,0.0000,0.0000,0.0000,0.0000,0.0000,0.0000,-0.0015,-0.0015,-0.0031,-0.0031,-2.1514,0.0000,0.0000,-2.1514
1791430357.9923,0.0200,0.2885,0.0000,0.0000,0.0000,0.0000,0.0000,0.0000,-0.0015,-0.0015,-0.0031,-0.0031,-2.1514,0.0000,0.0000,-2.1514
1791430358.0122,0.0200,0.2685,0.0000,0.0000,0.0000,0.0000,0.0000,0.0000,-0.0015,-0.0015,-0.0031,-0.0031,-2.1514,0.0000,0.0000,-2.1514
1791430358.0324,0.0201,0.2836,0.0000,0.0000,0.0000,0.0000,0.0000,0.0000,-0.0015,-0.0015,-0.0031,-0.0046,-2.1514,0.0000,0.0000,-2.1514
1791430358.0522,0.0199,0.1822,0.0000,0.0000,0.0000,0.0000,0.0000,0.0000,-0.0015,-0.0015,-0.0031,-0.0031,-2.1514,0.0000,0.0000,-2.1514
1791430358.0723,0.0200,0.2897,0.0000,0.0000,0.0000,0.0000,0.0000,0.0000,-0.0015,-0.0015,-0.0031,-0.0046,-2.1514,0.0000,0.0000,-2.1514
1791430358.0923,0.0200,0.2699,0.0000,0.0000,0.0000,0.0000,0.0000,0.0000,-0.0015,-0.0015,-0.0031,-0.0031,-2.1514,0.0000,0.0000,-2.1514
1791430358.1122,0.0200,0.2974,0.0000,0.0000,0.0000,0.0000,0.0000,0.0000,-0.0015,-0.0015,-0.0031,-0.0031,-2.1514,0.0000,0.0000,-2.1514
1791430358.1324,0.0202,0.3309,0.0000,0.0000,0.0000,0.0000,0.0000,0.0000,-0.0015,-0.0015,-0.0031,-0.0046,-2.1514,0.0000,0.0000,-2.1514
1791430358.1523,0.0199,0.4054,0.0000,0.0000,0.0000,0.0000,0.0000,0.0000,-0.0015,-0.0015,-0.0031,-0.0031,-2.1514,0.0000,0.0000,-2.1514
1791430358.1722,0.0199,0.2624,0.0000,0.0000,0.0000,0.0000,0.0000,0.0000,-0.0015,-0.0015,-0.0031,-0.0031,-2.1514,0.0000,0.0000,-2.1514
1791430358.1923,0.0201,0.3184,0.0000,0.0000,0.0000,0.0000,0.0000,0.0000,-0.0015,-0.0015,-0.0031,-0.0031,-2.1514,0.0000,0.0000,-2.1514
1791430358.2123,0.0200,0.4074,0.0000,0.0000,0.0000,0.0000,0.0000,0.0000,-0.0015,-0.0015,-0.0031,-0.0031,-2.1514,0.0000,0.0000,-2.1514
1791430358.2324,0.0201,0.3407,0.0000,0.0000,0.0000,0.0000,0.0000,0.0000,-0.0015,-0.0015,-0.0031,-0.0031,-2.1514,0.0000,0.0000,-2.1514
1791430358.2525,0.0201,0.4320,0.0000,0.0000,0.0000,0.0000,0.0000,0.0000,-0.0015,-0.0015,-0.0031,-0.0031,-2.1514,0.0000,0.0000,-2.1514
1791430358.2723,0.0199,0.2937,0.0000,0.0000,0.0000,0.0000,0.0000,0.0000,-0.0015,-0.0015,-0.0031,-0.0046,-2.1514,0.0000,0.0000,-2.1514
1791430358.2922,0.0199,0.2757,0.0000,0.0000,0.0000,0.0000,0.0000,0.0000,-0.0015,-0.0015,-0.0031,-0.0031,-2.1514,0.0000,0.0000,-2.1514
1791430358.3123,0.0200,0.4243,0.0000,0.0000,0.0000,0.0000,0.0000,0.0000,-0.0015,-0.0015,-0.0031,-0.0031,-2.1514,0.0000,0.0000,-2.1514
1791430358.3324,0.0201,0.2459,0.0000,0.0000,0.0000,0.0000,0.0000,0.0000,-0.0015,-0.0015,-0.0031,-0.0046,-2.1514,0.0000,0.0000,-2.1514
1791430358.3523,0.0200,0.4322,0.0000,0.0000,0.0000,0.0000,0.0000,0.0000,-0.0015,-0.0015,-0.0031,-0.0031,-2.1514,0.0000,0.0000,-2.1514
1791430358.3723,0.0199,0.2910,0.0000,0.0000,0.0000,0.0000,0.0000,0.0000,-0.0015,-0.0015,-0.0031,-0.0031,-2.1514,0.0000,0.0000,-2.1514
1791430358.3923,0.0200,0.2503,0.0000,0.0000,0.0000,0.0000,0.0000,0.0000,-0.0015,-0.0015,-0.0031,-0.0046,-2.1514,0.0000,0.0000,-2.1514
1791430358.4122,0.0200,0.2579,0.0000,0.0000,0.0000,0.0000,0.0000,0.0000,-0.0015,-0.0015,-0.0031,-0.0031,-2.1514,0.0000,0.0000,-2.1514
1791430358.4324,0.0202,0.2531,0.0000,0.0000,0.0000,0.0000,0.0000,0.0000,-0.0015,-0.0015,-0.0031,-0.0031,-2.1514,0.0000,0.0000,-2.1514
1791430358.4523,0.0199,0.2768,0.0000,0.0000,0.0000,0.0000,0.0000,0.0000,-0.0015,-0.0015,-0.0031,-0.0031,-2.1514,0.0000,0.0000,-2.1514
1791430358.4722,0.0200,0.2471,0.0000,0.0000,0.0000,0.0000,0.0000,0.0000,-0.0015,-0.0015,-0.0031,-0.0031,-2.1514,0.0000,0.0000,-2.1514
1791430358.4922,0.0200,0.2538,0.0000,0.0000,0.0000,0.0000,0.0000,0.0000,-0.0015,-0.0015,-0.0031,-0.0046,-2.1514,0.0000,0.0000,-2.1514
1791430358.5122,0.0200,0.2451,0.0000,0.0000,0.0000,0.0000,0.0000,0.0000,-0.0015,-0.0015,-0.0031,-0.0031,-2.1514,0.0000,0.0000,-2.1514
1791430358.5324,0.0201,0.1912,0.0000,0.0000,0.0000,0.0000,0.0000,0.0000,-0.0015,-0.0015,-0.0031,-0.0031,-2.1514,0.0000,0.0000,-2.1514
1791430358.5522,0.0199,0.2261,0.0000,0.0000,0.0000,0.0000,0.0000,0.0000,-0.0015,-0.0015,-0.0031,-0.0031,-2.1514,0.0000,0.0000,-2.1514
1791430358.5722,0.0200,0.2288,0.0000,0.0000,0.0000,0.0000,0.0000,0.0000,-0.0015,-0.0015,-0.0031,-0.0046,-2.1514,0.0000,0.0000,-2.1514
1791430358.5923,0.0201,0.6036,0.0000,0.0000,0.0000,0.0000,0.0000,0.0000,-0.0015,-0.0015,-0.0031,-0.0031,-2.1514,0.0000,0.0000,-2.1514
1791430358.6125,0.0202,0.4181,0.0000,0.0000,0.0000,0.0000,0.0000,0.0000,-0.0015,-0.0015,-0.0031,-0.0031,-2.1514,0.0000,0.0000,-2.1514
1791430358.6324,0.0199,0.2526,0.0000,0.0000,0.0000,0.0000,0.0000,0.0000,-0.0015,-0.0015,-0.0031,-0.0031,-2.1513,0.0000,0.0000,-2.1513
1791430358.6523,0.0199,0.2728,0.0000,0.0000,0.0000,0.0000,0.0000,0.0000,-0.0015,-0.0015,-0.0031,-0.0031,-2.1513,0.0000,0.0000,-2.1513
1791430358.6722,0.0200,0.2710,0.0000,0.0000,0.0000,0.0000,0.0000,0.0000,-0.0015,-0.0015,-0.0031,-0.0046,-2.1513,0.0000,0.0000,-2.1513
1791430358.6923,0.0201,0.3044,0.0000,0.0000,0.0000,0.0000,0.0000,0.0000,-0.0015,-0.0015,-0.0031,-0.0031,-2.1513,0.0000,0.0000,-2.1513
1791430358.7123,0.0200,0.2625,0.0000,0.0000,0.0000,0.0000,0.0000,0.0000,-0.0015,-0.0015,-0.0031,-0.0031,-2.1513,0.0000,0.0000,-2.1513
1791430358.7323,0.0201,0.2008,0.0000,0.0000,0.0000,0.0000,0.0000,0.0000,-0.0015,-0.0015,-0.0031,-0.0046,-2.1513,0.0000,0.0000,-2.1513
1791430358.7522,0.0199,0.2646,0.0000,0.0000,0.0000,0.0000,0.0000,0.0000,-0.0015,-0.0015,-0.0031,-0.0031,-2.1513,0.0000,0.0000,-2.1513
1791430358.7722,0.0200,0.2633,0.0000,0.0000,0.0000,0.0000,0.0000,0.0000,-0.0015,-0.0015,-0.0031,-0.0031,-2.1513,0.0000,0.0000,-2.1513
1791430358.7923,0.0201,0.2782,0.0000,0.0000,0.0000,0.0000,0.0000,0.0000,-0.0015,-0.0015,-0.0031,-0.0046,-2.1513,0.0000,0.0000,-2.1513
1791430358.8123,0.0201,0.4669,0.0000,0.0000,0.0000,0.0000,0.0000,0.0000,-0.0015,-0.0015,-0.0031,-0.0031,-2.1513,0.0000,0.0000,-2.1513
1791430358.8324,0.0201,0.3539,0.0000,0.0000,0.0000,0.0000,0.0000,0.0000,-0.0015,-0.0015,-0.0031,-0.0031,-2.1513,0.0000,0.0000,-2.1513
1791430358.8523,0.0198,0.2813,0.0000,0.0000,0.0000,0.0000,0.0000,0.0000,-0.0015,-0.0015,-0.0031,-0.0031,-2.1513,0.0000,0.0000,-2.1513
1791430358.8723,0.0200,0.2634,0.0000,0.0000,0.0000,0.0000,0.0000,0.0000,-0.0015,-0.0015,-0.0031,-0.0031,-2.1513,0.0000,0.0000,-2.1513
1791430358.8923,0.0200,0.2682,0.0000,0.0000,0.0000,0.0000,0.0000,0.0000,-0.0015,-0.0015,-0.0031,-0.0031,-2.1513,0.0000,0.0000,-2.1513
1791430358.9123,0.0200,0.2759,0.0000,0.0000,0.0000,0.0000,0.0000,0.0000,-0.0015,-0.0015,-0.0031,-0.0031,-2.1513,0.0000,0.0000,-2.1513
1791430358.9324,0.0201,0.2572,0.0000,0.0000,0.0000,0.0000,0.0000,0.0000,-0.0015,-0.0015,-0.0031,-0.0031,-2.1513,0.0000,0.0000,-2.1513
1791430358.9522,0.0198,0.2479,0.0000,0.0000,0.0000,0.0000,0.0000,0.0000,-0.0015,-0.0015,-0.0031,-0.0031,-2.1513,0.0000,0.0000,-2.1513
1791430358.9723,0.0200,0.2801,0.0000,0.0000,0.0000,0.0000,0.0000,0.0000,-0.0015,-0.0015,-0.0031,-0.0046,-2.1513,0.0000,0.0000,-2.1513
1791430358.9922,0.0200,0.2618,0.0000,0.0000,0.0000,0.0000,0.0000,0.0000,-0.0015,-0.0015,-0.0031,-0.0046,-2.1513,0.0000,0.0000,-2.1513
1791430359.0122,0.0200,0.2729,0.0000,0.0000,0.0000,0.0000,0.0000,0.0000,-0.0015,-0.0015,-0.0031,-0.0031,-2.1513,0.0000,0.0000,-2.1513
1791430359.0328,0.0206,0.3386,0.0000,0.0000,0.0000,0.0000,0.0000,0.0000,-0.0015,-0.0015,-0.0031,-0.0031,-2.1513,0.0000,0.0000,-2.1513
1791430359.0523,0.0195,0.4463,0.0000,0.0000,0.0000,0.0000,0.0000,0.0000,-0.0015,-0.0015,-0.0031,-0.0031,-2.1513,0.0000,0.0000,-2.1513
1791430359.0723,0.0200,0.4201,0.0000,0.0000,0.0000,0.0000,0.0000,0.0000,-0.0015,-0.0015,-0.0031,-0.0046,-2.1513,0.0000,0.0000,-2.1513
1791430359.0923,0.0200,0.2804,0.0000,0.0000,0.0000,0.0000,0.0000,0.0000,-0.0015,-0.0015,-0.0031,-0.0046,-2.1513,0.0000,0.0000,-2.1513
1791430359.1122,0.0200,0.2584,0.0000,0.0000,0.0000,0.0000,0.0000,0.0000,-0.0015,-0.0015,-0.0031,-0.0046,-2.1513,0.0000,0.0000,-2.1513
1791430359.1324,0.0201,0.2966,0.0000,0.0000,0.0000,0.0000,0.0000,0.0000,-0.0015,-0.0015,-0.0031,-0.0031,-2.1513,0.0000,0.0000,-2.1513
1791430359.1523,0.0199,0.3418,0.0000,0.0000,0.0000,0.0000,0.0000,0.0000,-0.0015,-0.0015,-0.0031,-0.0031,-2.1513,0.0000,0.0000,-2.1513
1791430359.1722,0.0199,0.2526,0.0000,0.0000,0.0000,0.0000,0.0000,0.0000,-0.0015,-0.0015,-0.0031,-0.0046,-2.1513,0.0000,0.0000,-2.1513
1791430359.1922,0.0200,0.2720,0.0000,0.0000,0.0000,0.0000,0.0000,0.0000,-0.0015,-0.0015,-0.0031,-0.0031,-2.1513,0.0000,0.0000,-2.1513
1791430359.2123,0.0200,0.2549,0.0000,0.0000,0.0000,0.0000,0.0000,0.0000,-0.0015,-0.0015,-0.0031,-0.0031,-2.1513,0.0000,0.0000,-2.1513
1791430359.2323,0.0201,0.1958,0.0000,0.0000,0.0000,0.0000,0.0000,0.0000,-0.0015,-0.0015,-0.0031,-0.0031,-2.1513,0.0000,0.0000,-2.1513
1791430359.2522,0.0199,0.2761,0.0000,0.0000,0.0000,0.0000,0.0000,0.0000,-0.0015,-0.0015,-0.0031,-0.0046,-2.1513,0.0000,0.0000,-2.1513
1791430359.2722,0.0200,0.2519,0.0000,0.0000,0.0000,0.0000,0.0000,0.0000,-0.0015,-0.0015,-0.0031,-0.0046,-2.1513,0.0000,0.0000,-2.1513
1791430359.2922,0.0200,0.2883,0.0000,0.0000,0.0000,0.0000,0.0000,0.0000,-0.0015,-0.0015,-0.0031,-0.0031,-2.1513,0.0000,0.0000,-2.1513
1791430359.3123,0.0200,0.2874,0.0000,0.0000,0.0000,0.0000,0.0000,0.0000,-0.0015,-0.0015,-0.0031,-0.0046,-2.1513,0.0000,0.0000,-2.1513
1791430359.3324,0.0201,0.2021,0.0000,0.0000,0.0000,0.0000,0.0000,0.0000,-0.0015,-0.0015,-0.0031,-0.0031,-2.1513,0.0000,0.0000,-2.1513
1791430359.3522,0.0199,0.2641,0.0000,0.0000,0.0000,0.0000,0.0000,0.0000,-0.0015,-0.0015,-0.0031,-0.0046,-2.1513,0.0000,0.0000,-2.1513
1791430359.3723,0.0200,0.2597,0.0000,0.0000,0.0000,0.0000,0.0000,0.0000,-0.0015,-0.0015,-0.0031,-0.0046,-2.1513,0.0000,0.0000,-2.1513
1791430359.3922,0.0200,0.2749,0.0000,0.0000,0.0000,0.0000,0.0000,0.0000,-0.0015,-0.0015,-0.0031,-0.0031,-2.1513,0.0000,0.0000,-2.1513
1791430359.4122,0.0200,0.2733,0.0000,0.0000,0.0000,0.0000,0.0000,0.0000,-0.0015,-0.0015,-0.0031,-0.0031,-2.1513,0.0000,0.0000,-2.1513
1791430359.4323,0.0201,0.1945,0.0000,0.0000,0.0000,0.0000,0.0000,0.0000,-0.0015,-0.0015,-0.0031,-0.0031,-2.1513,0.0000,0.0000,-2.1513
1791430359.4523,0.0199,0.2574,0.0000,0.0000,0.0000,0.0000,0.0000,0.0000,-0.0015,-0.0015,-0.0031,-0.0031,-2.1513,0.0000,0.0000,-2.1513
1791430359.4723,0.0200,0.2922,0.0000,0.0000,0.0000,0.0000,0.0000,0.0000,-0.0015,-0.0015,-0.0031,-0.0031,-2.1513,0.0000,0.0000,-2.1513
1791430359.4923,0.0200,0.2704,0.0000,0.0000,0.0000,0.0000,0.0000,0.0000,-0.0015,-0.0015,-0.0031,-0.0031,-2.1513,0.0000,0.0000,-2.1513
1791430359.5123,0.0200,0.2756,0.0000,0.0000,0.0000,0.0000,0.0000,0.0000,-0.0015,-0.0015,-0.0031,-0.0031,-2.1513,0.0000,0.0000,-2.1513
1791430359.5324,0.0201,0.2489,0.0000,0.0000,0.0000,0.0000,0.0000,0.0000,-0.0015,-0.0015,-0.0031,-0.0046,-2.1513,0.0000,0.0000,-2.1513
1791430359.5522,0.0198,0.2785,0.0000,0.0000,0.0000,0.0000,0.0000,0.0000,-0.0015,-0.0015,-0.0031,-0.0031,-2.1512,0.0000,0.0000,-2.1512
1791430359.5722,0.0200,0.2684,0.0000,0.0000,0.0000,0.0000,0.0000,0.0000,-0.0015,-0.0015,-0.0031,-0.0046,-2.1512,0.0000,0.0000,-2.1512
1791430359.5923,0.0200,0.2699,0.0000,0.0000,0.0000,0.0000,0.0000,0.0000,-0.0015,-0.0015,-0.0031,-0.0031,-2.1512,0.0000,0.0000,-2.1512
1791430359.6123,0.0200,0.2819,0.0000,0.0000,0.0000,0.0000,0.0000,0.0000,-0.0015,-0.0015,-0.0031,-0.0031,-2.1512,0.0000,0.0000,-2.1512
1791430359.6323,0.0201,0.2103,0.0000,0.0000,0.0000,0.0000,0.0000,0.0000,-0.0015,-0.0015,-0.0031,-0.0031,-2.1512,0.0000,0.0000,-2.1512
1791430359.6523,0.0199,0.2851,0.0000,0.0000,0.0000,0.0000,0.0000,0.0000,-0.0015,-0.0015,-0.0031,-0.0031,-2.1512,0.0000,0.0000,-2.1512
1791430359.6724,0.0201,0.5066,0.0000,0.0000,0.0000,0.0000,0.0000,0.0000,-0.0015,-0.0015,-0.0031,-0.0031,-2.1512,0.0000,0.0000,-2.1512
1791430359.6923,0.0199,0.2541,0.0000,0.0000,0.0000,0.0000,0.0000,0.0000,-0.0015,-0.0015,-0.0031,-0.0031,-2.1512,0.0000,0.0000,-2.1512
1791430359.7122,0.0200,0.2594,0.0000,0.0000,0.0000,0.0000,0.0000,0.0000,-0.0015,-0.0015,-0.0031,-0.0031,-2.1512,0.0000,0.0000,-2.1512
1791430359.7324,0.0201,0.2071,0.0000,0.0000,0.0000,0.0000,0.0000,0.0000,-0.0015,-0.0015,-0.0031,-0.0031,-2.1512,0.0000,0.0000,-2.1512
1791430359.7522,0.0199,0.2625,0.0000,0.0000,0.0000,0.0000,0.0000,0.0000,-0.0015,-0.0015,-0.0031,-0.0031,-2.1512,0.0000,0.0000,-2.1512
1791430359.7722,0.0200,0.2433,0.0000,0.0000,0.0000,0.0000,0.0000,0.0000,-0.0015,-0.0015,-0.0031,-0.0031,-2.1512,0.0000,0.0000,-2.1512
1791430359.7923,0.0200,0.2651,0.0000,0.0000,0.0000,0.0000,0.0000,0.0000,-0.0015,-0.0015,-0.0031,-0.0046,-2.1512,0.0000,0.0000,-2.1512
1791430359.8122,0.0200,0.2615,0.0000,0.0000,0.0000,0.0000,0.0000,0.0000,-0.0015,-0.0015,-0.0031,-0.0046,-2.1512,0.0000,0.0000,-2.1512
1791430359.8324,0.0201,0.2054,0.0000,0.0000,0.0000,0.0000,0.0000,0.0000,-0.0015,-0.0015,-0.0031,-0.0031,-2.1512,0.0000,0.0000,-2.1512
1791430359.8522,0.0199,0.2657,0.0000,0.0000,0.0000,0.0000,0.0000,0.0000,-0.0015,-0.0015,-0.0031,-0.0031,-2.1512,0.0000,0.0000,-2.1512
1791430359.8723,0.0200,0.2507,0.0000,0.0000,0.0000,0.0000,0.0000,0.0000,-0.0015,-0.0015,-0.0031,-0.0031,-2.1512,0.0000,0.0000,-2.1512
1791430359.8922,0.0200,0.2614,0.0000,0.0000,0.0000,0.0000,0.0000,0.0000,-0.0015,-0.0015,-0.0031,-0.0031,-2.1512,0.0000,0.0000,-2.1512
1791430359.9122,0.0200,0.2665,0.0000,0.0000,0.0000,0.0000,0.0000,0.0000,-0.0015,-0.0015,-0.0031,-0.0031,-2.1512,0.0000,0.0000,-2.1512
1791430359.9324,0.0201,0.2043,0.0000,0.0000,0.0000,0.0000,0.0000,0.0000,-0.0015,-0.0015,-0.0031,-0.0046,-2.1512,0.0000,0.0000,-2.1512
1791430359.9523,0.0199,0.2567,0.0000,0.0000,0.0000,0.0000,0.0000,0.0000,-0.0015,-0.0015,-0.0031,-0.0031,-2.1512,0.0000,0.0000,-2.1512
1791430359.9723,0.0200,0.2502,0.0000,0.0000,0.0000,0.0000,0.0000,0.0000,-0.0015,-0.0015,-0.0031,-0.0031,-2.1512,0.0000,0.0000,-2.1512
1791430359.9922,0.0200,0.2473,0.0000,0.0000,0.0000,0.0000,0.0000,0.0000,-0.0015,-0.0015,-0.0031,-0.0031,-2.1512,0.0000,0.0000,-2.1512
1791430360.0122,0.0200,0.2478,0.0000,0.0000,0.0000,0.0000,0.0000,0.0000,-0.0015,-0.0015,-0.0031,-0.0046,-2.1512,0.0000,0.0000,-2.1512
1791430360.0324,0.0202,0.2358,0.0000,0.0000,0.0000,0.0000,0.0000,0.0000,-0.0015,-0.0015,-0.0031,-0.0031,-2.1512,0.0000,0.0000,-2.1512
1791430360.0522,0.0198,0.2469,0.0000,0.0000,0.0000,0.0000,0.0000,0.0000,-0.0015,-0.0015,-0.0031,-0.0031,-2.1512,0.0000,0.0000,-2.1512
1791430360.0722,0.0200,0.2338,0.0000,0.0000,0.0000,0.0000,0.0000,0.0000,-0.0015,-0.0015,-0.0031,-0.0031,-2.1512,0.0000,0.0000,-2.1512
1791430360.0922,0.0200,0.2310,0.0000,0.0000,0.0000,0.0000,0.0000,0.0000,-0.0015,-0.0015,-0.0031,-0.0031,-2.1512,0.0000,0.0000,-2.1512
1791430360.1122,0.0200,0.2412,0.0000,0.0000,0.0000,0.0000,0.0000,0.0000,-0.0015,-0.0015,-0.0031,-0.0031,-2.1512,0.0000,0.0000,-2.1512
1791430360.1324,0.0201,0.2029,0.0000,0.0000,0.0000,0.0000,0.0000,0.0000,-0.0015,-0.0015,-0.0031,-0.0031,-2.1512,0.0000,0.0000,-2.1512
1791430360.1522,0.0199,0.2402,0.0000,0.0000,0.0000,0.0000,0.0000,0.0000,-0.0015,-0.0015,-0.0031,-0.0031,-2.1512,0.0000,0.0000,-2.1512
1791430360.1722,0.0200,0.2424,0.0000,0.0000,0.0000,0.0000,0.0000,0.0000,-0.0015,-0.0015,-0.0031,-0.0031,-2.1512,0.0000,0.0000,-2.1512
1791430360.1922,0.0200,0.2414,0.0000,0.0000,0.0000,0.0000,0.0000,0.0000,-0.0015,-0.0015,-0.0031,-0.0031,-2.1512,0.0000,0.0000,-2.1512
1791430360.2122,0.0200,0.2477,0.0000,0.0000,0.0000,0.0000,0.0000,0.0000,-0.0015,-0.0015,-0.0031,-0.0031,-2.1512,0.0000,0.0000,-2.1512
1791430360.2324,0.0201,0.2015,0.0000,0.0000,0.0000,0.0000,0.0000,0.0000,-0.0015,-0.0015,-0.0031,-0.0031,-2.1512,0.0000,0.0000,-2.1512
1791430360.2522,0.0199,0.2561,0.0000,0.0000,0.0000,0.0000,0.0000,0.0000,-0.0015,-0.0015,-0.0031,-0.0031,-2.1512,0.0000,0.0000,-2.1512
1791430360.2723,0.0201,0.3593,0.0000,0.0000,0.0000,0.0000,0.0000,0.0000,-0.0015,-0.0015,-0.0031,-0.0031,-2.1512,0.0000,0.0000,-2.1512
1791430360.2923,0.0200,0.2739,0.0000,0.0000,0.0000,0.0000,0.0000,0.0000,-0.0015,-0.0015,-0.0031,-0.0031,-2.1512,0.0000,0.0000,-2.1512
1791430360.3123,0.0200,0.2663,0.0000,0.0000,0.0000,0.0000,0.0000,0.0000,-0.0015,-0.0015,-0.0031,-0.0031,-2.1511,0.0000,0.0000,-2.1511
1791430360.3324,0.0201,0.2853,0.0000,0.0000,0.0000,0.0000,0.0000,0.0000,-0.0015,-0.0015,-0.0031,-0.0031,-2.1512,0.0000,0.0000,-2.1512
1791430360.3522,0.0199,0.2618,0.0000,0.0000,0.0000,0.0000,0.0000,0.0000,-0.0015,-0.0015,-0.0031,-0.0031,-2.1512,0.0000,0.0000,-2.1512
1791430360.3722,0.0200,0.2651,0.0000,0.0000,0.0000,0.0000,0.0000,0.0000,-0.0015,-0.0015,-0.0031,-0.0046,-2.1511,0.0000,0.0000,-2.1511
1791430360.3923,0.0200,0.2972,0.0000,0.0000,0.0000,0.0000,0.0000,0.0000,-0.0015,-0.0015,-0.0031,-0.0031,-2.1511,0.0000,0.0000,-2.1511
1791430360.4122,0.0200,0.2675,0.0000,0.0000,0.0000,0.0000,0.0000,0.0000,-0.0015,-0.0015,-0.0031,-0.0031,-2.1511,0.0000,0.0000,-2.1511
1791430360.4324,0.0201,0.2116,0.0000,0.0000,0.0000,0.0000,0.0000,0.0000,-0.0015,-0.0015,-0.0031,-0.0031,-2.1511,0.0000,0.0000,-2.1511
1791430360.4522,0.0199,0.2795,0.0000,0.0000,0.0000,0.0000,0.0000,0.0000,-0.0015,-0.0015,-0.0031,-0.0031,-2.1511,0.0000,0.0000,-2.1511
1791430360.4722,0.0200,0.2649,0.0000,0.0000,0.0000,0.0000,0.0000,0.0000,-0.0015,-0.0015,-0.0031,-0.0046,-2.1511,0.0000,0.0000,-2.1511
1791430360.4923,0.0200,0.2810,0.0000,0.0000,0.0000,0.0000,0.0000,0.0000,-0.0015,-0.0015,-0.0031,-0.0046,-2.1511,0.0000,0.0000,-2.1511
1791430360.5123,0.0200,0.2923,0.0000,0.0000,0.0000,0.0000,0.0000,0.0000,-0.0015,-0.0015,-0.0031,-0.0031,-2.1511,0.0000,0.0000,-2.1511
1791430360.5324,0.0201,0.2064,0.0000,0.0000,0.0000,0.0000,0.0000,0.0000,-0.0015,-0.0015,-0.0031,-0.0031,-2.1511,0.0000,0.0000,-2.1511
1791430360.5522,0.0199,0.2825,0.0000,0.0000,0.0000,0.0000,0.0000,0.0000,-0.0015,-0.0015,-0.0031,-0.0031,-2.1511,0.0000,0.0000,-2.1511
1791430360.5722,0.0200,0.2496,0.0000,0.0000,0.0000,0.0000,0.0000,0.0000,-0.0015,-0.0015,-0.0031,-0.0031,-2.1511,0.0000,0.0000,-2.1511
1791430360.5923,0.0200,0.2419,0.0000,0.0000,0.0000,0.0000,0.0000,0.0000,-0.0015,-0.0015,-0.0031,-0.0031,-2.1511,0.0000,0.0000,-2.1511
1791430360.6123,0.0200,0.2498,0.0000,0.0000,0.0000,0.0000,0.0000,0.0000,-0.0015,-0.0015,-0.0031,-0.0046,-2.1511,0.0000,0.0000,-2.1511
1791430360.6324,0.0201,0.2036,0.0000,0.0000,0.0000,0.0000,0.0000,0.0000,-0.0015,-0.0015,-0.0031,-0.0031,-2.1511,0.0000,0.0000,-2.1511
1791430360.6522,0.0198,0.2496,0.0000,0.0000,0.0000,0.0000,0.0000,0.0000,-0.0015,-0.0015,-0.0031,-0.0031,-2.1511,0.0000,0.0000,-2.1511
1791430360.6723,0.0200,0.3656,0.0000,0.0000,0.0000,0.0000,0.0000,0.0000,-0.0015,-0.0015,-0.0031,-0.0046,-2.1511,0.0000,0.0000,-2.1511
1791430360.6922,0.0200,0.2525,0.0000,0.0000,0.0000,0.0000,0.0000,0.0000,-0.0015,-0.0015,-0.0031,-0.0046,-2.1511,0.0000,0.0000,-2.1511
1791430360.7123,0.0200,0.3687,0.0000,0.0000,0.0000,0.0000,0.0000,0.0000,-0.0015,-0.0015,-0.0031,-0.0046,-2.1511,0.0000,0.0000,-2.1511
1791430360.7324,0.0201,0.2848,0.0000,0.0000,0.0000,0.0000,0.0000,0.0000,-0.0015,-0.0015,-0.0031,-0.0031,-2.1511,0.0000,0.0000,-2.1511
1791430360.7523,0.0199,0.3755,0.0000,0.0000,0.0000,0.0000,0.0000,0.0000,-0.0015,-0.0015,-0.0031,-0.0031,-2.1511,0.0000,0.0000,-2.1511
1791430360.7723,0.0200,0.4712,0.0000,0.0000,0.0000,0.0000,0.0000,0.0000,-0.0015,-0.0015,-0.0031,-0.0031,-2.1511,0.0000,0.0000,-2.1511
1791430360.7923,0.0200,0.2668,0.0000,0.0000,0.0000,0.0000,0.0000,0.0000,-0.0015,-0.0015,-0.0031,-0.0031,-2.1511,0.0000,0.0000,-2.1511
1791430360.8123,0.0200,0.3971,0.0000,0.0000,0.0000,0.0000,0.0000,0.0000,-0.0015,-0.0015,-0.0031,-0.0031,-2.1511,0.0000,0.0000,-2.1511
1791430360.8324,0.0201,0.2825,0.0000,0.0000,0.0000,0.0000,0.0000,0.0000,-0.0015,-0.0015,-0.0031,-0.0031,-2.1511,0.0000,0.0000,-2.1511
1791430360.8523,0.0199,0.2912,0.0000,0.0000,0.0000,0.0000,0.0000,0.0000,-0.0015,-0.0015,-0.0031,-0.0031,-2.1511,0.0000,0.0000,-2.1511
1791430360.8723,0.0200,0.4799,0.0000,0.0000,0.0000,0.0000,0.0000,0.0000,-0.0015,-0.0015,-0.0031,-0.0031,-2.1511,0.0000,0.0000,-2.1511
1791430360.8923,0.0200,0.5007,0.0000,0.0000,0.0000,0.0000,0.0000,0.0000,-0.0015,-0.0015,-0.0031,-0.0031,-2.1511,0.0000,0.0000,-2.1511
1791430360.9123,0.0200,0.3140,0.0000,0.0000,0.0000,0.0000,0.0000,0.0000,-0.0015,-0.0015,-0.0031,-0.0031,-2.1511,0.0000,0.0000,-2.1511
1791430360.9324,0.0202,0.3100,0.0000,0.0000,0.0000,0.0000,0.0000,0.0000,-0.0015,-0.0015,-0.0031,-0.0031,-2.1511,0.0000,0.0000,-2.1511
1791430360.9522,0.0198,0.2390,0.0000,0.0000,0.0000,0.0000,0.0000,0.0000,-0.0015,-0.0015,-0.0031,-0.0031,-2.1511,0.0000,0.0000,-2.1511
1791430360.9722,0.0200,0.2920,0.0000,0.0000,0.0000,0.0000,0.0000,0.0000,-0.0015,-0.0015,-0.0031,-0.0031,-2.1511,0.0000,0.0000,-2.1511
1791430360.9923,0.0200,0.3033,0.0000,0.0000,0.0000,0.0000,0.0000,0.0000,-0.0015,-0.0015,-0.0031,-0.0031,-2.1511,0.0000,0.0000,-2.1511
1791430361.0123,0.0200,0.3945,0.0000,0.0000,0.0000,0.0000,0.0000,0.0000,-0.0015,-0.0015,-0.0031,-0.0031,-2.1511,0.0000,0.0000,-2.1511
1791430361.0324,0.0202,0.2642,0.0000,0.0000,0.0000,0.0000,0.0000,0.0000,-0.0015,-0.0015,-0.0031,-0.0031,-2.1511,0.0000,0.0000,-2.1511
1791430361.0523,0.0198,0.2549,0.0000,0.0000,0.0000,0.0000,0.0000,0.0000,-0.0015,-0.0015,-0.0031,-0.0031,-2.1511,0.0000,0.0000,-2.1511
1791430361.0723,0.0200,0.2733,0.0000,0.0000,0.0000,0.0000,0.0000,0.0000,-0.0015,-0.0015,-0.0031,-0.0046,-2.1511,0.0000,0.0000,-2.1511
1791430361.0922,0.0200,0.2191,0.0000,0.0000,0.0000,0.0000,0.0000,0.0000,-0.0015,-0.0015,-0.0031,-0.0031,-2.1511,0.0000,0.0000,-2.1511
1791430361.1123,0.0200,0.2236,0.0000,0.0000,0.0000,0.0000,0.0000,0.0000,-0.0015,-0.0015,-0.0031,-0.0031,-2.1511,0.0000,0.0000,-2.1511
1791430361.1325,0.0203,0.4191,0.0000,0.0000,0.0000,0.0000,0.0000,0.0000,-0.0015,-0.0015,-0.0031,-0.0031,-2.1511,0.0000,0.0000,-2.1511
1791430361.1522,0.0197,0.3514,0.0000,0.0000,0.0000,0.0000,0.0000,0.0000,-0.0015,-0.0015,-0.0031,-0.0031,-2.1511,0.0000,0.0000,-2.1511
1791430361.1722,0.0200,0.4946,0.0000,0.0000,0.0000,0.0000,0.0000,0.0000,-0.0015,-0.0015,-0.0031,-0.0031,-2.1511,0.0000,0.0000,-2.1511
1791430361.1923,0.0201,0.7827,0.0000,0.0000,0.0000,0.0000,0.0000,0.0000,-0.0015,-0.0015,-0.0031,-0.0031,-2.1511,0.0000,0.0000,-2.1511
1791430361.2123,0.0200,0.9388,0.0000,0.0000,0.0000,0.0000,0.0000,0.0000,-0.0015,-0.0015,-0.0031,-0.0031,-2.1511,0.0000,0.0000,-2.1511
1791430361.2327,0.0204,0.9984,0.0000,0.0000,0.0000,0.0000,0.0000,0.0000,-0.0015,-0.0015,-0.0031,-0.0031,-2.1511,0.0000,0.0000,-2.1511
1791430361.2523,0.0196,0.5772,0.0000,0.0000,0.0000,0.0000,0.0000,0.0000,-0.0015,-0.0015,-0.0031,-0.0031,-2.1511,0.0000,0.0000,-2.1511
1791430361.2723,0.0200,0.8398,0.0000,0.0000,0.0000,0.0000,0.0000,0.0000,-0.0015,-0.0015,-0.0031,-0.0046,-2.1510,0.0000,0.0000,-2.1510
1791430361.2923,0.0200,0.7398,0.0000,0.0000,0.0000,0.0000,0.0000,0.0000,-0.0015,-0.0015,-0.0031,-0.0046,-2.1510,0.0000,0.0000,-2.1510
1791430361.3123,0.0200,0.6507,0.0000,0.0000,0.0000,0.0000,0.0000,0.0000,-0.0015,-0.0015,-0.0031,-0.0046,-2.1510,0.0000,0.0000,-2.1510
1791430361.3327,0.0204,0.6574,0.0000,0.0000,0.0000,0.0000,0.0000,0.0000,-0.0015,-0.0015,-0.0031,-0.0031,-2.1510,0.0000,0.0000,-2.1510
1791430361.3523,0.0197,0.9364,0.0000,0.0000,0.0000,0.0000,0.0000,0.0000,-0.0015,-0.0015,-0.0031,-0.0046,-2.1510,0.0000,0.0000,-2.1510
1791430361.3724,0.0200,0.8457,0.0000,0.0000,0.0000,0.0000,0.0000,0.0000,-0.0015,-0.0015,-0.0031,-0.0031,-2.1510,0.0000,0.0000,-2.1510
1791430361.3923,0.0199,0.7438,0.0000,0.0000,0.0000,0.0000,0.0000,0.0000,-0.0015,-0.0015,-0.0031,-0.0031,-2.1510,0.0000,0.0000,-2.1510
1791430361.4123,0.0200,0.7660,0.0000,0.0000,0.0000,0.0000,0.0000,0.0000,-0.0015,-0.0015,-0.0031,-0.0031,-2.1510,0.0000,0.0000,-2.1510
1791430361.4329,0.0206,0.8837,0.0000,0.0000,0.0000,0.0000,0.0000,0.0000,-0.0015,-0.0015,-0.0031,-0.0031,-2.1510,0.0000,0.0000,-2.1510
1791430361.4523,0.0194,0.8358,0.0000,0.0000,0.0000,0.0000,0.0000,0.0000,-0.0015,-0.0015,-0.0031,-0.0031,-2.1510,0.0000,0.0000,-2.1510
1791430361.4723,0.0200,0.8940,0.0000,0.0000,0.0000,0.0000,0.0000,0.0000,-0.0015,-0.0015,-0.0031,-0.0031,-2.1510,0.0000,0.0000,-2.1510
1791430361.4923,0.0201,0.8407,0.0000,0.0000,0.0000,0.0000,0.0000,0.0000,-0.0015,-0.0015,-0.0031,-0.0046,-2.1510,0.0000,0.0000,-2.1510
1791430361.5123,0.0200,0.8954,0.0000,0.0000,0.0000,0.0000,0.0000,0.0000,-0.0015,-0.0015,-0.0031,-0.0046,-2.1510,0.0000,0.0000,-2.1510
1791430361.5329,0.0206,0.7814,0.0000,0.0000,0.0000,0.0000,0.0000,0.0000,-0.0015,-0.0015,-0.0031,-0.0046,-2.1510,0.0000,0.0000,-2.1510
1791430361.5523,0.0194,0.8900,0.0000,0.0000,0.0000,0.0000,0.0000,0.0000,-0.0015,-0.0015,-0.0031,-0.0031,-2.1510,0.0000,0.0000,-2.1510
1791430361.5723,0.0200,0.7886,0.0000,0.0000,0.0000,0.0000,0.0000,0.0000,-0.0015,-0.0015,-0.0031,-0.0031,-2.1510,0.0000,0.0000,-2.1510
1791430361.5923,0.0200,0.7605,0.0000,0.0000,0.0000,0.0000,0.0000,0.0000,-0.0015,-0.0015,-0.0031,-0.0031,-2.1510,0.0000,0.0000,-2.1510
1791430361.6123,0.0200,0.8794,0.0000,0.0000,0.0000,0.0000,0.0000,0.0000,-0.0015,-0.0015,-0.0031,-0.0031,-2.1510,0.0000,0.0000,-2.1510
1791430361.6326,0.0203,0.4324,0.0000,0.0000,0.0000,0.0000,0.0000,0.0000,-0.0015,-0.0015,-0.0031,-0.0031,-2.1510,0.0000,0.0000,-2.1510
1791430361.6522,0.0196,0.7131,0.0000,0.0000,0.0000,0.0000,0.0000,0.0000,-0.0015,-0.0015,-0.0031,-0.0031,-2.1510,0.0000,0.0000,-2.1510
1791430361.6722,0.0200,0.4764,0.0000,0.0000,0.0000,0.0000,0.0000,0.0000,-0.0015,-0.0015,-0.0031,-0.0031,-2.1510,0.0000,0.0000,-2.1510
1791430361.6923,0.0201,0.7712,0.0000,0.0000,0.0000,0.0000,0.0000,0.0000,-0.0015,-0.0015,-0.0031,-0.0031,-2.1510,0.0000,0.0000,-2.1510
1791430361.7123,0.0200,0.7218,0.0000,0.0000,0.0000,0.0000,0.0000,0.0000,-0.0015,-0.0015,-0.0031,-0.0031,-2.1510,0.0000,0.0000,-2.1510
1791430361.7328,0.0205,0.6787,0.0000,0.0000,0.0000,0.0000,0.0000,0.0000,-0.0015,-0.0015,-0.0031,-0.0046,-2.1510,0.0000,0.0000,-2.1510
1791430361.7523,0.0195,0.9653,0.0000,0.0000,0.0000,0.0000,0.0000,0.0000,-0.0015,-0.0015,-0.0031,-0.0031,-2.1510,0.0000,0.0000,-2.1510
1791430361.7724,0.0201,0.7137,0.0000,0.0000,0.0000,0.0000,0.0000,0.0000,-0.0015,-0.0015,-0.0031,-0.0031,-2.1510,0.0000,0.0000,-2.1510
1791430361.7923,0.0199,0.8126,0.0000,0.0000,0.0000,0.0000,0.0000,0.0000,-0.0015,-0.0015,-0.0031,-0.0046,-2.1510,0.0000,0.0000,-2.1510
1791430361.8123,0.0200,0.7892,0.0000,0.0000,0.0000,0.0000,0.0000,0.0000,-0.0015,-0.0015,-0.0031,-0.0031,-2.1510,0.0000,0.0000,-2.1510
1791430361.8326,0.0203,0.5384,0.0000,0.0000,0.0000,0.0000,0.0000,0.0000,-0.0015,-0.0015,-0.0031,-0.0031,-2.1510,0.0000,0.0000,-2.1510
1791430361.8523,0.0197,0.6413,0.0000,0.0000,0.0000,0.0000,0.0000,0.0000,-0.0015,-0.0015,-0.0031,-0.0031,-2.1510,0.0000,0.0000,-2.1510
1791430361.8723,0.0200,0.7460,0.0000,0.0000,0.0000,0.0000,0.0000,0.0000,-0.0015,-0.0015,-0.0031,-0.0031,-2.1510,0.0000,0.0000,-2.1510
1791430361.8922,0.0200,0.5004,0.0000,0.0000,0.0000,0.0000,0.0000,0.0000,-0.0015,-0.0015,-0.0031,-0.0031,-2.1510,0.0000,0.0000,-2.1510
1791430361.9123,0.0200,0.7511,0.0000,0.0000,0.0000,0.0000,0.0000,0.0000,-0.0015,-0.0015,-0.0031,-0.0031,-2.1510,0.0000,0.0000,-2.1510
1791430361.9325,0.0203,0.5172,0.0000,0.0000,0.0000,0.0000,0.0000,0.0000,-0.0015,-0.0015,-0.0031,-0.0046,-2.1510,0.0000,0.0000,-2.1510
1791430361.9523,0.0197,0.8581,0.0000,0.0000,0.0000,0.0000,0.0000,0.0000,-0.0015,-0.0015,-0.0031,-0.0046,-2.1510,0.0000,0.0000,-2.1510
1791430361.9723,0.0200,0.9071,0.0000,0.0000,0.0000,0.0000,0.0000,0.0000,-0.0015,-0.0015,-0.0031,-0.0031,-2.1510,0.0000,0.0000,-2.1510
1791430361.9923,0.0200,0.8146,0.0000,0.0000,0.0000,0.0000,0.0000,0.0000,-0.0015,-0.0015,-0.0031,-0.0031,-2.1510,0.0000,0.0000,-2.1510
1791430362.0123,0.0200,0.8179,0.0000,0.0000,0.0000,0.0000,0.0000,0.0000,-0.0015,-0.0015,-0.0031,-0.0031,-2.1509,0.0000,0.0000,-2.1509
1791430362.0329,0.0206,0.8046,0.0000,0.0000,0.0000,0.0000,0.0000,0.0000,-0.0015,-0.0015,-0.0031,-0.0031,-2.1509,0.0000,0.0000,-2.1509
1791430362.0523,0.0194,0.8586,0.0000,0.0000,0.0000,0.0000,0.0000,0.0000,-0.0015,-0.0015,-0.0031,-0.0031,-2.1509,0.0000,0.0000,-2.1509
1791430362.0723,0.0200,0.6872,0.0000,0.0000,0.0000,0.0000,0.0000,0.0000,-0.0015,-0.0015,-0.0031,-0.0031,-2.1510,0.0000,0.0000,-2.1510
1791430362.0922,0.0199,0.8444,0.0000,0.0000,0.0000,0.0000,0.0000,0.0000,-0.0015,-0.0015,-0.0031,-0.0031,-2.1510,0.0000,0.0000,-2.1510
1791430362.1122,0.0200,0.7416,0.0000,0.0000,0.0000,0.0000,0.0000,0.0000,-0.0015,-0.0015,-0.0031,-0.0031,-2.1509,0.0000,0.0000,-2.1509
1791430362.1328,0.0206,0.9103,0.0000,0.0000,0.0000,0.0000,0.0000,0.0000,-0.0015,-0.0015,-0.0031,-0.0031,-2.1509,0.0000,0.0000,-2.1509
1791430362.1523,0.0194,0.7825,0.0000,0.0000,0.0000,0.0000,0.0000,0.0000,-0.0015,-0.0015,-0.0031,-0.0031,-2.1509,0.0000,0.0000,-2.1509
1791430362.1723,0.0200,0.8857,0.0000,0.0000,0.0000,0.0000,0.0000,0.0000,-0.0015,-0.0015,-0.0031,-0.0031,-2.1509,0.0000,0.0000,-2.1509
1791430362.1923,0.0200,0.9406,0.0000,0.0000,0.0000,0.0000,0.0000,0.0000,-0.0015,-0.0015,-0.0031,-0.0031,-2.1509,0.0000,0.0000,-2.1509
1791430362.2123,0.0200,0.8296,0.0000,0.0000,0.0000,0.0000,0.0000,0.0000,-0.0015,-0.0015,-0.0031,-0.0031,-2.1509,0.0000,0.0000,-2.1509
1791430362.2329,0.0206,0.9409,0.0000,0.0000,0.0000,0.0000,0.0000,0.0000,-0.0015,-0.0015,-0.0031,-0.0031,-2.1509,0.0000,0.0000,-2.1509
1791430362.2523,0.0194,0.8744,0.0000,0.0000,0.0000,0.0000,0.0000,0.0000,-0.0015,-0.0015,-0.0031,-0.0031,-2.1509,0.0000,0.0000,-2.1509
1791430362.2723,0.0200,0.8984,0.0000,0.0000,0.0000,0.0000,0.0000,0.0000,-0.0015,-0.0015,-0.0031,-0.0031,-2.1509,0.0000,0.0000,-2.1509
1791430362.2923,0.0200,0.7793,0.0000,0.0000,0.0000,0.0000,0.0000,0.0000,-0.0015,-0.0015,-0.0031,-0.0031,-2.1509,0.0000,0.0000,-2.1509
1791430362.3123,0.0200,0.7463,0.0000,0.0000,0.0000,0.0000,0.0000,0.0000,-0.0015,-0.0015,-0.0031,-0.0031,-2.1509,0.0000,0.0000,-2.1509
1791430362.3328,0.0205,0.6565,0.0000,0.0000,0.0000,0.0000,0.0000,0.0000,-0.0015,-0.0015,-0.0031,-0.0031,-2.1509,0.0000,0.0000,-2.1509
1791430362.3523,0.0195,0.8850,0.0000,0.0000,0.0000,0.0000,0.0000,0.0000,-0.0015,-0.0015,-0.0031,-0.0046,-2.1509,0.0000,0.0000,-2.1509
1791430362.3723,0.0200,0.8779,0.0000,0.0000,0.0000,0.0000,0.0000,0.0000,-0.0015,-0.0015,-0.0031,-0.0031,-2.1509,0.0000,0.0000,-2.1509
1791430362.3923,0.0200,0.5649,0.0000,0.0000,0.0000,0.0000,0.0000,0.0000,-0.0015,-0.0015,-0.0031,-0.0031,-2.1509,0.0000,0.0000,-2.1509
1791430362.4122,0.0199,0.5497,0.0000,0.0000,0.0000,0.0000,0.0000,0.0000,-0.0015,-0.0015,-0.0031,-0.0031,-2.1509,0.0000,0.0000,-2.1509
1791430362.4330,0.0207,0.7856,0.0000,0.0000,0.0000,0.0000,0.0000,0.0000,-0.0015,-0.0015,-0.0031,-0.0031,-2.1509,0.0000,0.0000,-2.1509
1791430362.4523,0.0193,0.7891,0.0000,0.0000,0.0000,0.0000,0.0000,0.0000,-0.0015,-0.0015,-0.0031,-0.0031,-2.1509,0.0000,0.0000,-2.1509
1791430362.4723,0.0200,0.8236,0.0000,0.0000,0.0000,0.0000,0.0000,0.0000,-0.0015,-0.0015,-0.0031,-0.0031,-2.1509,0.0000,0.0000,-2.1509
1791430362.4923,0.0200,0.7037,0.0000,0.0000,0.0000,0.0000,0.0000,0.0000,-0.0015,-0.0015,-0.0031,-0.0046,-2.1509,0.0000,0.0000,-2.1509
1791430362.5123,0.0200,0.5796,0.0000,0.0000,0.0000,0.0000,0.0000,0.0000,-0.0015,-0.0015,-0.0031,-0.0031,-2.1509,0.0000,0.0000,-2.1509
1791430362.5326,0.0203,0.4226,0.0000,0.0000,0.0000,0.0000,0.0000,0.0000,-0.0015,-0.0015,-0.0031,-0.0046,-2.1509,0.0000,0.0000,-2.1509
1791430362.5523,0.0197,0.5763,0.0000,0.0000,0.0000,0.0000,0.0000,0.0000,-0.0015,-0.0015,-0.0031,-0.0031,-2.1509,0.0000,0.0000,-2.1509
1791430362.5722,0.0200,0.6125,0.0000,0.0000,0.0000,0.0000,0.0000,0.0000,-0.0015,-0.0015,-0.0031,-0.0031,-2.1509,0.0000,0.0000,-2.1509
1791430362.5923,0.0200,0.5635,0.0000,0.0000,0.0000,0.0000,0.0000,0.0000,-0.0015,-0.0015,-0.0031,-0.0031,-2.1509,0.0000,0.0000,-2.1509
1791430362.6123,0.0200,0.5742,0.0000,0.0000,0.0000,0.0000,0.0000,0.0000,-0.0015,-0.0015,-0.0031,-0.0031,-2.1509,0.0000,0.0000,-2.1509
1791430362.6326,0.0203,0.4861,0.0000,0.0000,0.0000,0.0000,0.0000,0.0000,-0.0015,-0.0015,-0.0031,-0.0031,-2.1509,0.0000,0.0000,-2.1509
1791430362.6523,0.0197,0.5479,0.0000,0.0000,0.0000,0.0000,0.0000,0.0000,-0.0015,-0.0015,-0.0031,-0.0031,-2.1509,0.0000,0.0000,-2.1509
1791430362.6723,0.0200,0.5727,0.0000,0.0000,0.0000,0.0000,0.0000,0.0000,-0.0015,-0.0015,-0.0031,-0.0031,-2.1509,0.0000,0.0000,-2.1509
1791430362.6923,0.0200,0.5794,0.0000,0.0000,0.0000,0.0000,0.0000,0.0000,-0.0015,-0.0015,-0.0031,-0.0031,-2.1509,0.0000,0.0000,-2.1509
1791430362.7122,0.0200,0.5956,0.0000,0.0000,0.0000,0.0000,0.0000,0.0000,-0.0015,-0.0015,-0.0031,-0.0031,-2.1509,0.0000,0.0000,-2.1509
1791430362.7326,0.0203,0.4989,0.0000,0.0000,0.0000,0.0000,0.0000,0.0000,-0.0015,-0.0015,-0.0031,-0.0031,-2.1509,0.0000,0.0000,-2.1509
1791430362.7523,0.0197,0.5744,0.0000,0.0000,0.0000,0.0000,0.0000,0.0000,-0.0015,-0.0015,-0.0031,-0.0031,-2.1509,0.0000,0.0000,-2.1509
1791430362.7723,0.0200,0.5758,0.0000,0.0000,0.0000,0.0000,0.0000,0.0000,-0.0015,-0.0015,-0.0031,-0.0031,-2.1509,0.0000,0.0000,-2.1509
1791430362.7923,0.0200,0.5718,0.0000,0.0000,0.0000,0.0000,0.0000,0.0000,-0.0015,-0.0015,-0.0031,-0.0046,-2.1509,0.0000,0.0000,-2.1509
1791430362.8123,0.0200,0.7023,0.0000,0.0000,0.0000,0.0000,0.0000,0.0000,-0.0015,-0.0015,-0.0031,-0.0046,-2.1509,0.0000,0.0000,-2.1509
1791430362.8330,0.0207,0.5280,0.0000,0.0000,0.0000,0.0000,0.0000,0.0000,-0.0015,-0.0015,-0.0031,-0.0046,-2.1508,0.0000,0.0000,-2.1508
1791430362.8523,0.0193,1.1392,0.0000,0.0000,0.0000,0.0000,0.0000,0.0000,-0.0015,-0.0015,-0.0031,-0.0031,-2.1508,0.0000,0.0000,-2.1508
1791430362.8723,0.0201,0.5708,0.0000,0.0000,0.0000,0.0000,0.0000,0.0000,-0.0015,-0.0015,-0.0031,-0.0031,-2.1509,0.0000,0.0000,-2.1509
1791430362.8923,0.0199,0.7221,0.0000,0.0000,0.0000,0.0000,0.0000,0.0000,-0.0015,-0.0015,-0.0031,-0.0031,-2.1508,0.0000,0.0000,-2.1508
1791430362.9123,0.0200,0.8300,0.0000,0.0000,0.0000,0.0000,0.0000,0.0000,-0.0015,-0.0015,-0.0031,-0.0031,-2.1508,0.0000,0.0000,-2.1508
1791430362.9327,0.0204,0.4850,0.0000,0.0000,0.0000,0.0000,0.0000,0.0000,-0.0015,-0.0015,-0.0031,-0.0031,-2.1508,0.0000,0.0000,-2.1508
1791430362.9522,0.0196,0.6139,0.0000,0.0000,0.0000,0.0000,0.0000,0.0000,-0.0015,-0.0015,-0.0031,-0.0031,-2.1508,0.0000,0.0000,-2.1508
1791430362.9723,0.0200,0.6423,0.0000,0.0000,0.0000,0.0000,0.0000,0.0000,-0.0015,-0.0015,-0.0031,-0.0031,-2.1509,0.0000,0.0000,-2.1509
1791430362.9922,0.0200,0.4849,0.0000,0.0000,0.0000,0.0000,0.0000,0.0000,-0.0015,-0.0015,-0.0031,-0.0031,-2.1509,0.0000,0.0000,-2.1509
1791430363.0122,0.0200,0.5518,0.0000,0.0000,0.0000,0.0000,0.0000,0.0000,-0.0015,-0.0015,-0.0031,-0.0031,-2.1509,0.0000,0.0000,-2.1509
1791430363.0326,0.0204,0.4059,0.0000,0.0000,0.0000,0.0000,0.0000,0.0000,-0.0015,-0.0015,-0.0031,-0.0031,-2.1508,0.0000,0.0000,-2.1508
1791430363.0522,0.0196,0.5683,0.0000,0.0000,0.0000,0.0000,0.0000,0.0000,-0.0015,-0.0015,-0.0031,-0.0031,-2.1508,0.0000,0.0000,-2.1508
1791430363.0722,0.0200,0.6110,0.0000,0.0000,0.0000,0.0000,0.0000,0.0000,-0.0015,-0.0015,-0.0031,-0.0031,-2.1508,0.0000,0.0000,-2.1508
1791430363.0923,0.0201,0.6575,0.0000,0.0000,0.0000,0.0000,0.0000,0.0000,-0.0015,-0.0015,-0.0031,-0.0031,-2.1508,0.0000,0.0000,-2.1508
1791430363.1123,0.0200,0.6070,0.0000,0.0000,0.0000,0.0000,0.0000,0.0000,-0.0015,-0.0015,-0.0031,-0.0031,-2.1508,0.0000,0.0000,-2.1508
1791430363.1327,0.0204,0.4768,0.0000,0.0000,0.0000,0.0000,0.0000,0.0000,-0.0015,-0.0015,-0.0031,-0.0046,-2.1508,0.0000,0.0000,-2.1508
1791430363.1522,0.0196,0.5836,0.0000,0.0000,0.0000,0.0000,0.0000,0.0000,-0.0015,-0.0015,-0.0031,-0.0031,-2.1508,0.0000,0.0000,-2.1508
1791430363.1723,0.0201,0.5724,0.0000,0.0000,0.0000,0.0000,0.0000,0.0000,-0.0015,-0.0015,-0.0031,-0.0031,-2.1508,0.0000,0.0000,-2.1508
1791430363.1924,0.0201,0.8720,0.0000,0.0000,0.0000,0.0000,0.0000,0.0000,-0.0015,-0.0015,-0.0031,-0.0031,-2.1508,0.0000,0.0000,-2.1508
1791430363.2123,0.0199,0.5540,0.0000,0.0000,0.0000,0.0000,0.0000,0.0000,-0.0015,-0.0015,-0.0031,-0.0046,-2.1508,0.0000,0.0000,-2.1508
1791430363.2326,0.0203,0.4156,0.0000,0.0000,0.0000,0.0000,0.0000,0.0000,-0.0015,-0.0015,-0.0031,-0.0031,-2.1508,0.0000,0.0000,-2.1508
1791430363.2523,0.0197,0.5490,0.0000,0.0000,0.0000,0.0000,0.0000,0.0000,-0.0015,-0.0015,-0.0031,-0.0031,-2.1508,0.0000,0.0000,-2.1508
1791430363.2723,0.0200,0.6236,0.0000,0.0000,0.0000,0.0000,0.0000,0.0000,-0.0015,-0.0015,-0.0031,-0.0046,-2.1508,0.0000,0.0000,-2.1508
1791430363.2922,0.0200,0.5745,0.0000,0.0000,0.0000,0.0000,0.0000,0.0000,-0.0015,-0.0015,-0.0031,-0.0031,-2.1508,0.0000,0.0000,-2.1508
1791430363.3122,0.0200,0.5328,0.0000,0.0000,0.0000,0.0000,0.0000,0.0000,-0.0015,-0.0015,-0.0031,-0.0031,-2.1508,0.0000,0.0000,-2.1508
1791430363.3325,0.0203,0.5207,0.0000,0.0000,0.0000,0.0000,0.0000,0.0000,-0.0015,-0.0015,-0.0031,-0.0031,-2.1508,0.0000,0.0000,-2.1508
1791430363.3522,0.0197,0.6171,0.0000,0.0000,0.0000,0.0000,0.0000,0.0000,-0.0015,-0.0015,-0.0031,-0.0031,-2.1508,0.0000,0.0000,-2.1508
1791430363.3723,0.0200,0.5601,0.0000,0.0000,0.0000,0.0000,0.0000,0.0000,-0.0015,-0.0015,-0.0031,-0.0031,-2.1508,0.0000,0.0000,-2.1508
1791430363.3922,0.0200,0.5296,0.0000,0.0000,0.0000,0.0000,0.0000,0.0000,-0.0015,-0.0015,-0.0031,-0.0031,-2.1508,0.0000,0.0000,-2.1508
1791430363.4122,0.0200,0.5444,0.0000,0.0000,0.0000,0.0000,0.0000,0.0000,-0.0015,-0.0015,-0.0031,-0.0031,-2.1508,0.0000,0.0000,-2.1508
1791430363.4326,0.0203,0.5301,0.0000,0.0000,0.0000,0.0000,0.0000,0.0000,-0.0015,-0.0015,-0.0031,-0.0031,-2.1508,0.0000,0.0000,-2.1508
1791430363.4522,0.0197,0.6367,0.0000,0.0000,0.0000,0.0000,0.0000,0.0000,-0.0015,-0.0015,-0.0031,-0.0031,-2.1508,0.0000,0.0000,-2.1508
1791430363.4722,0.0200,0.6011,0.0000,0.0000,0.0000,0.0000,0.0000,0.0000,-0.0015,-0.0015,-0.0031,-0.0031,-2.1508,0.0000,0.0000,-2.1508
1791430363.4922,0.0200,0.5596,0.0000,0.0000,0.0000,0.0000,0.0000,0.0000,-0.0015,-0.0015,-0.0031,-0.0031,-2.1508,0.0000,0.0000,-2.1508
1791430363.5122,0.0200,0.5791,0.0000,0.0000,0.0000,0.0000,0.0000,0.0000,-0.0015,-0.0015,-0.0031,-0.0031,-2.1508,0.0000,0.0000,-2.1508
1791430363.5326,0.0203,0.4609,0.0000,0.0000,0.0000,0.0000,0.0000,0.0000,-0.0015,-0.0015,-0.0031,-0.0031,-2.1508,0.0000,0.0000,-2.1508
1791430363.5523,0.0197,0.5901,0.0000,0.0000,0.0000,0.0000,0.0000,0.0000,-0.0015,-0.0015,-0.0031,-0.0046,-2.1508,0.0000,0.0000,-2.1508
1791430363.5722,0.0200,0.5715,0.0000,0.0000,0.0000,0.0000,0.0000,0.0000,-0.0015,-0.0015,-0.0031,-0.0031,-2.1508,0.0000,0.0000,-2.1508
1791430363.5923,0.0200,0.5413,0.0000,0.0000,0.0000,0.0000,0.0000,0.0000,-0.0015,-0.0015,-0.0031,-0.0046,-2.1508,0.0000,0.0000,-2.1508
1791430363.6123,0.0200,0.5769,0.0000,0.0000,0.0000,0.0000,0.0000,0.0000,-0.0015,-0.0015,-0.0031,-0.0031,-2.1508,0.0000,0.0000,-2.1508
1791430363.6326,0.0203,0.4785,0.0000,0.0000,0.0000,0.0000,0.0000,0.0000,-0.0015,-0.0015,-0.0031,-0.0031,-2.1508,0.0000,0.0000,-2.1508
1791430363.6522,0.0197,0.6169,0.0000,0.0000,0.0000,0.0000,0.0000,0.0000,-0.0015,-0.0015,-0.0031,-0.0031,-2.1508,0.0000,0.0000,-2.1508
1791430363.6722,0.0200,0.5739,0.0000,0.0000,0.0000,0.0000,0.0000,0.0000,-0.0015,-0.0015,-0.0031,-0.0031,-2.1508,0.0000,0.0000,-2.1508
1791430363.6923,0.0200,0.6380,0.0000,0.0000,0.0000,0.0000,0.0000,0.0000,-0.0015,-0.0015,-0.0031,-0.0031,-2.1508,0.0000,0.0000,-2.1508
1791430363.7123,0.0200,0.6161,0.0000,0.0000,0.0000,0.0000,0.0000,0.0000,-0.0015,-0.0015,-0.0031,-0.0031,-2.1508,0.0000,0.0000,-2.1508
1791430363.7326,0.0203,0.4621,0.0000,0.0000,0.0000,0.0000,0.0000,0.0000,-0.0015,-0.0015,-0.0031,-0.0031,-2.1508,0.0000,0.0000,-2.1508
1791430363.7523,0.0197,0.6399,0.0000,0.0000,0.0000,0.0000,0.0000,0.0000,-0.0015,-0.0015,-0.0031,-0.0031,-2.1507,0.0000,0.0000,-2.1507
1791430363.7723,0.0200,0.6149,0.0000,0.0000,0.0000,0.0000,0.0000,0.0000,-0.0015,-0.0015,-0.0031,-0.0031,-2.1507,0.0000,0.0000,-2.1507
1791430363.7922,0.0200,0.5847,0.0000,0.0000,0.0000,0.0000,0.0000,0.0000,-0.0015,-0.0015,-0.0031,-0.0031,-2.1508,0.0000,0.0000,-2.1508
1791430363.8123,0.0200,0.6331,0.0000,0.0000,0.0000,0.0000,0.0000,0.0000,-0.0015,-0.0015,-0.0031,-0.0031,-2.1507,0.0000,0.0000,-2.1507
1791430363.8330,0.0207,0.5501,0.0000,0.0000,0.0000,0.0000,0.0000,0.0000,-0.0015,-0.0015,-0.0031,-0.0031,-2.1507,0.0000,0.0000,-2.1507
1791430363.8523,0.0193,0.5603,0.0000,0.0000,0.0000,0.0000,0.0000,0.0000,-0.0015,-0.0015,-0.0031,-0.0031,-2.1508,0.0000,0.0000,-2.1508
1791430363.8723,0.0200,0.6443,0.0000,0.0000,0.0000,0.0000,0.0000,0.0000,-0.0015,-0.0015,-0.0031,-0.0031,-2.1508,0.0000,0.0000,-2.1508
1791430363.8923,0.0200,0.6082,0.0000,0.0000,0.0000,0.0000,0.0000,0.0000,-0.0015,-0.0015,-0.0031,-0.0031,-2.1507,0.0000,0.0000,-2.1507
1791430363.9123,0.0200,0.7669,0.0000,0.0000,0.0000,0.0000,0.0000,0.0000,-0.0015,-0.0015,-0.0031,-0.0031,-2.1507,0.0000,0.0000,-2.1507
1791430363.9326,0.0203,0.4799,0.0000,0.0000,0.0000,0.0000,0.0000,0.0000,-0.0015,-0.0015,-0.0031,-0.0031,-2.1507,0.0000,0.0000,-2.1507
1791430363.9523,0.0197,0.5926,0.0000,0.0000,0.0000,0.0000,0.0000,0.0000,-0.0015,-0.0015,-0.0031,-0.0031,-2.1507,0.0000,0.0000,-2.1507
1791430363.9723,0.0200,0.5740,0.0000,0.0000,0.0000,0.0000,0.0000,0.0000,-0.0015,-0.0015,-0.0031,-0.0046,-2.1508,0.0000,0.0000,-2.1508
1791430363.9923,0.0200,0.5902,0.0000,0.0000,0.0000,0.0000,0.0000,0.0000,-0.0015,-0.0015,-0.0031,-0.0031,-2.1507,0.0000,0.0000,-2.1507
1791430364.0123,0.0200,0.5537,0.0000,0.0000,0.0000,0.0000,0.0000,0.0000,-0.0015,-0.0015,-0.0031,-0.0031,-2.1507,0.0000,0.0000,-2.1507
1791430364.0326,0.0203,0.6022,0.0000,0.0000,0.0000,0.0000,0.0000,0.0000,-0.0015,-0.0015,-0.0031,-0.0046,-2.1507,0.0000,0.0000,-2.1507
1791430364.0522,0.0197,0.6744,0.0000,0.0000,0.0000,0.0000,0.0000,0.0000,-0.0015,-0.0015,-0.0031,-0.0031,-2.1507,0.0000,0.0000,-2.1507
1791430364.0722,0.0200,0.6672,0.0000,0.0000,0.0000,0.0000,0.0000,0.0000,-0.0015,-0.0015,-0.0031,-0.0031,-2.1507,0.0000,0.0000,-2.1507
1791430364.0922,0.0200,0.5809,0.0000,0.0000,0.0000,0.0000,0.0000,0.0000,-0.0015,-0.0015,-0.0031,-0.0031,-2.1507,0.0000,0.0000,-2.1507
1791430364.1123,0.0200,0.6151,0.0000,0.0000,0.0000,0.0000,0.0000,0.0000,-0.0015,-0.0015,-0.0031,-0.0031,-2.1507,0.0000,0.0000,-2.1507
1791430364.1326,0.0203,0.4840,0.0000,0.0000,0.0000,0.0000,0.0000,0.0000,-0.0015,-0.0015,-0.0031,-0.0031,-2.1507,0.0000,0.0000,-2.1507
1791430364.1522,0.0197,0.5558,0.0000,0.0000,0.0000,0.0000,0.0000,0.0000,-0.0015,-0.0015,-0.0031,-0.0031,-2.1507,0.0000,0.0000,-2.1507
1791430364.1723,0.0200,0.6454,0.0000,0.0000,0.0000,0.0000,0.0000,0.0000,-0.0015,-0.0015,-0.0031,-0.0046,-2.1507,0.0000,0.0000,-2.1507
1791430364.1922,0.0200,0.5031,0.0000,0.0000,0.0000,0.0000,0.0000,0.0000,-0.0015,-0.0015,-0.0031,-0.0031,-2.1507,0.0000,0.0000,-2.1507
1791430364.2123,0.0200,0.6657,0.0000,0.0000,0.0000,0.0000,0.0000,0.0000,-0.0015,-0.0015,-0.0031,-0.0031,-2.1507,0.0000,0.0000,-2.1507
1791430364.2326,0.0203,0.4314,0.0000,0.0000,0.0000,0.0000,0.0000,0.0000,-0.0015,-0.0015,-0.0031,-0.0046,-2.1507,0.0000,0.0000,-2.1507
1791430364.2523,0.0197,0.5670,0.0000,0.0000,0.0000,0.0000,0.0000,0.0000,-0.0015,-0.0015,-0.0031,-0.0031,-2.1507,0.0000,0.0000,-2.1507
1791430364.2723,0.0200,0.7949,0.0000,0.0000,0.0000,0.0000,0.0000,0.0000,-0.0015,-0.0015,-0.0031,-0.0031,-2.1507,0.0000,0.0000,-2.1507
1791430364.2922,0.0200,0.6196,0.0000,0.0000,0.0000,0.0000,0.0000,0.0000,-0.0015,-0.0015,-0.0031,-0.0031,-2.1507,0.0000,0.0000,-2.1507
1791430364.3122,0.0200,0.5521,0.0000,0.0000,0.0000,0.0000,0.0000,0.0000,-0.0015,-0.0015,-0.0031,-0.0031,-2.1507,0.0000,0.0000,-2.1507
1791430364.3326,0.0204,0.4993,0.0000,0.0000,0.0000,0.0000,0.0000,0.0000,-0.0015,-0.0015,-0.0031,-0.0031,-2.1507,0.0000,0.0000,-2.1507
1791430364.3523,0.0197,0.9347,0.0000,0.0000,0.0000,0.0000,0.0000,0.0000,-0.0015,-0.0015,-0.0031,-0.0031,-2.1507,0.0000,0.0000,-2.1507
1791430364.3723,0.0200,0.8679,0.0000,0.0000,0.0000,0.0000,0.0000,0.0000,-0.0015,-0.0015,-0.0031,-0.0031,-2.1507,0.0000,0.0000,-2.1507
1791430364.3923,0.0199,0.5134,0.0000,0.0000,0.0000,0.0000,0.0000,0.0000,-0.0015,-0.0015,-0.0031,-0.0031,-2.1507,0.0000,0.0000,-2.1507
1791430364.4123,0.0200,0.7093,0.0000,0.0000,0.0000,0.0000,0.0000,0.0000,-0.0015,-0.0015,-0.0031,-0.0031,-2.1507,0.0000,0.0000,-2.1507
1791430364.4328,0.0205,0.7379,0.0000,0.0000,0.0000,0.0000,0.0000,0.0000,-0.0015,-0.0015,-0.0031,-0.0031,-2.1507,0.0000,0.0000,-2.1507
1791430364.4524,0.0196,0.8512,0.0000,0.0000,0.0000,0.0000,0.0000,0.0000,-0.0015,-0.0015,-0.0031,-0.0031,-2.1507,0.0000,0.0000,-2.1507
1791430364.4723,0.0199,0.7399,0.0000,0.0000,0.0000,0.0000,0.0000,0.0000,-0.0015,-0.0015,-0.0031,-0.0031,-2.1507,0.0000,0.0000,-2.1507
1791430364.4922,0.0200,0.6002,0.0000,0.0000,0.0000,0.0000,0.0000,0.0000,-0.0015,-0.0015,-0.0031,-0.0031,-2.1507,0.0000,0.0000,-2.1507
1791430364.5122,0.0200,0.6780,0.0000,0.0000,0.0000,0.0000,0.0000,0.0000,-0.0015,-0.0015,-0.0031,-0.0031,-2.1507,0.0000,0.0000,-2.1507
1791430364.5328,0.0206,0.8323,0.0000,0.0000,0.0000,0.0000,0.0000,0.0000,-0.0015,-0.0015,-0.0031,-0.0031,-2.1507,0.0000,0.0000,-2.1507
1791430364.5523,0.0194,0.7185,0.0000,0.0000,0.0000,0.0000,0.0000,0.0000,-0.0015,-0.0015,-0.0031,-0.0031,-2.1507,0.0000,0.0000,-2.1507
1791430364.5723,0.0200,0.7825,0.0000,0.0000,0.0000,0.0000,0.0000,0.0000,-0.0015,-0.0015,-0.0031,-0.0031,-2.1507,0.0000,0.0000,-2.1507
1791430364.5923,0.0200,0.5640,0.0000,0.0000,0.0000,0.0000,0.0000,0.0000,-0.0015,-0.0015,-0.0031,-0.0046,-2.1507,0.0000,0.0000,-2.1507
1791430364.6123,0.0200,0.8546,0.0000,0.0000,0.0000,0.0000,0.0000,0.0000,-0.0015,-0.0015,-0.0031,-0.0031,-2.1507,0.0000,0.0000,-2.1507
1791430364.6329,0.0206,0.6844,0.0000,0.0000,0.0000,0.0000,0.0000,0.0000,-0.0015,-0.0015,-0.0031,-0.0046,-2.1507,0.0000,0.0000,-2.1507
1791430364.6523,0.0194,0.5242,0.0000,0.0000,0.0000,0.0000,0.0000,0.0000,-0.0015,-0.0015,-0.0031,-0.0031,-2.1507,0.0000,0.0000,-2.1507
1791430364.6723,0.0200,0.8251,0.0000,0.0000,0.0000,0.0000,0.0000,0.0000,-0.0015,-0.0015,-0.0031,-0.0031,-2.1507,0.0000,0.0000,-2.1507
1791430364.6923,0.0201,0.8748,0.0000,0.0000,0.0000,0.0000,0.0000,0.0000,-0.0015,-0.0015,-0.0031,-0.0046,-2.1506,0.0000,0.0000,-2.1506
1791430364.7123,0.0200,0.8532,0.0000,0.0000,0.0000,0.0000,0.0000,0.0000,-0.0015,-0.0015,-0.0031,-0.0031,-2.1507,0.0000,0.0000,-2.1507
1791430364.7329,0.0205,0.9005,0.0000,0.0000,0.0000,0.0000,0.0000,0.0000,-0.0015,-0.0015,-0.0031,-0.0031,-2.1506,0.0000,0.0000,-2.1506
1791430364.7524,0.0195,0.9571,0.0000,0.0000,0.0000,0.0000,0.0000,0.0000,-0.0015,-0.0015,-0.0031,-0.0031,-2.1506,0.0000,0.0000,-2.1506
1791430364.7724,0.0200,0.8806,0.0000,0.0000,0.0000,0.0000,0.0000,0.0000,-0.0015,-0.0015,-0.0031,-0.0046,-2.1506,0.0000,0.0000,-2.1506
1791430364.7923,0.0200,0.7588,0.0000,0.0000,0.0000,0.0000,0.0000,0.0000,-0.0015,-0.0015,-0.0031,-0.0046,-2.1506,0.0000,0.0000,-2.1506
1791430364.8123,0.0199,0.6393,0.0000,0.0000,0.0000,0.0000,0.0000,0.0000,-0.0015,-0.0015,-0.0031,-0.0031,-2.1506,0.0000,0.0000,-2.1506
1791430364.8327,0.0204,0.5819,0.0000,0.0000,0.0000,0.0000,0.0000,0.0000,-0.0015,-0.0015,-0.0031,-0.0031,-2.1506,0.0000,0.0000,-2.1506
1791430364.8523,0.0196,0.5896,0.0000,0.0000,0.0000,0.0000,0.0000,0.0000,-0.0015,-0.0015,-0.0031,-0.0031,-2.1506,0.0000,0.0000,-2.1506
1791430364.8722,0.0200,0.5873,0.0000,0.0000,0.0000,0.0000,0.0000,0.0000,-0.0015,-0.0015,-0.0031,-0.0031,-2.1506,0.0000,0.0000,-2.1506
1791430364.8923,0.0200,0.6372,0.0000,0.0000,0.0000,0.0000,0.0000,0.0000,-0.0015,-0.0015,-0.0031,-0.0031,-2.1506,0.0000,0.0000,-2.1506
1791430364.9123,0.0201,1.0395,0.0000,0.0000,0.0000,0.0000,0.0000,0.0000,-0.0015,-0.0015,-0.0031,-0.0031,-2.1506,0.0000,0.0000,-2.1506
1791430364.9327,0.0204,0.5328,0.0000,0.0000,0.0000,0.0000,0.0000,0.0000,-0.0015,-0.0015,-0.0031,-0.0031,-2.1506,0.0000,0.0000,-2.1506
1791430364.9523,0.0196,0.5973,0.0000,0.0000,0.0000,0.0000,0.0000,0.0000,-0.0015,-0.0015,-0.0031,-0.0046,-2.1506,0.0000,0.0000,-2.1506
1791430364.9723,0.0200,0.7075,0.0000,0.0000,0.0000,0.0000,0.0000,0.0000,-0.0015,-0.0015,-0.0031,-0.0031,-2.1506,0.0000,0.0000,-2.1506
1791430364.9922,0.0199,0.5950,0.0000,0.0000,0.0000,0.0000,0.0000,0.0000,-0.0015,-0.0015,-0.0031,-0.0031,-2.1506,0.0000,0.0000,-2.1506
1791430365.0123,0.0200,0.5325,0.0000,0.0000,0.0000,0.0000,0.0000,0.0000,-0.0015,-0.0015,-0.0031,-0.0031,-2.1506,0.0000,0.0000,-2.1506
1791430365.0328,0.0206,0.7463,0.0000,0.0617,-0.2808,0.0000,0.2808,0.0000,-0.0015,-0.0015,-0.0031,-0.0031,-2.1506,0.0000,0.0000,-2.1506
1791430365.0523,0.0195,0.8764,0.0000,0.1202,-0.5471,0.0000,0.5471,0.0000,-0.0015,-0.0015,-0.0031,-0.0031,-2.1506,0.0000,0.0000,-2.1506
1791430365.0722,0.0199,0.6472,0.0000,0.1799,-0.8187,0.0000,0.8187,0.0000,-0.0015,-0.0015,-0.0031,-0.0046,-2.1506,0.0000,0.0000,-2.1506
1791430365.0923,0.0200,0.7656,0.0000,0.2401,-1.0924,-0.0240,1.0924,0.0240,-0.0015,-0.0015,-0.0031,-0.0031,-2.1506,0.0000,0.0053,-2.1506
1791430365.1122,0.0199,0.4957,0.0000,0.2999,-1.3647,-0.1679,1.3647,0.1679,-0.0015,-0.0015,-0.0031,-0.0031,-2.1506,0.0000,0.0369,-2.1506
1791430365.1328,0.0206,0.7643,0.0000,0.3617,-1.6458,-0.3837,1.6458,0.3837,-0.0015,-0.0015,-0.0031,-0.0031,-2.1506,0.0000,0.0843,-2.1506
1791430365.1523,0.0195,0.9680,0.0000,0.4201,-1.9128,-0.5995,1.9128,0.5995,-0.0015,-0.0015,-0.0031,-0.0031,-2.1506,0.0000,0.1317,-2.1506
1791430365.1722,0.0199,0.4950,0.0000,0.4799,-2.1885,-0.8153,2.1885,0.8153,-0.0015,-0.0015,-0.0031,-0.0046,-2.1506,0.0000,0.1792,-2.1506
1791430365.1923,0.0200,0.7321,0.0000,0.5000,-2.2814,-1.0791,2.2814,1.0791,-0.0015,-0.0015,-0.0031,-0.0031,-2.1506,0.0000,0.2371,-2.1506
1791430365.2123,0.0200,0.7595,0.0000,0.5000,-2.2814,-1.1990,2.2814,1.2230,-0.0015,-0.0015,-0.0031,-0.0046,-2.1506,0.0004,0.2661,-2.1506
1791430365.2330,0.0207,0.7409,0.0000,0.5000,-2.2814,-1.5588,2.2814,1.6067,-0.0015,-0.0015,-0.0031,-0.0031,-2.1506,0.0008,0.3477,-2.1506
1791430365.2523,0.0194,0.8152,0.0000,0.5000,-2.2814,-1.7026,2.2814,1.7266,-0.0015,-0.0015,-0.0031,-0.0031,-2.1506,0.0004,0.3767,-2.1506
1791430365.2722,0.0199,0.5373,0.0000,0.5000,-2.2814,-1.9185,2.2814,1.9185,-0.0015,-0.0015,-0.0031,-0.0031,-2.1506,0.0000,0.4214,-2.1506
1791430365.2923,0.0200,0.7681,0.0000,0.5000,-2.2814,-2.0384,2.2814,2.0624,-0.0015,-0.0015,-0.0031,-0.0031,-2.1506,0.0004,0.4499,-2.1506
1791430365.3123,0.0200,0.8757,0.0000,0.5000,-2.2814,-2.1103,2.2814,2.1583,-0.0015,-0.0015,-0.0031,-0.0031,-2.1506,0.0008,0.4680,-2.1506
1791430365.3329,0.0206,0.9376,0.0000,0.5000,-2.2814,-2.1823,2.2814,2.1823,-0.0015,-0.0015,-0.0031,-0.0046,-2.1506,0.0000,0.4785,-2.1506
1791430365.3523,0.0195,0.8847,0.0000,0.5000,-2.2814,-2.2302,2.2814,2.2062,-0.0015,-0.0015,-0.0031,-0.0031,-2.1506,-0.0004,0.4863,-2.1506
1791430365.3722,0.0199,0.5017,0.0000,0.5000,-2.2814,-2.2302,2.2814,2.2542,-0.0015,-0.0015,-0.0031,-0.0031,-2.1506,0.0004,0.4915,-2.1506
1791430365.3923,0.0200,0.7513,0.0000,0.5000,-2.2814,-2.2542,2.2814,2.2542,-0.0015,-0.0015,-0.0031,-0.0046,-2.1506,0.0000,0.4941,-2.1506
1791430365.4123,0.0201,0.8404,0.0000,0.5000,-2.2814,-2.2302,2.2814,2.2542,-0.0015,-0.0015,-0.0031,-0.0031,-2.1506,0.0004,0.4915,-2.1506
1791430365.4328,0.0205,0.8980,0.0000,0.5000,-2.2814,-2.2302,2.2814,2.2542,-0.0015,-0.0015,-0.0031,-0.0031,-2.1506,0.0004,0.4915,-2.1506
1791430365.4523,0.0195,0.8624,0.0000,0.5000,-2.2814,-2.2542,2.2814,2.2542,-0.0015,-0.0015,-0.0031,-0.0031,-2.1506,0.0000,0.4941,-2.1506
1791430365.4722,0.0199,0.5477,0.0000,0.5000,-2.2814,-2.2542,2.2814,2.2782,-0.0015,-0.0015,-0.0031,-0.0031,-2.1506,0.0004,0.4966,-2.1506
1791430365.4923,0.0201,0.8646,0.0000,0.5000,-2.2814,-2.2782,2.2814,2.2782,-0.0015,-0.0015,-0.0031,-0.0031,-2.1506,0.0000,0.4993,-2.1506
1791430365.5124,0.0201,0.8426,0.0000,0.5000,-2.2814,-2.2782,2.2814,2.2542,-0.0015,-0.0015,-0.0031,-0.0031,-2.1506,-0.0004,0.4967,-2.1506
1791430365.5328,0.0205,0.7319,0.0000,0.5000,-2.2814,-2.2542,2.2814,2.2542,-0.0015,-0.0015,-0.0031,-0.0046,-2.1506,0.0000,0.4941,-2.1506
1791430365.5524,0.0195,0.9487,0.0000,0.5000,-2.2814,-2.2782,2.2814,2.2542,-0.0015,-0.0015,-0.0031,-0.0031,-2.1506,-0.0004,0.4967,-2.1506
1791430365.5722,0.0199,0.4817,0.0000,0.5000,-2.2814,-2.2782,2.2814,2.2542,-0.0015,-0.0015,-0.0031,-0.0031,-2.1506,-0.0004,0.4967,-2.1506
1791430365.5922,0.0200,0.7235,0.0000,0.5000,-2.2814,-2.2782,2.2814,2.2782,-0.0015,-0.0015,-0.0031,-0.0031,-2.1506,0.0000,0.4993,-2.1506
1791430365.6123,0.0201,0.8348,0.0000,0.5000,-2.2814,-2.2782,2.2814,2.2782,-0.0015,-0.0015,-0.0031,-0.0031,-2.1506,0.0000,0.4993,-2.1506
1791430365.6330,0.0206,0.8435,0.0000,0.5000,-2.2814,-2.2542,2.2814,2.2542,-0.0015,-0.0015,-0.0031,-0.0031,-2.1506,0.0000,0.4941,-2.1506
1791430365.6523,0.0193,0.8538,0.0000,0.5000,-2.2814,-2.2542,2.2814,2.2542,-0.0015,-0.0015,-0.0031,-0.0046,-2.1506,0.0000,0.4941,-2.1506
1791430365.6722,0.0199,0.4668,0.0000,0.5000,-2.2814,-2.2782,2.2814,2.2542,-0.0015,-0.0015,-0.0031,-0.0031,-2.1506,-0.0004,0.4967,-2.1506
1791430365.6922,0.0200,0.6562,0.0000,0.5000,-2.2814,-2.2782,2.2814,2.2302,-0.0015,-0.0015,-0.0031,-0.0031,-2.1506,-0.0008,0.4940,-2.1506
1791430365.7123,0.0200,0.7103,0.0000,0.5000,-2.2814,-2.2782,2.2814,2.2542,-0.0015,-0.0015,-0.0031,-0.0031,-2.1505,-0.0004,0.4967,-2.1505
1791430365.7328,0.0206,0.7165,0.0000,0.5000,-2.2814,-2.2782,2.2814,2.2542,-0.0015,-0.0015,-0.0031,-0.0031,-2.1506,-0.0004,0.4967,-2.1506
1791430365.7523,0.0195,0.9714,0.0000,0.5000,-2.2814,-2.2782,2.2814,2.2542,-0.0015,-0.0015,-0.0031,-0.0031,-2.1506,-0.0004,0.4967,-2.1506
1791430365.7722,0.0199,0.6757,0.0000,0.5000,-2.2814,-2.2542,2.2814,2.2302,-0.0015,-0.0015,-0.0031,-0.0031,-2.1506,-0.0004,0.4915,-2.1506
1791430365.7923,0.0201,0.8390,0.0000,0.5000,-2.2814,-2.2782,2.2814,2.2542,-0.0015,-0.0015,-0.0031,-0.0031,-2.1506,-0.0004,0.4967,-2.1506
1791430365.8123,0.0200,0.7125,0.0000,0.5000,-2.2814,-2.2782,2.2814,2.2542,-0.0015,-0.0015,-0.0031,-0.0031,-2.1505,-0.0004,0.4967,-2.1505
1791430365.8328,0.0205,0.8113,0.0000,0.5000,-2.2814,-2.2782,2.2814,2.2542,-0.0015,-0.0015,-0.0031,-0.0031,-2.1505,-0.0004,0.4967,-2.1505
1791430365.8523,0.0196,0.7756,0.0000,0.5000,-2.2814,-2.2542,2.2814,2.2782,-0.0015,-0.0015,-0.0031,-0.0031,-2.1505,0.0004,0.4966,-2.1505
1791430365.8722,0.0199,0.4822,0.0000,0.5000,-2.2814,-2.2542,2.2814,2.2542,-0.0015,-0.0015,-0.0031,-0.0031,-2.1505,0.0000,0.4941,-2.1505
1791430365.8923,0.0201,0.8729,0.0000,0.5000,-2.2814,-2.2542,2.2814,2.2542,-0.0015,-0.0015,-0.0031,-0.0031,-2.1505,0.0000,0.4941,-2.1505
1791430365.9123,0.0200,0.8343,0.0000,0.5000,-2.2814,-2.3022,2.2814,2.2782,-0.0015,-0.0015,-0.0031,-0.0046,-2.1505,-0.0004,0.5018,-2.1505
1791430365.9325,0.0201,0.4505,0.0000,0.5000,-2.2814,-2.3022,2.2814,2.2542,-0.0015,-0.0015,-0.0031,-0.0031,-2.1505,-0.0008,0.4992,-2.1505
1791430365.9523,0.0198,0.8996,0.0000,0.5000,-2.2814,-2.2782,2.2814,2.2542,-0.0015,-0.0015,-0.0031,-0.0031,-2.1505,-0.0004,0.4967,-2.1505
1791430365.9722,0.0199,0.5927,0.0000,0.5000,-2.2814,-2.2782,2.2814,2.2542,-0.0015,-0.0015,-0.0031,-0.0046,-2.1505,-0.0004,0.4967,-2.1505
1791430365.9923,0.0201,0.8469,0.0000,0.5000,-2.2814,-2.2782,2.2814,2.2542,-0.0015,-0.0015,-0.0031,-0.0046,-2.1505,-0.0004,0.4967,-2.1505
1791430366.0123,0.0200,0.6808,0.0000,0.5000,-2.2814,-2.2542,2.2814,2.2782,-0.0015,-0.0015,-0.0031,-0.0031,-2.1505,0.0004,0.4966,-2.1505
1791430366.0329,0.0206,0.7009,0.0000,0.5000,-2.2814,-2.2542,2.2814,2.2782,-0.0015,-0.0015,-0.0031,-0.0031,-2.1505,0.0004,0.4966,-2.1505
1791430366.0523,0.0194,0.8259,0.0000,0.5000,-2.2814,-2.2782,2.2814,2.2542,-0.0015,-0.0015,-0.0031,-0.0031,-2.1505,-0.0004,0.4967,-2.1505
1791430366.0722,0.0199,0.4610,0.0000,0.5000,-2.2814,-2.2542,2.2814,2.2542,-0.0015,-0.0015,-0.0031,-0.0031,-2.1505,0.0000,0.4941,-2.1505
1791430366.0922,0.0200,0.5777,0.0000,0.5000,-2.2814,-2.2542,2.2814,2.2542,-0.0015,-0.0015,-0.0031,-0.0031,-2.1505,0.0000,0.4941,-2.1505
1791430366.1123,0.0201,0.7618,0.0000,0.5000,-2.2814,-2.2782,2.2814,2.2542,-0.0015,-0.0015,-0.0031,-0.0031,-2.1505,-0.0004,0.4967,-2.1505
1791430366.1329,0.0206,0.8283,0.0000,0.5000,-2.2814,-2.2782,2.2814,2.2782,-0.0015,-0.0015,-0.0031,-0.0046,-2.1505,0.0000,0.4993,-2.1505
1791430366.1523,0.0195,0.9180,0.0000,0.5000,-2.2814,-2.2542,2.2814,2.2542,-0.0015,-0.0015,-0.0031,-0.0031,-2.1505,0.0000,0.4941,-2.1505
1791430366.1722,0.0199,0.6026,0.0000,0.5000,-2.2814,-2.2542,2.2814,2.2542,-0.0015,-0.0015,-0.0031,-0.0031,-2.1505,0.0000,0.4941,-2.1505
1791430366.1923,0.0201,0.7699,0.0000,0.5000,-2.2814,-2.2542,2.2814,2.2782,-0.0015,-0.0015,-0.0031,-0.0031,-2.1505,0.0004,0.4966,-2.1505
1791430366.2123,0.0199,0.6375,0.0000,0.5000,-2.2814,-2.2542,2.2814,2.2542,-0.0015,-0.0015,-0.0031,-0.0046,-2.1505,0.0000,0.4941,-2.1505
1791430366.2328,0.0205,0.6752,0.0000,0.5000,-2.2814,-2.2542,2.2814,2.2542,-0.0015,-0.0015,-0.0031,-0.0031,-2.1505,0.0000,0.4941,-2.1505
1791430366.2523,0.0195,0.7916,0.0000,0.5000,-2.2814,-2.2542,2.2814,2.2782,-0.0015,-0.0015,-0.0031,-0.0031,-2.1505,0.0004,0.4966,-2.1505
1791430366.2722,0.0199,0.5413,0.0000,0.5000,-2.2814,-2.2782,2.2814,2.2782,-0.0015,-0.0015,-0.0031,-0.0031,-2.1505,0.0000,0.4993,-2.1505
1791430366.2922,0.0200,0.6734,0.0000,0.5000,-2.2814,-2.2782,2.2814,2.2782,-0.0015,-0.0015,-0.0031,-0.0031,-2.1505,0.0000,0.4993,-2.1505
1791430366.3123,0.0201,0.7301,0.0000,0.5000,-2.2814,-2.2782,2.2814,2.2542,-0.0015,-0.0015,-0.0031,-0.0031,-2.1505,-0.0004,0.4967,-2.1505
1791430366.3329,0.0206,0.8914,0.0000,0.5000,-2.2814,-2.2542,2.2814,2.2542,-0.0015,-0.0015,-0.0031,-0.0031,-2.1505,0.0000,0.4941,-2.1505
1791430366.3523,0.0194,0.8277,0.0000,0.5000,-2.2814,-2.2542,2.2814,2.2542,-0.0015,-0.0015,-0.0031,-0.0031,-2.1505,0.0000,0.4941,-2.1505
1791430366.3722,0.0200,0.5488,0.0000,0.5000,-2.2814,-2.2782,2.2814,2.2782,-0.0015,-0.0015,-0.0031,-0.0031,-2.1505,0.0000,0.4993,-2.1505
1791430366.3923,0.0200,0.8146,0.0000,0.5000,-2.2814,-2.2782,2.2814,2.2782,-0.0015,-0.0015,-0.0031,-0.0046,-2.1505,0.0000,0.4993,-2.1505
1791430366.4123,0.0200,0.8292,0.0000,0.5000,-2.2814,-2.2782,2.2814,2.2542,-0.0015,-0.0015,-0.0031,-0.0031,-2.1505,-0.0004,0.4967,-2.1505
1791430366.4329,0.0206,0.9556,0.0000,0.5000,-2.2814,-2.2542,2.2814,2.2782,-0.0015,-0.0015,-0.0031,-0.0031,-2.1505,0.0004,0.4966,-2.1505
1791430366.4523,0.0194,0.8947,0.0000,0.5000,-2.2814,-2.2542,2.2814,2.2542,-0.0015,-0.0015,-0.0031,-0.0046,-2.1505,0.0000,0.4941,-2.1505
1791430366.4722,0.0199,0.4847,0.0000,0.5000,-2.2814,-2.2782,2.2814,2.2542,-0.0015,-0.0015,-0.0031,-0.0031,-2.1505,-0.0004,0.4967,-2.1505
1791430366.4923,0.0201,0.8776,0.0000,0.5000,-2.2814,-2.2542,2.2814,2.2782,-0.0015,-0.0015,-0.0031,-0.0046,-2.1504,0.0004,0.4966,-2.1504
1791430366.5124,0.0200,0.8484,0.0000,0.5000,-2.2814,-2.2542,2.2814,2.2782,-0.0015,-0.0015,-0.0031,-0.0046,-2.1505,0.0004,0.4966,-2.1505
1791430366.5328,0.0204,0.6657,0.0000,0.5000,-2.2814,-2.2782,2.2814,2.2542,-0.0015,-0.0015,-0.0031,-0.0031,-2.1505,-0.0004,0.4967,-2.1505
1791430366.5523,0.0195,0.7088,0.0000,0.5000,-2.2814,-2.2782,2.2814,2.2782,-0.0015,-0.0015,-0.0031,-0.0031,-2.1505,0.0000,0.4993,-2.1505
1791430366.5722,0.0199,0.4972,0.0000,0.5000,-2.2814,-2.2302,2.2814,2.2782,-0.0015,-0.0015,-0.0031,-0.0031,-2.1505,0.0008,0.4940,-2.1505
1791430366.5923,0.0200,0.6776,0.0000,0.5000,-2.2814,-2.2542,2.2814,2.2782,-0.0015,-0.0015,-0.0031,-0.0031,-2.1504,0.0004,0.4966,-2.1504
1791430366.6123,0.0201,0.7975,0.0000,0.5000,-2.2814,-2.2542,2.2814,2.2782,-0.0015,-0.0015,-0.0031,-0.0046,-2.1505,0.0004,0.4966,-2.1505
1791430366.6328,0.0205,0.7616,0.0000,0.5000,-2.2814,-2.2542,2.2814,2.2782,-0.0015,-0.0015,-0.0031,-0.0031,-2.1504,0.0004,0.4966,-2.1504
1791430366.6523,0.0195,0.7650,0.0000,0.5000,-2.2814,-2.2782,2.2814,2.2782,-0.0015,-0.0015,-0.0031,-0.0031,-2.1504,0.0000,0.4993,-2.1504
1791430366.6722,0.0199,0.4659,0.0000,0.5000,-2.2814,-2.2782,2.2814,2.2782,-0.0015,-0.0015,-0.0031,-0.0031,-2.1504,0.0000,0.4993,-2.1504
1791430366.6923,0.0201,0.7257,0.0000,0.5000,-2.2814,-2.2542,2.2814,2.2542,-0.0015,-0.0015,-0.0031,-0.0031,-2.1504,0.0000,0.4941,-2.1504
1791430366.7123,0.0200,0.7038,0.0000,0.5000,-2.2814,-2.2782,2.2814,2.2782,-0.0015,-0.0015,-0.0031,-0.0031,-2.1504,0.0000,0.4993,-2.1504
1791430366.7328,0.0205,0.7506,0.0000,0.5000,-2.2814,-2.2542,2.2814,2.3022,-0.0015,-0.0015,-0.0031,-0.0031,-2.1504,0.0008,0.4992,-2.1504
1791430366.7523,0.0194,0.7769,0.0000,0.5000,-2.2814,-2.2542,2.2814,2.2782,-0.0015,-0.0015,-0.0031,-0.0031,-2.1504,0.0004,0.4966,-2.1504
1791430366.7722,0.0199,0.4793,0.0000,0.5000,-2.2814,-2.2542,2.2814,2.2542,-0.0015,-0.0015,-0.0031,-0.0046,-2.1504,0.0000,0.4941,-2.1504
1791430366.7922,0.0200,0.7652,0.0000,0.5000,-2.2814,-2.2542,2.2814,2.2782,-0.0015,-0.0015,-0.0031,-0.0031,-2.1504,0.0004,0.4966,-2.1504
1791430366.8123,0.0200,0.8224,0.0000,0.5000,-2.2814,-2.2782,2.2814,2.2782,-0.0015,-0.0015,-0.0031,-0.0031,-2.1504,0.0000,0.4993,-2.1504
1791430366.8328,0.0205,1.1805,0.0000,0.5000,-2.2814,-2.2782,2.2814,2.2782,-0.0015,-0.0015,-0.0031,-0.0046,-2.1504,0.0000,0.4993,-2.1504
1791430366.8523,0.0195,0.7886,0.0000,0.5000,-2.2814,-2.2782,2.2814,2.2782,-0.0015,-0.0015,-0.0031,-0.0031,-2.1504,0.0000,0.4993,-2.1504
1791430366.8722,0.0199,0.6298,0.0000,0.5000,-2.2814,-2.2782,2.2814,2.2782,-0.0015,-0.0015,-0.0031,-0.0046,-2.1504,0.0000,0.4993,-2.1504
1791430366.8922,0.0200,0.5519,0.0000,0.5000,-2.2814,-2.2782,2.2814,2.2542,-0.0015,-0.0015,-0.0031,-0.0031,-2.1504,-0.0004,0.4967,-2.1504
1791430366.9123,0.0200,0.8821,0.0000,0.5000,-2.2814,-2.2542,2.2814,2.2782,-0.0015,-0.0015,-0.0031,-0.0031,-2.1504,0.0004,0.4966,-2.1504
1791430366.9329,0.0206,0.8581,0.0000,0.5000,-2.2814,-2.2782,2.2814,2.2782,-0.0015,-0.0015,-0.0031,-0.0031,-2.1504,0.0000,0.4993,-2.1504
1791430366.9523,0.0194,0.9297,0.0000,0.5000,-2.2814,-2.2782,2.2814,2.2542,-0.0015,-0.0015,-0.0031,-0.0031,-2.1504,-0.0004,0.4967,-2.1504
1791430366.9722,0.0199,0.4832,0.0000,0.5000,-2.2814,-2.2782,2.2814,2.2542,-0.0015,-0.0015,-0.0031,-0.0031,-2.1504,-0.0004,0.4967,-2.1504
1791430366.9923,0.0201,0.8519,0.0000,0.5000,-2.2814,-2.2542,2.2814,2.2542,-0.0015,-0.0015,-0.0031,-0.0031,-2.1504,0.0000,0.4941,-2.1504
1791430367.0123,0.0200,0.7544,0.0000,0.5000,-2.2814,-2.2782,2.2814,2.2542,-0.0015,-0.0015,-0.0031,-0.0031,-2.1504,-0.0004,0.4967,-2.1504
1791430367.0329,0.0206,0.8942,0.0000,0.5000,-2.2814,-2.2782,2.2814,2.2782,-0.0015,-0.0015,-0.0031,-0.0046,-2.1504,0.0000,0.4993,-2.1504
1791430367.0523,0.0193,0.7454,0.0000,0.5000,-2.2814,-2.2782,2.2814,2.2542,-0.0015,-0.0015,-0.0031,-0.0046,-2.1504,-0.0004,0.4967,-2.1504
1791430367.0722,0.0199,0.4809,0.0000,0.5000,-2.2814,-2.2782,2.2814,2.2542,-0.0015,-0.0015,-0.0031,-0.0046,-2.1504,-0.0004,0.4967,-2.1504
1791430367.0922,0.0200,0.9009,0.0000,0.5000,-2.2814,-2.2782,2.2814,2.2782,-0.0015,-0.0015,-0.0031,-0.0046,-2.1504,0.0000,0.4993,-2.1504
1791430367.1123,0.0201,0.8664,0.0000,0.5000,-2.2814,-2.2542,2.2814,2.2782,-0.0015,-0.0015,-0.0031,-0.0031,-2.1504,0.0004,0.4966,-2.1504
1791430367.1328,0.0206,0.8198,0.0000,0.5000,-2.2814,-2.2782,2.2814,2.2542,-0.0015,-0.0015,-0.0031,-0.0046,-2.1504,-0.0004,0.4967,-2.1504
1791430367.1523,0.0195,0.8243,0.0000,0.5000,-2.2814,-2.2782,2.2814,2.2782,-0.0015,-0.0015,-0.0031,-0.0031,-2.1504,0.0000,0.4993,-2.1504
1791430367.1722,0.0199,0.4938,0.0000,0.5000,-2.2814,-2.2782,2.2814,2.2782,-0.0015,-0.0015,-0.0031,-0.0031,-2.1504,0.0000,0.4993,-2.1504
1791430367.1923,0.0201,0.8379,0.0000,0.5000,-2.2814,-2.3022,2.2814,2.2542,-0.0015,-0.0015,-0.0031,-0.0031,-2.1504,-0.0008,0.4992,-2.1504
1791430367.2123,0.0200,0.6186,0.0000,0.5000,-2.2814,-2.2782,2.2814,2.2542,-0.0015,-0.0015,-0.0031,-0.0046,-2.1504,-0.0004,0.4967,-2.1504
1791430367.2328,0.0206,0.7983,0.0000,0.5000,-2.2814,-2.2542,2.2814,2.2542,-0.0015,-0.0015,-0.0031,-0.0031,-2.1504,0.0000,0.4941,-2.1504
1791430367.2524,0.0195,0.8156,0.0000,0.5000,-2.2814,-2.2782,2.2814,2.2542,-0.0015,-0.0015,-0.0031,-0.0031,-2.1504,-0.0004,0.4967,-2.1504
1791430367.2722,0.0198,0.4521,0.0000,0.5000,-2.2814,-2.2782,2.2814,2.2782,-0.0015,-0.0015,-0.0031,-0.0031,-2.1504,0.0000,0.4993,-2.1504
1791430367.2923,0.0201,0.7445,0.0000,0.5000,-2.2814,-2.2542,2.2814,2.2782,-0.0015,-0.0015,-0.0031,-0.0031,-2.1504,0.0004,0.4966,-2.1504
1791430367.3123,0.0201,0.8791,0.0000,0.5000,-2.2814,-2.2542,2.2814,2.2542,-0.0015,-0.0015,-0.0031,-0.0031,-2.1504,0.0000,0.4941,-2.1504
1791430367.3328,0.0205,0.7438,0.0000,0.5000,-2.2814,-2.2542,2.2814,2.2782,-0.0015,-0.0015,-0.0031,-0.0046,-2.1504,0.0004,0.4966,-2.1504
1791430367.3523,0.0194,0.8373,0.0000,0.5000,-2.2814,-2.2542,2.2814,2.2782,-0.0015,-0.0015,-0.0031,-0.0031,-2.1503,0.0004,0.4966,-2.1503
1791430367.3722,0.0199,0.5090,0.0000,0.5000,-2.2814,-2.2782,2.2814,2.2782,-0.0015,-0.0015,-0.0031,-0.0031,-2.1503,0.0000,0.4993,-2.1503
1791430367.3923,0.0201,0.8464,0.0000,0.5000,-2.2814,-2.2782,2.2814,2.2782,-0.0015,-0.0015,-0.0031,-0.0031,-2.1503,0.0000,0.4993,-2.1503
1791430367.4123,0.0201,0.9646,0.0000,0.5000,-2.2814,-2.2782,2.2814,2.2542,-0.0015,-0.0015,-0.0031,-0.0031,-2.1504,-0.0004,0.4967,-2.1504
1791430367.4328,0.0205,0.6817,0.0000,0.5000,-2.2814,-2.2782,2.2814,2.2542,-0.0015,-0.0015,-0.0031,-0.0031,-2.1503,-0.0004,0.4967,-2.1503
1791430367.4523,0.0194,0.5294,0.0000,0.5000,-2.2814,-2.2782,2.2814,2.2542,-0.0015,-0.0015,-0.0031,-0.0031,-2.1503,-0.0004,0.4967,-2.1503
1791430367.4722,0.0200,0.4972,0.0000,0.5000,-2.2814,-2.2542,2.2814,2.2782,-0.0015,-0.0015,-0.0031,-0.0031,-2.1503,0.0004,0.4966,-2.1503
1791430367.4923,0.0200,0.6151,0.0000,0.5000,-2.2814,-2.2542,2.2814,2.2542,-0.0015,-0.0015,-0.0031,-0.0031,-2.1503,0.0000,0.4941,-2.1503
1791430367.5122,0.0200,0.5457,0.0000,0.5000,-2.2814,-2.2782,2.2814,2.2782,-0.0015,-0.0015,-0.0031,-0.0031,-2.1503,0.0000,0.4993,-2.1503
1791430367.5329,0.0207,0.8824,0.0000,0.5000,-2.2814,-2.2542,2.2814,2.2782,-0.0015,-0.0015,-0.0031,-0.0031,-2.1503,0.0004,0.4966,-2.1503
1791430367.5522,0.0193,0.4842,0.0000,0.5000,-2.2814,-2.2542,2.2814,2.2542,-0.0015,-0.0015,-0.0031,-0.0031,-2.1503,0.0000,0.4941,-2.1503
1791430367.5722,0.0200,0.5049,0.0000,0.5000,-2.2814,-2.2542,2.2814,2.2542,-0.0015,-0.0015,-0.0031,-0.0031,-2.1503,0.0000,0.4941,-2.1503
1791430367.5923,0.0201,0.8468,0.0000,0.5000,-2.2814,-2.2542,2.2814,2.2542,-0.0015,-0.0015,-0.0031,-0.0031,-2.1503,0.0000,0.4941,-2.1503
1791430367.6123,0.0201,0.7838,0.0000,0.5000,-2.2814,-2.2542,2.2814,2.2542,-0.0015,-0.0015,-0.0031,-0.0031,-2.1503,0.0000,0.4941,-2.1503
1791430367.6329,0.0205,0.7217,0.0000,0.5000,-2.2814,-2.2782,2.2814,2.2782,-0.0015,-0.0015,-0.0031,-0.0046,-2.1503,0.0000,0.4993,-2.1503
1791430367.6523,0.0194,0.8691,0.0000,0.5000,-2.2814,-2.2542,2.2814,2.2782,-0.0015,-0.0015,-0.0031,-0.0031,-2.1503,0.0004,0.4966,-2.1503
1791430367.6722,0.0199,0.4932,0.0000,0.5000,-2.2814,-2.2302,2.2814,2.2542,-0.0015,-0.0015,-0.0031,-0.0031,-2.1503,0.0004,0.4915,-2.1503
1791430367.6923,0.0201,0.8235,0.0000,0.5000,-2.2814,-2.2302,2.2814,2.2782,-0.0015,-0.0015,-0.0031,-0.0046,-2.1503,0.0008,0.4940,-2.1503
1791430367.7122,0.0199,0.5931,0.0000,0.5000,-2.2814,-2.2542,2.2814,2.2542,-0.0015,-0.0015,-0.0031,-0.0046,-2.1503,0.0000,0.4941,-2.1503
1791430367.7329,0.0207,0.9550,0.0000,0.5000,-2.2814,-2.2782,2.2814,2.2542,-0.0015,-0.0015,-0.0031,-0.0031,-2.1503,-0.0004,0.4967,-2.1503
1791430367.7523,0.0194,0.8496,0.0000,0.5000,-2.2814,-2.2782,2.2814,2.2542,-0.0015,-0.0015,-0.0031,-0.0046,-2.1503,-0.0004,0.4967,-2.1503
1791430367.7722,0.0199,0.6143,0.0000,0.5000,-2.2814,-2.2542,2.2814,2.2542,-0.0015,-0.0015,-0.0031,-0.0046,-2.1503,0.0000,0.4941,-2.1503
1791430367.7922,0.0200,0.8455,0.0000,0.5000,-2.2814,-2.2542,2.2814,2.2542,-0.0015,-0.0015,-0.0031,-0.0031,-2.1503,0.0000,0.4941,-2.1503
1791430367.8123,0.0201,0.7584,0.0000,0.5000,-2.2814,-2.2542,2.2814,2.2782,-0.0015,-0.0015,-0.0031,-0.0031,-2.1503,0.0004,0.4966,-2.1503
1791430367.8328,0.0205,0.6584,0.0000,0.5000,-2.2814,-2.2542,2.2814,2.2782,-0.0015,-0.0015,-0.0031,-0.0031,-2.1503,0.0004,0.4966,-2.1503
1791430367.8523,0.0195,0.8728,0.0000,0.5000,-2.2814,-2.2782,2.2814,2.2542,-0.0015,-0.0015,-0.0031,-0.0031,-2.1503,-0.0004,0.4967,-2.1503
1791430367.8723,0.0200,0.4705,0.0000,0.5000,-2.2814,-2.2542,2.2814,2.2782,-0.0015,-0.0015,-0.0031,-0.0031,-2.1503,0.0004,0.4966,-2.1503
1791430367.8923,0.0200,0.8482,0.0000,0.5000,-2.2814,-2.2542,2.2814,2.2782,-0.0015,-0.0015,-0.0031,-0.0031,-2.1503,0.0004,0.4966,-2.1503
1791430367.9123,0.0200,0.4912,0.0000,0.5000,-2.2814,-2.2542,2.2814,2.2542,-0.0015,-0.0015,-0.0031,-0.0031,-2.1503,0.0000,0.4941,-2.1503
1791430367.9329,0.0206,1.0255,0.0000,0.5000,-2.2814,-2.2542,2.2814,2.2542,-0.0015,-0.0015,-0.0031,-0.0046,-2.1503,0.0000,0.4941,-2.1503
1791430367.9523,0.0194,0.8215,0.0000,0.5000,-2.2814,-2.2542,2.2814,2.2542,-0.0015,-0.0015,-0.0031,-0.0046,-2.1503,0.0000,0.4941,-2.1503
1791430367.9723,0.0200,0.6319,0.0000,0.5000,-2.2814,-2.2782,2.2814,2.2542,-0.0015,-0.0015,-0.0031,-0.0046,-2.1503,-0.0004,0.4967,-2.1503
1791430367.9923,0.0200,0.8319,0.0000,0.5000,-2.2814,-2.2542,2.2814,2.2782,-0.0015,-0.0015,-0.0031,-0.0031,-2.1503,0.0004,0.4966,-2.1503
1791430368.0123,0.0200,0.7259,0.0000,0.5000,-2.2814,-2.2302,2.2814,2.2782,-0.0015,-0.0015,-0.0031,-0.0046,-2.1503,0.0008,0.4940,-2.1503
1791430368.0328,0.0205,0.7367,0.0000,0.5000,-2.2814,-2.2302,2.2814,2.2542,-0.0015,-0.0015,-0.0031,-0.0031,-2.1503,0.0004,0.4915,-2.1503
1791430368.0523,0.0195,0.8144,0.0000,0.5000,-2.2814,-2.2542,2.2814,2.2542,-0.0015,-0.0015,-0.0031,-0.0031,-2.1503,0.0000,0.4941,-2.1503
1791430368.0723,0.0200,0.5317,0.0000,0.5000,-2.2814,-2.2542,2.2814,2.2782,-0.0015,-0.0015,-0.0031,-0.0031,-2.1503,0.0004,0.4966,-2.1503
1791430368.0923,0.0200,0.8305,0.0000,0.5000,-2.2814,-2.2782,2.2814,2.2782,-0.0015,-0.0015,-0.0031,-0.0031,-2.1503,0.0000,0.4993,-2.1503
1791430368.1123,0.0200,0.5260,0.0000,0.5000,-2.2814,-2.2782,2.2814,2.2782,-0.0015,-0.0015,-0.0031,-0.0046,-2.1503,0.0000,0.4993,-2.1503
1791430368.1329,0.0206,0.8766,0.0000,0.5000,-2.2814,-2.2542,2.2814,2.2542,-0.0015,-0.0015,-0.0031,-0.0046,-2.1503,0.0000,0.4941,-2.1503
1791430368.1522,0.0194,0.4120,0.0000,0.5000,-2.2814,-2.2782,2.2814,2.2542,-0.0015,-0.0015,-0.0031,-0.0046,-2.1503,-0.0004,0.4967,-2.1503
1791430368.1722,0.0200,0.4936,0.0000,0.5000,-2.2814,-2.2782,2.2814,2.2782,-0.0015,-0.0015,-0.0031,-0.0046,-2.1503,0.0000,0.4993,-2.1503
1791430368.1923,0.0201,0.8434,0.0000,0.5000,-2.2814,-2.2542,2.2814,2.2782,-0.0015,-0.0015,-0.0031,-0.0031,-2.1503,0.0004,0.4966,-2.1503
1791430368.2123,0.0200,0.7890,0.0000,0.5000,-2.2814,-2.2542,2.2814,2.2542,-0.0015,-0.0015,-0.0031,-0.0031,-2.1503,0.0000,0.4941,-2.1503
1791430368.2329,0.0206,0.8379,0.0000,0.5000,-2.2814,-2.2542,2.2814,2.2542,-0.0015,-0.0015,-0.0031,-0.0031,-2.1503,0.0000,0.4941,-2.1503
1791430368.2523,0.0194,0.7450,0.0000,0.5000,-2.2814,-2.2542,2.2814,2.2782,-0.0015,-0.0015,-0.0031,-0.0046,-2.1503,0.0004,0.4966,-2.1503
1791430368.2722,0.0200,0.4637,0.0000,0.5000,-2.2814,-2.2782,2.2814,2.2782,-0.0015,-0.0015,-0.0031,-0.0046,-2.1503,0.0000,0.4993,-2.1503
1791430368.2923,0.0200,0.8532,0.0000,0.5000,-2.2814,-2.2782,2.2814,2.2782,-0.0015,-0.0015,-0.0031,-0.0031,-2.1503,0.0000,0.4993,-2.1503
1791430368.3123,0.0200,0.9133,0.0000,0.5000,-2.2814,-2.2542,2.2814,2.2782,-0.0015,-0.0015,-0.0031,-0.0031,-2.1502,0.0004,0.4966,-2.1502
1791430368.3329,0.0206,0.9196,0.0000,0.5000,-2.2814,-2.2782,2.2814,2.2542,-0.0015,-0.0015,-0.0031,-0.0031,-2.1502,-0.0004,0.4967,-2.1502
1791430368.3523,0.0194,0.8689,0.0000,0.5000,-2.2814,-2.2542,2.2814,2.2782,-0.0015,-0.0015,-0.0031,-0.0031,-2.1502,0.0004,0.4966,-2.1502
1791430368.3722,0.0199,0.5048,0.0000,0.5000,-2.2814,-2.2782,2.2814,2.2782,-0.0015,-0.0015,-0.0031,-0.0031,-2.1502,0.0000,0.4993,-2.1502
1791430368.3922,0.0200,0.7481,0.0000,0.5000,-2.2814,-2.2782,2.2814,2.2542,-0.0015,-0.0015,-0.0031,-0.0046,-2.1502,-0.0004,0.4967,-2.1502
1791430368.4123,0.0201,0.7253,0.0000,0.5000,-2.2814,-2.2782,2.2814,2.2542,-0.0015,-0.0015,-0.0031,-0.0031,-2.1502,-0.0004,0.4967,-2.1502
1791430368.4328,0.0205,0.8607,0.0000,0.5000,-2.2814,-2.2542,2.2814,2.2542,-0.0015,-0.0015,-0.0031,-0.0031,-2.1502,0.0000,0.4941,-2.1502
1791430368.4523,0.0195,0.7835,0.0000,0.5000,-2.2814,-2.2542,2.2814,2.2542,-0.0015,-0.0015,-0.0031,-0.0046,-2.1502,0.0000,0.4941,-2.1502
1791430368.4722,0.0199,0.4930,0.0000,0.5000,-2.2814,-2.2782,2.2814,2.2542,-0.0015,-0.0015,-0.0031,-0.0046,-2.1502,-0.0004,0.4967,-2.1502
1791430368.4922,0.0200,0.6417,0.0000,0.5000,-2.2814,-2.2782,2.2814,2.2542,-0.0015,-0.0015,-0.0031,-0.0031,-2.1502,-0.0004,0.4967,-2.1502
1791430368.5123,0.0200,0.7867,0.0000,0.5000,-2.2814,-2.2782,2.2814,2.2302,-0.0015,-0.0015,-0.0031,-0.0031,-2.1502,-0.0008,0.4940,-2.1502
1791430368.5329,0.0206,0.8917,0.0000,0.5000,-2.2814,-2.2782,2.2814,2.2542,-0.0015,-0.0015,-0.0031,-0.0031,-2.1502,-0.0004,0.4967,-2.1502
1791430368.5523,0.0195,0.8024,0.0000,0.5000,-2.2814,-2.2782,2.2814,2.2542,-0.0015,-0.0015,-0.0031,-0.0046,-2.1502,-0.0004,0.4967,-2.1502
1791430368.5722,0.0199,0.5925,0.0000,0.5000,-2.2814,-2.2542,2.2814,2.2542,-0.0015,-0.0015,-0.0031,-0.0046,-2.1502,0.0000,0.4941,-2.1502
1791430368.5923,0.0200,0.7127,0.0000,0.5000,-2.2814,-2.2542,2.2814,2.2542,-0.0015,-0.0015,-0.0031,-0.0031,-2.1502,0.0000,0.4941,-2.1502
1791430368.6123,0.0200,0.7157,0.0000,0.5000,-2.2814,-2.2782,2.2814,2.2782,-0.0015,-0.0015,-0.0031,-0.0031,-2.1502,0.0000,0.4993,-2.1502
1791430368.6329,0.0206,0.8937,0.0000,0.5000,-2.2814,-2.2782,2.2814,2.2542,-0.0015,-0.0015,-0.0031,-0.0031,-2.1502,-0.0004,0.4967,-2.1502
1791430368.6522,0.0193,0.4145,0.0000,0.5000,-2.2814,-2.2782,2.2814,2.2782,-0.0015,-0.0015,-0.0031,-0.0031,-2.1502,0.0000,0.4993,-2.1502
1791430368.6722,0.0200,0.4555,0.0000,0.5000,-2.2814,-2.2782,2.2814,2.2542,-0.0015,-0.0015,-0.0031,-0.0046,-2.1502,-0.0004,0.4967,-2.1502
1791430368.6923,0.0200,0.8631,0.0000,0.5000,-2.2814,-2.2782,2.2814,2.2542,-0.0015,-0.0015,-0.0031,-0.0031,-2.1502,-0.0004,0.4967,-2.1502
1791430368.7123,0.0200,0.7178,0.0000,0.5000,-2.2814,-2.2782,2.2814,2.2782,-0.0015,-0.0015,-0.0031,-0.0031,-2.1502,0.0000,0.4993,-2.1502
1791430368.7329,0.0206,0.8736,0.0000,0.5000,-2.2814,-2.2782,2.2814,2.2782,-0.0015,-0.0015,-0.0031,-0.0031,-2.1502,0.0000,0.4993,-2.1502
1791430368.7523,0.0194,0.8874,0.0000,0.5000,-2.2814,-2.2542,2.2814,2.2542,-0.0015,-0.0015,-0.0031,-0.0031,-2.1502,0.0000,0.4941,-2.1502
1791430368.7722,0.0199,0.4956,0.0000,0.5000,-2.2814,-2.2542,2.2814,2.2542,-0.0015,-0.0015,-0.0031,-0.0031,-2.1502,0.0000,0.4941,-2.1502
1791430368.7923,0.0201,0.8142,0.0000,0.5000,-2.2814,-2.2542,2.2814,2.2782,-0.0015,-0.0015,-0.0031,-0.0031,-2.1502,0.0004,0.4966,-2.1502
1791430368.8123,0.0200,0.7041,0.0000,0.5000,-2.2814,-2.2782,2.2814,2.2782,-0.0015,-0.0015,-0.0031,-0.0031,-2.1502,0.0000,0.4993,-2.1502
1791430368.8329,0.0206,0.9089,0.0000,0.5000,-2.2814,-2.2782,2.2814,2.2782,-0.0015,-0.0015,-0.0031,-0.0031,-2.1502,0.0000,0.4993,-2.1502
1791430368.8523,0.0194,0.8246,0.0000,0.5000,-2.2814,-2.2782,2.2814,2.2542,-0.0015,-0.0015,-0.0031,-0.0031,-2.1502,-0.0004,0.4967,-2.1502
1791430368.8722,0.0199,0.4734,0.0000,0.5000,-2.2814,-2.3022,2.2814,2.2542,-0.0015,-0.0015,-0.0031,-0.0046,-2.1502,-0.0008,0.4992,-2.1502
1791430368.8923,0.0201,0.7743,0.0000,0.5000,-2.2814,-2.2782,2.2814,2.2782,-0.0015,-0.0015,-0.0031,-0.0046,-2.1502,0.0000,0.4993,-2.1502
1791430368.9123,0.0200,0.8215,0.0000,0.5000,-2.2814,-2.2542,2.2814,2.2782,-0.0015,-0.0015,-0.0031,-0.0046,-2.1502,0.0004,0.4966,-2.1502
1791430368.9329,0.0206,0.9249,0.0000,0.5000,-2.2814,-2.2542,2.2814,2.2542,-0.0015,-0.0015,-0.0031,-0.0031,-2.1502,0.0000,0.4941,-2.1502
1791430368.9523,0.0194,0.9399,0.0000,0.5000,-2.2814,-2.2542,2.2814,2.2782,-0.0015,-0.0015,-0.0031,-0.0031,-2.1502,0.0004,0.4966,-2.1502
1791430368.9722,0.0199,0.5003,0.0000,0.5000,-2.2814,-2.2542,2.2814,2.2782,-0.0015,-0.0015,-0.0031,-0.0031,-2.1502,0.0004,0.4966,-2.1502
1791430368.9923,0.0201,0.8939,0.0000,0.5000,-2.2814,-2.2542,2.2814,2.2782,-0.0015,-0.0015,-0.0031,-0.0031,-2.1502,0.0004,0.4966,-2.1502
1791430369.0123,0.0200,0.4652,0.0000,0.5000,-2.2814,-2.2542,2.2814,2.2782,-0.0015,-0.0015,-0.0031,-0.0031,-2.1502,0.0004,0.4966,-2.1502
1791430369.0329,0.0207,0.8561,0.0000,0.5000,-2.2814,-2.2542,2.2814,2.2542,-0.0015,-0.0015,-0.0031,-0.0046,-2.1502,0.0000,0.4941,-2.1502
1791430369.0523,0.0194,0.7169,0.0000,0.5000,-2.2814,-2.2782,2.2814,2.2542,-0.0015,-0.0015,-0.0031,-0.0031,-2.1502,-0.0004,0.4967,-2.1502
1791430369.0723,0.0200,0.6534,0.0000,0.5000,-2.2814,-2.2542,2.2814,2.2782,-0.0015,-0.0015,-0.0031,-0.0031,-2.1502,0.0004,0.4966,-2.1502
1791430369.0922,0.0200,0.5737,0.0000,0.5000,-2.2814,-2.2542,2.2814,2.2782,-0.0015,-0.0015,-0.0031,-0.0031,-2.1502,0.0004,0.4966,-2.1502
1791430369.1123,0.0200,0.8496,0.0000,0.5000,-2.2814,-2.2542,2.2814,2.2542,-0.0015,-0.0015,-0.0031,-0.0031,-2.1501,0.0000,0.4941,-2.1501
1791430369.1324,0.0202,0.6322,0.0000,0.5000,-2.2814,-2.2542,2.2814,2.2782,-0.0015,-0.0015,-0.0031,-0.0031,-2.1502,0.0004,0.4966,-2.1502
1791430369.1523,0.0199,0.7938,0.0000,0.5000,-2.2814,-2.2542,2.2814,2.2782,-0.0015,-0.0015,-0.0031,-0.0031,-2.1502,0.0004,0.4966,-2.1502
1791430369.1722,0.0199,0.4977,0.0000,0.5000,-2.2814,-2.2782,2.2814,2.2782,-0.0015,-0.0015,-0.0031,-0.0031,-2.1501,0.0000,0.4993,-2.1501
1791430369.1923,0.0201,0.8274,0.0000,0.5000,-2.2814,-2.2782,2.2814,2.2782,-0.0015,-0.0015,-0.0031,-0.0046,-2.1501,0.0000,0.4993,-2.1501
1791430369.2123,0.0200,0.8110,0.0000,0.5000,-2.2814,-2.2542,2.2814,2.2542,-0.0015,-0.0015,-0.0031,-0.0031,-2.1502,0.0000,0.4941,-2.1502
1791430369.2329,0.0206,0.7855,0.0000,0.5000,-2.2814,-2.2782,2.2814,2.2542,-0.0015,-0.0015,-0.0031,-0.0031,-2.1502,-0.0004,0.4967,-2.1502
1791430369.2523,0.0194,0.8165,0.0000,0.5000,-2.2814,-2.2782,2.2814,2.2782,-0.0015,-0.0015,-0.0031,-0.0031,-2.1501,0.0000,0.4993,-2.1501
1791430369.2722,0.0199,0.4754,0.0000,0.5000,-2.2814,-2.2782,2.2814,2.2782,-0.0015,-0.0015,-0.0031,-0.0031,-2.1501,0.0000,0.4993,-2.1501
1791430369.2922,0.0200,0.8471,0.0000,0.5000,-2.2814,-2.2542,2.2814,2.2542,-0.0015,-0.0015,-0.0031,-0.0046,-2.1501,0.0000,0.4941,-2.1501
1791430369.3123,0.0201,0.6789,0.0000,0.5000,-2.2814,-2.2542,2.2814,2.2782,-0.0015,-0.0015,-0.0031,-0.0031,-2.1501,0.0004,0.4966,-2.1501
1791430369.3329,0.0206,0.8308,0.0000,0.5000,-2.2814,-2.2542,2.2814,2.2782,-0.0015,-0.0015,-0.0031,-0.0031,-2.1501,0.0004,0.4966,-2.1501
1791430369.3523,0.0194,0.8041,0.0000,0.5000,-2.2814,-2.2542,2.2814,2.2782,-0.0015,-0.0015,-0.0031,-0.0031,-2.1501,0.0004,0.4966,-2.1501
1791430369.3722,0.0199,0.4991,0.0000,0.5000,-2.2814,-2.2542,2.2814,2.2782,-0.0015,-0.0015,-0.0031,-0.0031,-2.1501,0.0004,0.4966,-2.1501
1791430369.3922,0.0200,0.8132,0.0000,0.5000,-2.2814,-2.2542,2.2814,2.2542,-0.0015,-0.0015,-0.0031,-0.0031,-2.1501,0.0000,0.4941,-2.1501
1791430369.4123,0.0201,0.7377,0.0000,0.5000,-2.2814,-2.2782,2.2814,2.2782,-0.0015,-0.0015,-0.0031,-0.0031,-2.1501,0.0000,0.4993,-2.1501
1791430369.4327,0.0204,0.7515,0.0000,0.5000,-2.2814,-2.2542,2.2814,2.2782,-0.0015,-0.0015,-0.0031,-0.0031,-2.1501,0.0004,0.4966,-2.1501
1791430369.4523,0.0195,0.7664,0.0000,0.5000,-2.2814,-2.2542,2.2814,2.2542,-0.0015,-0.0015,-0.0031,-0.0031,-2.1501,0.0000,0.4941,-2.1501
1791430369.4722,0.0199,0.4740,0.0000,0.5000,-2.2814,-2.2542,2.2814,2.2542,-0.0015,-0.0015,-0.0031,-0.0031,-2.1501,0.0000,0.4941,-2.1501
1791430369.4922,0.0201,0.8411,0.0000,0.5000,-2.2814,-2.2542,2.2814,2.2782,-0.0015,-0.0015,-0.0031,-0.0031,-2.1501,0.0004,0.4966,-2.1501
1791430369.5123,0.0201,0.8280,0.0000,0.5000,-2.2814,-2.2542,2.2814,2.2782,-0.0015,-0.0015,-0.0031,-0.0046,-2.1501,0.0004,0.4966,-2.1501
1791430369.5328,0.0204,0.8041,0.0000,0.5000,-2.2814,-2.2782,2.2814,2.2782,-0.0015,-0.0015,-0.0031,-0.0031,-2.1501,0.0000,0.4993,-2.1501
1791430369.5523,0.0195,0.8228,0.0000,0.5000,-2.2814,-2.2782,2.2814,2.2782,-0.0015,-0.0015,-0.0031,-0.0031,-2.1501,0.0000,0.4993,-2.1501
1791430369.5722,0.0200,0.5552,0.0000,0.5000,-2.2814,-2.2542,2.2814,2.2542,-0.0015,-0.0015,-0.0031,-0.0031,-2.1501,0.0000,0.4941,-2.1501
1791430369.5923,0.0201,0.6530,0.0000,0.5000,-2.2814,-2.2782,2.2814,2.2542,-0.0015,-0.0015,-0.0031,-0.0031,-2.1501,-0.0004,0.4967,-2.1501
1791430369.6123,0.0201,0.7800,0.0000,0.5000,-2.2814,-2.3022,2.2814,2.2782,-0.0015,-0.0015,-0.0031,-0.0031,-2.1501,-0.0004,0.5018,-2.1501
1791430369.6328,0.0205,0.6635,0.0000,0.5000,-2.2814,-2.2782,2.2814,2.2782,-0.0015,-0.0015,-0.0031,-0.0031,-2.1501,0.0000,0.4993,-2.1501
1791430369.6523,0.0195,0.7250,0.0000,0.5000,-2.2814,-2.2782,2.2814,2.2542,-0.0015,-0.0015,-0.0031,-0.0031,-2.1501,-0.0004,0.4967,-2.1501
1791430369.6722,0.0199,0.4784,0.0000,0.5000,-2.2814,-2.2542,2.2814,2.2782,-0.0015,-0.0015,-0.0031,-0.0046,-2.1501,0.0004,0.4966,-2.1501
1791430369.6923,0.0201,0.8150,0.0000,0.5000,-2.2814,-2.2542,2.2814,2.2542,-0.0015,-0.0015,-0.0031,-0.0031,-2.1501,0.0000,0.4941,-2.1501
1791430369.7123,0.0200,0.8561,0.0000,0.5000,-2.2814,-2.2782,2.2814,2.2782,-0.0015,-0.0015,-0.0031,-0.0031,-2.1501,0.0000,0.4993,-2.1501
1791430369.7328,0.0205,0.7625,0.0000,0.5000,-2.2814,-2.2782,2.2814,2.2782,-0.0015,-0.0015,-0.0031,-0.0031,-2.1501,0.0000,0.4993,-2.1501
1791430369.7523,0.0195,0.9158,0.0000,0.5000,-2.2814,-2.2542,2.2814,2.2542,-0.0015,-0.0015,-0.0031,-0.0031,-2.1501,0.0000,0.4941,-2.1501
1791430369.7722,0.0199,0.5068,0.0000,0.5000,-2.2814,-2.2782,2.2814,2.2542,-0.0015,-0.0015,-0.0031,-0.0031,-2.1501,-0.0004,0.4967,-2.1501
1791430369.7923,0.0200,0.8590,0.0000,0.5000,-2.2814,-2.2542,2.2814,2.2782,-0.0015,-0.0015,-0.0031,-0.0031,-2.1501,0.0004,0.4966,-2.1501
1791430369.8123,0.0200,0.7677,0.0000,0.5000,-2.2814,-2.2542,2.2814,2.2542,-0.0015,-0.0015,-0.0031,-0.0031,-2.1501,0.0000,0.4941,-2.1501
1791430369.8329,0.0206,0.9178,0.0000,0.5000,-2.2814,-2.2782,2.2814,2.2542,-0.0015,-0.0015,-0.0031,-0.0046,-2.1501,-0.0004,0.4967,-2.1501
1791430369.8523,0.0194,0.7823,0.0000,0.5000,-2.2814,-2.2782,2.2814,2.2782,-0.0015,-0.0015,-0.0031,-0.0046,-2.1501,0.0000,0.4993,-2.1501
1791430369.8722,0.0199,0.5083,0.0000,0.5000,-2.2814,-2.2782,2.2814,2.2782,-0.0015,-0.0015,-0.0031,-0.0031,-2.1501,0.0000,0.4993,-2.1501
1791430369.8923,0.0200,0.8524,0.0000,0.5000,-2.2814,-2.2782,2.2814,2.2542,-0.0015,-0.0015,-0.0031,-0.0031,-2.1500,-0.0004,0.4967,-2.1500
1791430369.9123,0.0200,0.8619,0.0000,0.5000,-2.2814,-2.2542,2.2814,2.2542,-0.0015,-0.0015,-0.0031,-0.0031,-2.1501,0.0000,0.4941,-2.1501
1791430369.9329,0.0206,0.7008,0.0000,0.5000,-2.2814,-2.2542,2.2814,2.2302,-0.0015,-0.0015,-0.0031,-0.0046,-2.1501,-0.0004,0.4915,-2.1501
1791430369.9523,0.0194,0.7747,0.0000,0.5000,-2.2814,-2.2782,2.2814,2.2302,-0.0015,-0.0015,-0.0031,-0.0031,-2.1501,-0.0008,0.4940,-2.1501
1791430369.9722,0.0199,0.6269,0.0000,0.5000,-2.2814,-2.3022,2.2814,2.2782,-0.0015,-0.0015,-0.0031,-0.0031,-2.1501,-0.0004,0.5018,-2.1501
1791430369.9923,0.0201,0.7737,0.0000,0.5000,-2.2814,-2.2782,2.2814,2.2782,-0.0015,-0.0015,-0.0031,-0.0031,-2.1501,0.0000,0.4993,-2.1501
1791430370.0123,0.0200,0.7355,0.0000,0.5000,-2.2814,-2.2782,2.2814,2.2542,-0.0015,-0.0015,-0.0031,-0.0031,-2.1501,-0.0004,0.4967,-2.1501
1791430370.0328,0.0205,0.7629,0.0000,0.5000,-2.2814,-2.2782,2.2814,2.2542,-0.0015,-0.0015,-0.0031,-0.0031,-2.1500,-0.0004,0.4967,-2.1500
1791430370.0523,0.0195,0.7809,0.0000,0.5000,-2.2814,-2.2782,2.2814,2.2542,-0.0015,-0.0015,-0.0031,-0.0046,-2.1500,-0.0004,0.4967,-2.1500
1791430370.0722,0.0200,0.4656,0.0000,0.5000,-2.2814,-2.2542,2.2814,2.2782,-0.0015,-0.0015,-0.0031,-0.0031,-2.1500,0.0004,0.4966,-2.1500
1791430370.0923,0.0201,0.9527,0.0000,0.5000,-2.2814,-2.2782,2.2814,2.2782,-0.0015,-0.0015,-0.0031,-0.0031,-2.1500,0.0000,0.4993,-2.1500
1791430370.1123,0.0200,0.5321,0.0000,0.5000,-2.2814,-2.2782,2.2814,2.2782,-0.0015,-0.0015,-0.0031,-0.0031,-2.1500,0.0000,0.4993,-2.1500
1791430370.1330,0.0207,0.9279,0.0000,0.5000,-2.2814,-2.2542,2.2814,2.2542,-0.0015,-0.0015,-0.0031,-0.0046,-2.1500,0.0000,0.4941,-2.1500
1791430370.1523,0.0193,0.9099,0.0000,0.5000,-2.2814,-2.2542,2.2814,2.2782,-0.0015,-0.0015,-0.0031,-0.0031,-2.1500,0.0004,0.4966,-2.1500
1791430370.1723,0.0199,0.5825,0.0000,0.5000,-2.2814,-2.2542,2.2814,2.2782,-0.0015,-0.0015,-0.0031,-0.0031,-2.1500,0.0004,0.4966,-2.1500
1791430370.1923,0.0200,0.7602,0.0000,0.5000,-2.2814,-2.2782,2.2814,2.2542,-0.0015,-0.0015,-0.0031,-0.0031,-2.1500,-0.0004,0.4967,-2.1500
1791430370.2124,0.0201,0.8129,0.0000,0.5000,-2.2814,-2.2782,2.2814,2.2542,-0.0015,-0.0015,-0.0031,-0.0031,-2.1500,-0.0004,0.4967,-2.1500
1791430370.2329,0.0205,0.8553,0.0000,0.5000,-2.2814,-2.2542,2.2814,2.2782,-0.0015,-0.0015,-0.0031,-0.0031,-2.1500,0.0004,0.4966,-2.1500
1791430370.2523,0.0195,0.8252,0.0000,0.5000,-2.2814,-2.2542,2.2814,2.2542,-0.0015,-0.0015,-0.0031,-0.0031,-2.1500,0.0000,0.4941,-2.1500
1791430370.2722,0.0198,0.4665,0.0000,0.5000,-2.2814,-2.2782,2.2814,2.2782,-0.0015,-0.0015,-0.0031,-0.0031,-2.1500,0.0000,0.4993,-2.1500
1791430370.2922,0.0200,0.6438,0.0000,0.5000,-2.2814,-2.2782,2.2814,2.2542,-0.0015,-0.0015,-0.0031,-0.0031,-2.1500,-0.0004,0.4967,-2.1500
1791430370.3122,0.0200,0.5122,0.0000,0.5000,-2.2814,-2.2542,2.2814,2.2542,-0.0015,-0.0015,-0.0031,-0.0031,-2.1500,0.0000,0.4941,-2.1500
1791430370.3328,0.0205,0.7582,0.0000,0.5000,-2.2814,-2.2782,2.2814,2.2782,-0.0015,-0.0015,-0.0031,-0.0031,-2.1500,0.0000,0.4993,-2.1500
1791430370.3523,0.0195,0.7802,0.0000,0.5000,-2.2814,-2.2542,2.2814,2.2782,-0.0015,-0.0015,-0.0031,-0.0031,-2.1500,0.0004,0.4966,-2.1500
1791430370.3722,0.0200,0.4811,0.0000,0.5000,-2.2814,-2.2542,2.2814,2.2542,-0.0015,-0.0015,-0.0031,-0.0031,-2.1500,0.0000,0.4941,-2.1500
1791430370.3923,0.0200,0.8560,0.0000,0.5000,-2.2814,-2.2542,2.2814,2.2542,-0.0015,-0.0015,-0.0031,-0.0031,-2.1500,0.0000,0.4941,-2.1500
1791430370.4123,0.0200,0.7207,0.0000,0.5000,-2.2814,-2.2542,2.2814,2.2782,-0.0015,-0.0015,-0.0031,-0.0031,-2.1500,0.0004,0.4966,-2.1500
1791430370.4330,0.0207,0.6991,0.0000,0.5000,-2.2814,-2.2542,2.2814,2.2782,-0.0015,-0.0015,-0.0031,-0.0031,-2.1500,0.0004,0.4966,-2.1500
1791430370.4523,0.0193,0.8636,0.0000,0.5000,-2.2814,-2.2542,2.2814,2.2782,-0.0015,-0.0015,-0.0031,-0.0031,-2.1500,0.0004,0.4966,-2.1500
1791430370.4722,0.0199,0.4669,0.0000,0.5000,-2.2814,-2.2302,2.2814,2.2782,-0.0015,-0.0015,-0.0031,-0.0046,-2.1500,0.0008,0.4940,-2.1500
1791430370.4923,0.0200,0.8346,0.0000,0.5000,-2.2814,-2.2542,2.2814,2.2542,-0.0015,-0.0015,-0.0031,-0.0046,-2.1500,0.0000,0.4941,-2.1500
1791430370.5123,0.0200,0.8113,0.0000,0.5000,-2.2814,-2.2542,2.2814,2.2782,-0.0015,-0.0015,-0.0031,-0.0031,-2.1500,0.0004,0.4966,-2.1500
1791430370.5328,0.0205,0.7376,0.0000,0.5000,-2.2814,-2.2542,2.2814,2.2782,-0.0015,-0.0015,-0.0031,-0.0046,-2.1500,0.0004,0.4966,-2.1500
1791430370.5523,0.0195,0.8459,0.0000,0.5000,-2.2814,-2.2542,2.2814,2.2542,-0.0015,-0.0015,-0.0031,-0.0031,-2.1500,0.0000,0.4941,-2.1500
1791430370.5722,0.0200,0.5462,0.0000,0.5000,-2.2814,-2.2782,2.2814,2.2542,-0.0015,-0.0015,-0.0031,-0.0031,-2.1500,-0.0004,0.4967,-2.1500
1791430370.5923,0.0200,0.8112,0.0000,0.5000,-2.2814,-2.2542,2.2814,2.2542,-0.0015,-0.0015,-0.0031,-0.0031,-2.1500,0.0000,0.4941,-2.1500
1791430370.6123,0.0200,0.7262,0.0000,0.5000,-2.2814,-2.2542,2.2814,2.2542,-0.0015,-0.0015,-0.0031,-0.0031,-2.1500,0.0000,0.4941,-2.1500
1791430370.6328,0.0205,0.7526,0.0000,0.5000,-2.2814,-2.2782,2.2814,2.2782,-0.0015,-0.0015,-0.0031,-0.0031,-2.1500,0.0000,0.4993,-2.1500
1791430370.6523,0.0195,0.8438,0.0000,0.5000,-2.2814,-2.2782,2.2814,2.2542,-0.0015,-0.0015,-0.0031,-0.0031,-2.1500,-0.0004,0.4967,-2.1500
1791430370.6722,0.0199,0.5069,0.0000,0.5000,-2.2814,-2.2542,2.2814,2.2542,-0.0015,-0.0015,-0.0031,-0.0031,-2.1500,0.0000,0.4941,-2.1500
1791430370.6924,0.0201,0.8888,0.0000,0.5000,-2.2814,-2.2542,2.2814,2.2542,-0.0015,-0.0015,-0.0031,-0.0031,-2.1499,0.0000,0.4941,-2.1499
1791430370.7123,0.0199,0.8695,0.0000,0.5000,-2.2814,-2.2782,2.2814,2.2782,-0.0015,-0.0015,-0.0031,-0.0046,-2.1499,0.0000,0.4993,-2.1499
1791430370.7329,0.0206,0.9404,0.0000,0.5000,-2.2814,-2.2542,2.2814,2.2542,-0.0015,-0.0015,-0.0031,-0.0031,-2.1500,0.0000,0.4941,-2.1500
1791430370.7523,0.0194,0.8909,0.0000,0.5000,-2.2814,-2.2542,2.2814,2.2542,-0.0015,-0.0015,-0.0031,-0.0031,-2.1499,0.0000,0.4941,-2.1499
1791430370.7722,0.0199,0.6516,0.0000,0.5000,-2.2814,-2.2542,2.2814,2.2542,-0.0015,-0.0015,-0.0031,-0.0031,-2.1500,0.0000,0.4941,-2.1500
1791430370.7923,0.0201,0.7476,0.0000,0.5000,-2.2814,-2.2542,2.2814,2.2542,-0.0015,-0.0015,-0.0031,-0.0031,-2.1499,0.0000,0.4941,-2.1499
1791430370.8123,0.0200,0.7262,0.0000,0.5000,-2.2814,-2.2542,2.2814,2.2782,-0.0015,-0.0015,-0.0031,-0.0046,-2.1500,0.0004,0.4966,-2.1500
1791430370.8329,0.0206,0.8593,0.0000,0.5000,-2.2814,-2.2542,2.2814,2.2542,-0.0015,-0.0015,-0.0031,-0.0046,-2.1499,0.0000,0.4941,-2.1499
1791430370.8523,0.0194,0.8631,0.0000,0.5000,-2.2814,-2.2542,2.2814,2.2542,-0.0015,-0.0015,-0.0031,-0.0046,-2.1499,0.0000,0.4941,-2.1499
1791430370.8722,0.0199,0.5341,0.0000,0.5000,-2.2814,-2.2542,2.2814,2.2782,-0.0015,-0.0015,-0.0031,-0.0031,-2.1499,0.0004,0.4966,-2.1499
1791430370.8923,0.0201,0.8789,0.0000,0.5000,-2.2814,-2.2542,2.2814,2.2782,-0.0015,-0.0015,-0.0031,-0.0031,-2.1499,0.0004,0.4966,-2.1499
1791430370.9123,0.0200,0.5507,0.0000,0.5000,-2.2814,-2.2542,2.2814,2.2542,-0.0015,-0.0015,-0.0031,-0.0031,-2.1499,0.0000,0.4941,-2.1499
1791430370.9328,0.0205,0.6166,0.0000,0.5000,-2.2814,-2.2782,2.2814,2.2542,-0.0015,-0.0015,-0.0031,-0.0031,-2.1499,-0.0004,0.4967,-2.1499
1791430370.9523,0.0195,0.9039,0.0000,0.5000,-2.2814,-2.2542,2.2814,2.2542,-0.0015,-0.0015,-0.0031,-0.0031,-2.1499,0.0000,0.4941,-2.1499
1791430370.9722,0.0199,0.4925,0.0000,0.5000,-2.2814,-2.2542,2.2814,2.2542,-0.0015,-0.0015,-0.0031,-0.0046,-2.1499,0.0000,0.4941,-2.1499
1791430370.9923,0.0201,0.7681,0.0000,0.5000,-2.2814,-2.2782,2.2814,2.2782,-0.0015,-0.0015,-0.0031,-0.0031,-2.1499,0.0000,0.4993,-2.1499
1791430371.0123,0.0200,0.8547,0.0000,0.5000,-2.2814,-2.2542,2.2814,2.2542,-0.0015,-0.0015,-0.0031,-0.0046,-2.1499,0.0000,0.4941,-2.1499
1791430371.0329,0.0206,0.8293,0.0000,0.5000,-2.2814,-2.2542,2.2814,2.2542,-0.0015,-0.0015,-0.0031,-0.0031,-2.1499,0.0000,0.4941,-2.1499
1791430371.0523,0.0195,0.8641,0.0000,0.5000,-2.2814,-2.2542,2.2814,2.2782,-0.0015,-0.0015,-0.0031,-0.0031,-2.1499,0.0004,0.4966,-2.1499
1791430371.0722,0.0199,0.4881,0.0000,0.5000,-2.2814,-2.2782,2.2814,2.2782,-0.0015,-0.0015,-0.0031,-0.0046,-2.1499,0.0000,0.4993,-2.1499
1791430371.0923,0.0201,0.8971,0.0000,0.5000,-2.2814,-2.2782,2.2814,2.2542,-0.0015,-0.0015,-0.0031,-0.0031,-2.1499,-0.0004,0.4967,-2.1499
1791430371.1123,0.0200,0.6403,0.0000,0.5000,-2.2814,-2.2782,2.2814,2.2542,-0.0015,-0.0015,-0.0031,-0.0031,-2.1499,-0.0004,0.4967,-2.1499
1791430371.1329,0.0206,0.8513,0.0000,0.5000,-2.2814,-2.2542,2.2814,2.2542,-0.0015,-0.0015,-0.0031,-0.0031,-2.1499,0.0000,0.4941,-2.1499
1791430371.1523,0.0194,0.9273,0.0000,0.5000,-2.2814,-2.2542,2.2814,2.2782,-0.0015,-0.0015,-0.0031,-0.0031,-2.1499,0.0004,0.4966,-2.1499
1791430371.1722,0.0200,0.5876,0.0000,0.5000,-2.2814,-2.2542,2.2814,2.2542,-0.0015,-0.0015,-0.0031,-0.0031,-2.1499,0.0000,0.4941,-2.1499
1791430371.1923,0.0200,0.7711,0.0000,0.5000,-2.2814,-2.2542,2.2814,2.2542,-0.0015,-0.0015,-0.0031,-0.0031,-2.1499,0.0000,0.4941,-2.1499
1791430371.2123,0.0200,0.7599,0.0000,0.5000,-2.2814,-2.2782,2.2814,2.2542,-0.0015,-0.0015,-0.0031,-0.0046,-2.1499,-0.0004,0.4967,-2.1499
1791430371.2329,0.0206,0.7855,0.0000,0.5000,-2.2814,-2.2782,2.2814,2.2782,-0.0015,-0.0015,-0.0031,-0.0031,-2.1499,0.0000,0.4993,-2.1499
1791430371.2523,0.0194,0.8256,0.0000,0.5000,-2.2814,-2.2542,2.2814,2.2542,-0.0015,-0.0015,-0.0031,-0.0031,-2.1499,0.0000,0.4941,-2.1499
1791430371.2722,0.0199,0.4553,0.0000,0.5000,-2.2814,-2.2542,2.2814,2.2542,-0.0015,-0.0015,-0.0031,-0.0046,-2.1499,0.0000,0.4941,-2.1499
1791430371.2922,0.0201,0.7909,0.0000,0.5000,-2.2814,-2.2782,2.2814,2.2542,-0.0015,-0.0015,-0.0031,-0.0031,-2.1499,-0.0004,0.4967,-2.1499
1791430371.3123,0.0200,0.7268,0.0000,0.5000,-2.2814,-2.2782,2.2814,2.2542,-0.0015,-0.0015,-0.0031,-0.0031,-2.1499,-0.0004,0.4967,-2.1499
1791430371.3328,0.0205,0.7262,0.0000,0.5000,-2.2814,-2.2542,2.2814,2.2542,-0.0015,-0.0015,-0.0031,-0.0031,-2.1499,0.0000,0.4941,-2.1499
1791430371.3523,0.0195,0.8718,0.0000,0.5000,-2.2814,-2.2782,2.2814,2.2782,-0.0015,-0.0015,-0.0031,-0.0031,-2.1499,0.0000,0.4993,-2.1499
1791430371.3722,0.0199,0.5164,0.0000,0.5000,-2.2814,-2.2782,2.2814,2.2542,-0.0015,-0.0015,-0.0031,-0.0031,-2.1499,-0.0004,0.4967,-2.1499
1791430371.3923,0.0201,0.7361,0.0000,0.5000,-2.2814,-2.2542,2.2814,2.2542,-0.0015,-0.0015,-0.0031,-0.0031,-2.1499,0.0000,0.4941