frame,t_bag_s,node_detected,ex,ey,depth_m,목표가 화면에 실제로 있나(O/X),노드 판정이 맞나(O/X),메모
NT-03,14.19,0,+0.0000,+0.0000,0.000,X,O,"권혁무·정수용 육안 판정 (2026-10-08)"
NT-04,14.38,0,+0.0000,+0.0000,0.000,X,O,"권혁무·정수용 육안 판정 (2026-10-08)"
NT-05,14.60,0,+0.0000,+0.0000,0.000,X,O,"권혁무·정수용 육안 판정 (2026-10-08)"
NT-06,14.79,0,+0.0000,+0.0000,0.000,X,O,"권혁무·정수용 육안 판정 (2026-10-08)"
NT-07,14.97,0,+0.0000,+0.0000,0.000,X,O,"권혁무·정수용 육안 판정 (2026-10-08)"
NT-09,19.59,0,+0.0000,+0.0000,0.000,X,O,"권혁무·정수용 육안 판정 (2026-10-08)"
NT-10,19.80,0,+0.0000,+0.0000,0.000,X,O,"권혁무·정수용 육안 판정 (2026-10-08)"
NT-11,20.00,0,+0.0000,+0.0000,0.000,X,O,"권혁무·정수용 육안 판정 (2026-10-08)"
NT-12,20.19,0,+0.0000,+0.0000,0.000,X,O,"권혁무·정수용 육안 판정 (2026-10-08)"
NT-14,21.39,0,+0.0000,+0.0000,0.000,X,O,"권혁무·정수용 육안 판정 (2026-10-08)"
NT-15,21.78,0,+0.0000,+0.0000,0.000,X,O,"권혁무·정수용 육안 판정 (2026-10-08)"
NT-16,21.99,0,+0.0000,+0.0000,0.000,X,O,"권혁무·정수용 육안 판정 (2026-10-08)"
NT-17,22.19,0,+0.0000,+0.0000,0.000,X,O,"권혁무·정수용 육안 판정 (2026-10-08)"
NT-18,22.40,0,+0.0000,+0.0000,0.000,X,O,"권혁무·정수용 육안 판정 (2026-10-08)"
NT-19,22.60,0,+0.0000,+0.0000,0.000,X,O,"권혁무·정수용 육안 판정 (2026-10-08)"
NT-20,28.60,0,+0.0000,+0.0000,0.000,X,O,"권혁무·정수용 육안 판정 (2026-10-08)"
NT-21,28.79,0,+0.0000,+0.0000,0.000,X,O,"권혁무·정수용 육안 판정 (2026-10-08)"
NT-24,29.39,0,+0.0000,+0.0000,0.000,X,O,"권혁무·정수용 육안 판정 (2026-10-08)"
NT-25,29.82,0,+0.0000,+0.0000,0.000,X,O,"권혁무·정수용 육안 판정 (2026-10-08)"
