frame,stamp,node_detected,ex,ey,depth_m,사람판정(O=올바른 검출/X=틀림),메모
OK-01,1791436688.656821045,1,+0.2641,-0.1889,0.284,O,"권혁무·정수용 육안 판정 (2026-10-08)"
OK-02,1791436689.257238281,1,+0.3984,-0.1389,0.337,O,"권혁무·정수용 육안 판정 (2026-10-08)"
OK-03,1791436689.657473633,1,+0.4656,-0.1556,0.369,O,"권혁무·정수용 육안 판정 (2026-10-08)"
OK-04,1791436690.257867920,1,+0.5016,-0.1472,0.422,O,"권혁무·정수용 육안 판정 (2026-10-08)"
OK-05,1791436691.058476074,1,+0.1891,-0.0250,0.448,O,"권혁무·정수용 육안 판정 (2026-10-08)"
OK-06,1791436691.258628174,1,+0.1922,-0.0361,0.443,O,"권혁무·정수용 육안 판정 (2026-10-08)"
OK-07,1791436691.658932373,1,-0.0781,+0.0111,0.397,O,"권혁무·정수용 육안 판정 (2026-10-08)"
OK-08,1791436692.259388428,1,-0.3984,-0.0111,0.336,O,"권혁무·정수용 육안 판정 (2026-10-08)"
OK-09,1791436693.059878174,1,-0.1891,+0.0528,0.374,O,"권혁무·정수용 육안 판정 (2026-10-08)"
OK-10,1791436695.061218506,1,-0.4391,+0.0417,0.394,O,"권혁무·정수용 육안 판정 (2026-10-08)"
OK-11,1791436695.661563232,1,-0.3672,+0.0278,0.415,O,"권혁무·정수용 육안 판정 (2026-10-08)"
OK-12,1791436696.662124268,1,+0.0547,-0.0389,0.420,O,"권혁무·정수용 육안 판정 (2026-10-08)"
OK-13,1791436697.462701172,1,+0.3500,-0.0361,0.381,O,"권혁무·정수용 육안 판정 (2026-10-08)"
OK-14,1791436697.662839111,1,+0.1875,-0.0083,0.386,O,"권혁무·정수용 육안 판정 (2026-10-08)"
OK-15,1791436698.463358154,1,+0.0844,-0.0028,0.404,O,"권혁무·정수용 육안 판정 (2026-10-08)"
OK-16,1791436699.063694580,1,+0.0125,-0.0139,0.405,O,"권혁무·정수용 육안 판정 (2026-10-08)"
OK-17,1791436699.664047852,1,+0.0016,-0.0028,0.432,O,"권혁무·정수용 육안 판정 (2026-10-08)"
OK-18,1791436700.464828613,1,-0.0219,-0.1222,0.482,O,"권혁무·정수용 육안 판정 (2026-10-08)"
OK-19,1791436701.065219238,1,-0.0281,-0.0667,0.454,O,"권혁무·정수용 육안 판정 (2026-10-08)"
OK-20,1791436703.066584229,1,-0.0219,+0.0222,0.427,O,"권혁무·정수용 육안 판정 (2026-10-08)"
OK-21,1791436703.867146729,1,+0.0375,+0.0194,0.430,O,"권혁무·정수용 육안 판정 (2026-10-08)"
OK-22,1791436705.068174316,1,+0.0781,+0.8389,0.427,O,"권혁무·정수용 육안 판정 (2026-10-08)"
OK-23,1791436705.868780762,1,+0.0891,+0.5167,0.493,O,"권혁무·정수용 육안 판정 (2026-10-08)"
OK-24,1791436706.469218506,1,+0.0484,+0.0944,0.465,O,"권혁무·정수용 육안 판정 (2026-10-08)"
OK-25,1791436706.869513428,1,+0.0391,+0.0833,0.450,O,"권혁무·정수용 육안 판정 (2026-10-08)"
OK-26,1791436707.069662354,1,+0.0297,+0.0556,0.447,O,"권혁무·정수용 육안 판정 (2026-10-08)"
OK-27,1791436708.103719238,1,-0.0109,-0.0028,0.443,O,"권혁무·정수용 육안 판정 (2026-10-08)"
OK-28,1791436708.704105957,1,-0.0031,-0.0028,0.444,O,"권혁무·정수용 육안 판정 (2026-10-08)"
OK-29,1791436709.904976074,1,-0.0016,+0.0000,0.444,O,"권혁무·정수용 육안 판정 (2026-10-08)"
OK-30,1791436710.939042236,1,-0.0016,+0.0000,0.444,O,"권혁무·정수용 육안 판정 (2026-10-08)"
