t,dt,loop_ms,v_ref,w_ref,wL_ref,wL,wR_ref,wR,thL_err,thR_err,wL_cmd,wR_cmd,yaw_cmd,yaw,pitch_cmd,pitch,imu_yaw
1791001806.6023,0.0200,0.1035,0.0000,0.0000,0.0000,0.0000,0.0000,0.0000,0.0000,0.0000,0.0000,0.0000,-0.5998,-0.5998,-0.0322,-0.0322,0.0000
1791001806.6222,0.0200,0.0493,0.0000,0.0000,0.0000,0.0000,0.0000,0.0000,0.0000,0.0000,0.0000,0.0000,-0.5998,-0.5998,-0.0322,-0.0307,0.0000
1791001806.6422,0.0200,0.0537,0.0000,0.0000,0.0000,0.0000,0.0000,0.0000,0.0000,0.0000,0.0000,0.0000,-0.5998,-0.5998,-0.0322,-0.0307,0.0000
1791001806.6623,0.0200,0.0699,0.0000,0.0000,0.0000,0.0000,0.0000,0.0000,0.0000,0.0000,0.0000,0.0000,-0.5998,-0.5983,-0.0322,-0.0307,0.0000
1791001806.6823,0.0200,0.0673,0.0000,0.0000,0.0000,0.0000,0.0000,0.0000,0.0000,0.0000,0.0000,0.0000,-0.5998,-0.5998,-0.0322,-0.0307,0.0000
1791001806.7023,0.0200,0.0676,0.0000,0.0000,0.0000,0.0000,0.0000,0.0000,0.0000,0.0000,0.0000,0.0000,-0.5998,-0.5998,-0.0322,-0.0307,0.0000
1791001806.7223,0.0200,0.0675,0.0000,0.0000,0.0000,0.0000,0.0000,0.0000,0.0000,0.0000,0.0000,0.0000,-0.5998,-0.5983,-0.0322,-0.0307,0.0000
1791001806.7423,0.0200,0.0671,0.0000,0.0000,0.0000,0.0000,0.0000,0.0000,0.0000,0.0000,0.0000,0.0000,-0.5998,-0.5983,-0.0322,-0.0307,0.0000
1791001806.7623,0.0200,0.0631,0.0000,0.0000,0.0000,0.0000,0.0000,0.0000,-0.0015,0.0000,0.0000,0.0000,-0.5998,-0.5998,-0.0322,-0.0307,0.0000
1791001806.7823,0.0200,0.0676,0.0000,0.0000,0.0000,0.0000,0.0000,0.0000,0.0015,0.0000,0.0000,0.0000,-0.5998,-0.5998,-0.0322,-0.0307,0.0000
1791001806.8022,0.0200,0.0677,0.0000,0.0000,0.0000,0.0000,0.0000,0.0000,0.0000,0.0000,0.0000,0.0000,-0.5998,-0.5998,-0.0322,-0.0307,0.0000
1791001806.8223,0.0201,0.0673,0.0000,0.0000,0.0000,0.0000,0.0000,0.0000,0.0000,0.0000,0.0000,0.0000,-0.5998,-0.5998,-0.0322,-0.0307,0.0000
1791001806.8423,0.0200,0.0672,0.0000,0.0000,0.0000,0.0000,0.0000,0.0000,0.0000,0.0000,0.0000,0.0000,-0.5998,-0.5998,-0.0322,-0.0307,0.0000
1791001806.8622,0.0199,0.0672,0.0000,0.0000,0.0000,0.0000,0.0000,0.0000,0.0000,0.0000,0.0000,0.0000,-0.5998,-0.5983,-0.0322,-0.0307,0.0000
1791001806.8822,0.0201,0.0674,0.0000,0.0000,0.0000,0.0000,0.0000,0.0000,0.0000,0.0000,0.0000,0.0000,-0.5998,-0.5998,-0.0322,-0.0307,0.0000
1791001806.9023,0.0201,0.0669,0.0000,0.0000,0.0000,0.0000,0.0000,0.0000,0.0000,0.0000,0.0000,0.0000,-0.5998,-0.5998,-0.0322,-0.0307,0.0000
1791001806.9223,0.0200,0.0676,0.0000,0.0000,0.0000,0.0000,0.0000,0.0000,0.0000,0.0000,0.0000,0.0000,-0.5998,-0.5998,-0.0322,-0.0307,0.0000
1791001806.9423,0.0200,0.0671,0.0000,0.0000,0.0000,0.0000,0.0000,0.0000,0.0000,0.0000,0.0000,0.0000,-0.5998,-0.5998,-0.0322,-0.0322,0.0000
1791001806.9623,0.0200,0.0667,0.0000,0.0000,0.0000,0.0000,0.0000,0.0000,0.0000,0.0000,0.0000,0.0000,-0.5998,-0.5998,-0.0322,-0.0307,0.0000
1791001806.9823,0.0200,0.0687,0.0000,0.0000,0.0000,0.0000,0.0000,0.0000,0.0000,0.0000,0.0000,0.0000,-0.5998,-0.5998,-0.0322,-0.0307,0.0000
1791001807.0022,0.0200,0.0680,0.0000,0.0000,0.0000,0.0000,0.0000,0.0000,-0.0015,0.0000,0.0000,0.0000,-0.5998,-0.5998,-0.0322,-0.0307,0.0000
1791001807.0223,0.0201,0.0670,0.0000,0.0000,0.0000,0.0000,0.0000,0.0000,0.0015,0.0000,0.0000,0.0000,-0.5998,-0.5998,-0.0322,-0.0307,0.0000
1791001807.0423,0.0200,0.0670,0.0000,0.0000,0.0000,0.0000,0.0000,0.0000,0.0000,0.0000,0.0000,0.0000,-0.5998,-0.5998,-0.0322,-0.0307,0.0000
1791001807.0623,0.0200,0.0673,0.0000,0.0000,0.0000,0.0000,0.0000,0.0000,0.0000,0.0000,0.0000,0.0000,-0.5998,-0.5998,-0.0322,-0.0307,0.0000
1791001807.0823,0.0200,0.0675,0.0000,0.0000,0.0000,0.0000,0.0000,0.0000,0.0000,0.0000,0.0000,0.0000,-0.5998,-0.5998,-0.0322,-0.0307,0.0000
1791001807.1023,0.0200,0.0699,0.0000,0.0000,0.0000,0.0000,0.0000,0.0000,0.0000,0.0000,0.0000,0.0000,-0.5998,-0.5998,-0.0322,-0.0307,0.0000
1791001807.1223,0.0200,0.0699,0.0000,0.0000,0.0000,0.0000,0.0000,0.0000,0.0000,0.0000,0.0000,0.0000,-0.5998,-0.5998,-0.0322,-0.0322,0.0000
1791001807.1423,0.0200,0.0698,0.0000,0.0000,0.0000,0.0000,0.0000,0.0000,0.0000,0.0000,0.0000,0.0000,-0.5998,-0.5998,-0.0322,-0.0307,0.0000
1791001807.1623,0.0200,0.0699,0.0000,0.0000,0.0000,0.0000,0.0000,0.0000,0.0000,0.0000,0.0000,0.0000,-0.5998,-0.5998,-0.0322,-0.0307,0.0000
1791001807.1823,0.0200,0.0708,0.0000,0.0000,0.0000,0.0000,0.0000,0.0000,-0.0015,0.0000,0.0000,0.0000,-0.5998,-0.5983,-0.0322,-0.0322,0.0000
1791001807.2023,0.0200,0.0703,0.0000,0.0000,0.0000,0.0000,0.0000,0.0000,0.0015,0.0000,0.0000,0.0000,-0.5998,-0.5998,-0.0322,-0.0307,0.0000
1791001807.2223,0.0199,0.0701,0.0000,0.0000,0.0000,0.0000,0.0000,0.0000,0.0000,0.0000,0.0000,0.0000,-0.5998,-0.5998,-0.0322,-0.0307,0.0000
1791001807.2423,0.0200,0.0415,0.0000,0.0000,0.0000,0.0000,0.0000,0.0000,0.0000,0.0000,0.0000,0.0000,-0.5998,-0.5998,-0.0322,-0.0307,0.0000
1791001807.2623,0.0200,0.0738,0.0000,0.0000,0.0000,0.0000,0.0000,0.0000,0.0000,0.0000,0.0000,0.0000,-0.5998,-0.5998,-0.0322,-0.0307,0.0000
1791001807.2823,0.0200,0.0740,0.0000,0.0000,0.0000,0.0000,0.0000,0.0000,0.0000,0.0000,0.0000,0.0000,-0.5998,-0.5998,-0.0322,-0.0322,0.0000
1791001807.3023,0.0200,0.0591,0.0000,0.0000,0.0000,0.0000,0.0000,0.0000,0.0000,0.0000,0.0000,0.0000,-0.5998,-0.5998,-0.0322,-0.0307,0.0000
1791001807.3223,0.0200,0.0739,0.0000,0.0000,0.0000,0.0000,0.0000,0.0000,0.0000,0.0000,0.0000,0.0000,-0.5998,-0.5998,-0.0322,-0.0307,0.0000
1791001807.3423,0.0201,0.0739,0.0000,0.0000,0.0000,0.0000,0.0000,0.0000,0.0000,0.0000,0.0000,0.0000,-0.5998,-0.5998,-0.0322,-0.0307,0.0000
1791001807.3623,0.0199,0.0743,0.0000,0.0000,0.0000,0.0000,0.0000,0.0000,-0.0015,0.0000,0.0000,0.0000,-0.5998,-0.5983,-0.0322,-0.0307,0.0000
1791001807.3823,0.0200,0.0768,0.0000,0.0000,0.0000,0.0000,0.0000,0.0000,0.0015,0.0000,0.0000,0.0000,-0.5998,-0.5998,-0.0322,-0.0307,0.0000
1791001807.4024,0.0201,0.0738,0.0000,0.0000,0.0000,0.0000,0.0000,0.0000,0.0000,0.0000,0.0000,0.0000,-0.5998,-0.5998,-0.0322,-0.0307,0.0000
1791001807.4223,0.0200,0.0737,0.0000,0.0000,0.0000,0.0000,0.0000,0.0000,0.0000,0.0000,0.0000,0.0000,-0.5998,-0.5998,-0.0322,-0.0307,0.0000
1791001807.4423,0.0200,0.0742,0.0000,0.0000,0.0000,0.0000,0.0000,0.0000,0.0000,0.0000,0.0000,0.0000,-0.5998,-0.5998,-0.0322,-0.0307,0.0000
1791001807.4623,0.0200,0.0737,0.0000,0.0000,0.0000,0.0000,0.0000,0.0000,0.0000,0.0000,0.0000,0.0000,-0.5998,-0.5998,-0.0322,-0.0307,0.0000
1791001807.4823,0.0200,0.0772,0.0000,0.0000,0.0000,0.0000,0.0000,0.0000,-0.0015,0.0000,0.0000,0.0000,-0.5998,-0.5998,-0.0322,-0.0307,0.0000
1791001807.5023,0.0200,0.0741,0.0000,0.0000,0.0000,0.0000,0.0000,0.0000,0.0015,0.0000,0.0000,0.0000,-0.5998,-0.5998,-0.0322,-0.0307,0.0000
1791001807.5223,0.0200,0.0738,0.0000,0.0000,0.0000,0.0000,0.0000,0.0000,0.0000,0.0000,0.0000,0.0000,-0.5998,-0.5983,-0.0322,-0.0307,0.0000
1791001807.5423,0.0200,0.0739,0.0000,0.0000,0.0000,0.0000,0.0000,0.0000,0.0000,0.0000,0.0000,0.0000,-0.5998,-0.5998,-0.0322,-0.0307,0.0000
1791001807.5623,0.0200,0.0737,0.0000,0.0000,0.0000,0.0000,0.0000,0.0000,0.0000,0.0000,0.0000,0.0000,-0.5998,-0.5998,-0.0322,-0.0322,0.0000
1791001807.5823,0.0200,0.0731,0.0000,0.0000,0.0000,0.0000,0.0000,0.0000,0.0000,0.0000,0.0000,0.0000,-0.5998,-0.5998,-0.0322,-0.0307,0.0000
1791001807.6023,0.0200,0.0736,0.0000,0.0000,0.0000,0.0000,0.0000,0.0000,0.0000,0.0000,0.0000,0.0000,-0.5998,-0.5998,-0.0322,-0.0307,0.0000
1791001807.6223,0.0200,0.0743,0.0000,0.0000,0.0000,0.0000,0.0000,0.0000,0.0000,0.0000,0.0000,0.0000,-0.5998,-0.5998,-0.0322,-0.0322,0.0000
1791001807.6423,0.0200,0.0743,0.0000,0.0000,0.0000,0.0000,0.0000,0.0000,0.0000,0.0000,0.0000,0.0000,-0.5998,-0.5998,-0.0322,-0.0307,0.0000
1791001807.6623,0.0200,0.0735,0.0000,0.0000,0.0000,0.0000,0.0000,0.0000,0.0000,0.0000,0.0000,0.0000,-0.5998,-0.5983,-0.0322,-0.0307,0.0000
1791001807.6823,0.0200,0.0709,0.0000,0.0000,0.0000,0.0000,0.0000,0.0000,0.0000,0.0000,0.0000,0.0000,-0.5998,-0.5998,-0.0322,-0.0307,0.0000
1791001807.7023,0.0200,0.0707,0.0000,0.0000,0.0000,0.0000,0.0000,0.0000,0.0000,0.0000,0.0000,0.0000,-0.5998,-0.5998,-0.0322,-0.0307,0.0000
1791001807.7223,0.0200,0.0698,0.0000,0.0000,0.0000,0.0000,0.0000,0.0000,0.0000,0.0000,0.0000,0.0000,-0.5998,-0.5998,-0.0322,-0.0307,0.0000
1791001807.7423,0.0200,0.0700,0.0000,0.0000,0.0000,0.0000,0.0000,0.0000,0.0000,0.0000,0.0000,0.0000,-0.5998,-0.5998,-0.0322,-0.0307,0.0000
1791001807.7623,0.0200,0.0700,0.0000,0.0000,0.0000,0.0000,0.0000,0.0000,0.0000,0.0000,0.0000,0.0000,-0.5998,-0.5998,-0.0322,-0.0322,0.0000
1791001807.7823,0.0200,0.0735,0.0000,0.0000,0.0000,0.0000,0.0000,0.0000,0.0000,0.0000,0.0000,0.0000,-0.5998,-0.5998,-0.0322,-0.0322,0.0000
1791001807.8023,0.0200,0.0722,0.0000,0.0000,0.0000,0.0000,0.0000,0.0000,0.0000,0.0000,0.0000,0.0000,-0.5998,-0.5998,-0.0322,-0.0307,0.0000
1791001807.8223,0.0200,0.0700,0.0000,0.0000,0.0000,0.0000,0.0000,0.0000,0.0000,0.0000,0.0000,0.0000,-0.5998,-0.5998,-0.0322,-0.0307,0.0000
1791001807.8423,0.0200,0.0702,0.0000,0.0000,0.0000,0.0000,0.0000,0.0000,0.0000,0.0000,0.0000,0.0000,-0.5998,-0.5998,-0.0322,-0.0307,0.0000
1791001807.8623,0.0200,0.0704,0.0000,0.0000,0.0000,0.0000,0.0000,0.0000,0.0000,0.0000,0.0000,0.0000,-0.5998,-0.5998,-0.0322,-0.0307,0.0000
1791001807.8823,0.0200,0.0733,0.0000,0.0000,0.0000,0.0000,0.0000,0.0000,0.0000,0.0000,0.0000,0.0000,-0.5998,-0.5998,-0.0322,-0.0307,0.0000
1791001807.9023,0.0200,0.0698,0.0000,0.0000,0.0000,0.0000,0.0000,0.0000,0.0000,0.0000,0.0000,0.0000,-0.5998,-0.5998,-0.0322,-0.0307,0.0000
1791001807.9223,0.0200,0.0698,0.0000,0.0000,0.0000,0.0000,0.0000,0.0000,0.0000,0.0000,0.0000,0.0000,-0.5998,-0.5998,-0.0322,-0.0307,0.0000
1791001807.9424,0.0201,0.0695,0.0000,0.0000,0.0000,0.0000,0.0000,0.0000,0.0000,0.0000,0.0000,0.0000,-0.5998,-0.5998,-0.0322,-0.0307,0.0000
1791001807.9623,0.0200,0.0696,0.0000,0.0000,0.0000,0.0000,0.0000,0.0000,0.0000,0.0000,0.0000,0.0000,-0.5998,-0.5998,-0.0322,-0.0307,0.0000
1791001807.9824,0.0200,0.0697,0.0000,0.0000,0.0000,0.0000,0.0000,0.0000,0.0000,0.0000,0.0000,0.0000,-0.5998,-0.5998,-0.0322,-0.0322,0.0000
1791001808.0023,0.0199,0.0713,0.0000,0.0000,0.0000,0.0000,0.0000,0.0000,0.0000,0.0000,0.0000,0.0000,-0.5998,-0.5998,-0.0322,-0.0307,0.0000
1791001808.0223,0.0200,0.0698,0.0000,0.0000,0.0000,0.0000,0.0000,0.0000,0.0000,0.0000,0.0000,0.0000,-0.5998,-0.5998,-0.0322,-0.0307,0.0000
1791001808.0422,0.0199,0.0691,0.0000,0.0000,0.0000,0.0000,0.0000,0.0000,0.0000,0.0000,0.0000,0.0000,-0.5998,-0.5998,-0.0322,-0.0307,0.0000
1791001808.0623,0.0201,0.0696,0.0000,0.0000,0.0000,0.0000,0.0000,0.0000,0.0000,0.0000,0.0000,0.0000,-0.5998,-0.5998,-0.0322,-0.0307,0.0000
1791001808.0823,0.0200,0.0697,0.0000,0.0000,0.0000,0.0000,0.0000,0.0000,-0.0015,0.0000,0.0000,0.0000,-0.5998,-0.5998,-0.0322,-0.0307,0.0000
1791001808.1023,0.0200,0.0727,0.0000,0.0000,0.0000,0.0000,0.0000,0.0000,0.0000,0.0000,0.0000,0.0000,-0.5998,-0.5998,-0.0322,-0.0307,0.0000
1791001808.1223,0.0200,0.0729,0.0000,0.0000,0.0000,0.0000,0.0000,0.0000,0.0015,0.0000,0.0000,0.0000,-0.5998,-0.5998,-0.0322,-0.0307,0.0000
1791001808.1423,0.0200,0.0695,0.0000,0.0000,0.0000,0.0000,0.0000,0.0000,0.0000,0.0000,0.0000,0.0000,-0.5998,-0.5998,-0.0322,-0.0322,0.0000
1791001808.1623,0.0200,0.0706,0.0000,0.0000,0.0000,0.0000,0.0000,0.0000,0.0000,0.0000,0.0000,0.0000,-0.5998,-0.5998,-0.0322,-0.0307,0.0000
1791001808.1823,0.0200,0.0698,0.0000,0.0000,0.0000,0.0000,0.0000,0.0000,0.0000,0.0000,0.0000,0.0000,-0.5998,-0.5998,-0.0322,-0.0307,0.0000
1791001808.2023,0.0200,0.0710,0.0000,0.0000,0.0000,0.0000,0.0000,0.0000,0.0000,0.0000,0.0000,0.0000,-0.5998,-0.5983,-0.0322,-0.0307,0.0000
1791001808.2223,0.0200,0.0697,0.0000,0.0000,0.0000,0.0000,0.0000,0.0000,0.0000,0.0000,0.0000,0.0000,-0.5998,-0.5998,-0.0322,-0.0307,0.0000
1791001808.2423,0.0200,0.0696,0.0000,0.0000,0.0000,0.0000,0.0000,0.0000,0.0000,0.0000,0.0000,0.0000,-0.5998,-0.5983,-0.0322,-0.0307,0.0000
1791001808.2623,0.0200,0.0701,0.0000,0.0000,0.0000,0.0000,0.0000,0.0000,0.0000,0.0000,0.0000,0.0000,-0.5998,-0.5998,-0.0322,-0.0307,0.0000
1791001808.2822,0.0199,0.0707,0.0000,0.0000,0.0000,0.0000,0.0000,0.0000,0.0000,0.0000,0.0000,0.0000,-0.5998,-0.5998,-0.0322,-0.0307,0.0000
1791001808.3023,0.0200,0.0701,0.0000,0.0000,0.0000,0.0000,0.0000,0.0000,0.0000,0.0000,0.0000,0.0000,-0.5998,-0.5998,-0.0322,-0.0307,0.0000
1791001808.3223,0.0200,0.0700,0.0000,0.0000,0.0000,0.0000,0.0000,0.0000,0.0000,0.0000,0.0000,0.0000,-0.5998,-0.5998,-0.0322,-0.0307,0.0000
1791001808.3423,0.0200,0.0700,0.0000,0.0000,0.0000,0.0000,0.0000,0.0000,0.0000,0.0000,0.0000,0.0000,-0.5998,-0.5998,-0.0322,-0.0307,0.0000
1791001808.3623,0.0200,0.0700,0.0000,0.0000,0.0000,0.0000,0.0000,0.0000,0.0000,0.0000,0.0000,0.0000,-0.5998,-0.5998,-0.0322,-0.0322,0.0000
1791001808.3823,0.0200,0.0672,0.0000,0.0000,0.0000,0.0000,0.0000,0.0000,0.0000,0.0000,0.0000,0.0000,-0.5998,-0.5983,-0.0322,-0.0322,0.0000
1791001982.4314,174.0492,0.1472,0.0000,0.0000,0.0000,0.0000,0.0000,0.0000,0.0000,0.0000,0.0000,0.0000,-0.5998,-0.5983,-0.0322,-0.0322,0.0000
