stamp_ns,backend,pre_ms,infer_ms,post_ms,depth_ms,callback_ms,detected,score,ex,ey,z,angle_x_deg,angle_y_deg
1791285163220124756,ncnn,3.21088,108.606,0.01587,0.022241,121.013,1,0.924163,-0.576563,0.63125,0.662,19.8914,-13.2562
1791285163420260010,ncnn,3.41682,99.0035,0.012796,0.018907,103.913,1,0.925243,-0.575,0.63125,0.662,19.8375,-13.2562
1791285163486971436,ncnn,3.66493,112.386,0.013352,0.020907,116.865,1,0.923243,-0.576563,0.63125,0.663,19.8914,-13.2562
1791285163553683105,ncnn,2.36902,106.727,0.030722,0.034629,109.966,1,0.920793,-0.576563,0.633333,0.661,19.8914,-13.3
1791285163687110840,ncnn,3.07488,119.178,0.012167,0.024444,123.451,1,0.923595,-0.575,0.633333,0.663,19.8375,-13.3
1791285163887252197,ncnn,2.50965,100.601,0.018426,0.020166,104.055,1,0.922849,-0.576563,0.633333,0.664,19.8914,-13.3
1791285164020679688,ncnn,2.7005,109.865,0.014444,0.124944,113.663,1,0.923317,-0.576563,0.63125,0.664,19.8914,-13.2562
1791285164154107178,ncnn,2.46928,98.019,0.011871,0.021259,101.326,1,0.923418,-0.576563,0.633333,0.663,19.8914,-13.3
1791285164220820801,ncnn,4.71861,106.327,0.01274,0.021777,112.299,1,0.924289,-0.576563,0.633333,0.662,19.8914,-13.3
1791285164420961426,ncnn,2.39537,97.0361,0.012981,0.021185,100.606,1,0.921443,-0.576563,0.633333,0.661,19.8914,-13.3
1791285164487675049,ncnn,3.63034,108.395,0.012352,0.020926,112.958,1,0.921877,-0.575,0.63125,0.663,19.8375,-13.2562
1791285164554388672,ncnn,2.42172,103.833,0.011778,0.022611,107.315,1,0.921528,-0.575,0.63125,0.664,19.8375,-13.2562
1791285164687822998,ncnn,3.24418,97.5021,0.012277,0.023278,102.056,1,0.925012,-0.575,0.63125,0.663,19.8375,-13.2562
1791285164821263184,ncnn,3.76317,107.114,0.012185,0.022518,112.923,1,0.922321,-0.575,0.63125,0.662,19.8375,-13.2562
1791285165021424072,ncnn,3.40673,114.384,0.023667,0.047444,119.378,1,0.920273,-0.576563,0.63125,0.663,19.8914,-13.2562
1791285165088144775,ncnn,4.254,105.907,0.012463,0.022593,111.232,1,0.922726,-0.576563,0.633333,0.663,19.8914,-13.3
1791285165288306641,ncnn,3.20562,99.9491,0.011574,0.020148,104.308,1,0.92009,-0.575,0.63125,0.662,19.8375,-13.2562
1791285165355027588,ncnn,4.8017,110.802,0.012371,0.021444,116.656,1,0.921011,-0.575,0.63125,0.663,19.8375,-13.2562
1791285165421748535,ncnn,3.26184,109.933,0.01263,0.023278,114.294,1,0.920806,-0.575,0.633333,0.663,19.8375,-13.3
1791285165488469727,ncnn,3.20736,99.5155,0.013834,0.046425,104.374,1,0.923135,-0.575,0.63125,0.662,19.8375,-13.2562
1791285165755337158,ncnn,3.23907,98.0228,0.012093,0.024537,102.32,1,0.924202,-0.575,0.63125,0.663,19.8375,-13.2562
1791285165822049805,ncnn,4.49543,111.454,0.012592,0.022426,116.955,1,0.921065,-0.575,0.63125,0.662,19.8375,-13.2562
1791285166022187012,ncnn,3.31207,98.7589,0.012259,0.023055,103.156,1,0.929268,-0.576563,0.633333,0.661,19.8914,-13.3
1791285166088899414,ncnn,4.69559,127.63,0.012111,0.022981,133.378,1,0.926546,-0.576563,0.633333,0.661,19.8914,-13.3
1791285166355748291,ncnn,3.34455,98.8735,0.013111,0.019574,103.347,1,0.928493,-0.576563,0.635417,0.663,19.8914,-13.3438
1791285166422460449,ncnn,5.20107,110.632,0.011834,0.019167,116.914,1,0.930775,-0.576563,0.635417,0.662,19.8914,-13.3438
1791285166622596436,ncnn,3.13316,97.3432,0.012667,0.024278,101.632,1,0.928927,-0.576563,0.633333,0.663,19.8914,-13.3
1791285166756025635,ncnn,3.27157,97.5684,0.013148,0.026018,101.944,1,0.926033,-0.576563,0.633333,0.662,19.8914,-13.3
1791285166889454834,ncnn,3.30259,96.806,0.012555,0.020889,101.205,1,0.927585,-0.576563,0.633333,0.661,19.8914,-13.3
1791285166956169434,ncnn,3.2802,107.145,0.011888,0.021759,111.428,1,0.927088,-0.576563,0.633333,0.663,19.8914,-13.3
1791285167089598389,ncnn,3.21725,101.862,0.013167,0.020296,106.204,1,0.929864,-0.576563,0.635417,0.661,19.8914,-13.3438
1791285167156312988,ncnn,3.61791,114.036,0.030352,0.032852,119.146,1,0.928488,-0.576563,0.633333,0.661,19.8914,-13.3
1791285167223027588,ncnn,4.14463,104.311,0.013222,0.022241,110.298,1,0.926091,-0.576563,0.633333,0.663,19.8914,-13.3
1791285167356456787,ncnn,3.42588,111.189,0.01224,0.022074,115.662,1,0.928734,-0.576563,0.633333,0.664,19.8914,-13.3
1791285167423171387,ncnn,3.25336,104.711,0.013166,0.021185,109.123,1,0.927567,-0.576563,0.635417,0.662,19.8914,-13.3438
1791285167489885986,ncnn,4.23154,103.017,0.012222,0.023222,108.435,1,0.931424,-0.576563,0.633333,0.662,19.8914,-13.3
1791285167756739258,ncnn,4.58913,108.905,0.012611,0.018222,114.55,1,0.926798,-0.576563,0.635417,0.662,19.8914,-13.3438
1791285167823451416,ncnn,3.27357,106.32,0.025407,0.025666,110.742,1,0.924804,-0.576563,0.633333,0.663,19.8914,-13.3
1791285167890163330,ncnn,5.57238,101.341,0.013833,0.03087,108.134,1,0.925252,-0.576563,0.633333,0.662,19.8914,-13.3
1791285167956875244,ncnn,4.71913,104.928,0.012444,0.019148,111.275,1,0.926022,-0.575,0.63125,0.663,19.8375,-13.2562
1791285168090299072,ncnn,3.27083,125.123,0.013166,0.020204,131.637,1,0.928334,-0.576563,0.633333,0.664,19.8914,-13.3
1791285168423857666,ncnn,2.25067,98.4876,0.012444,0.020426,101.65,1,0.928724,-0.576563,0.633333,0.663,19.8914,-13.3
1791285168490569336,ncnn,3.54617,110.239,0.013204,0.022704,114.718,1,0.926112,-0.575,0.635417,0.662,19.8375,-13.3438
1791285168557281006,ncnn,2.34011,117.857,0.0125,0.021852,121.118,1,0.924512,-0.576563,0.633333,0.663,19.8914,-13.3
1791285168757425781,ncnn,2.40641,105.06,0.014981,0.0285,108.528,1,0.925832,-0.576563,0.633333,0.662,19.8914,-13.3
1791285168824142334,ncnn,2.63203,101.558,0.012352,0.019371,105.225,1,0.928011,-0.575,0.63125,0.662,19.8375,-13.2562
1791285168957575684,ncnn,2.4478,106.302,0.017703,0.018666,109.686,1,0.930025,-0.576563,0.635417,0.664,19.8914,-13.3438
1791285169024292480,ncnn,2.39626,99.6958,0.016648,0.024481,103.474,1,0.9297,-0.576563,0.633333,0.664,19.8914,-13.3
1791285169224442871,ncnn,2.35785,98.1066,0.012722,0.022814,101.436,1,0.929727,-0.576563,0.633333,0.664,19.8914,-13.3
1791285169357876465,ncnn,2.40113,110.637,0.012222,0.01987,114.072,1,0.926908,-0.576563,0.635417,0.662,19.8914,-13.3438
1791285169558027344,ncnn,2.41906,99.6956,0.012259,0.018351,103.105,1,0.925359,-0.576563,0.633333,0.664,19.8914,-13.3
1791285169691457031,ncnn,2.43954,97.9265,0.011592,0.017629,101.309,1,0.925487,-0.576563,0.635417,0.663,19.8914,-13.3438
1791285169824882568,ncnn,2.33117,98.1775,0.012703,0.02463,101.548,1,0.923558,-0.576563,0.633333,0.661,19.8914,-13.3
1791285169958307861,ncnn,2.38567,98.1427,0.0125,0.01937,101.49,1,0.923986,-0.575,0.63125,0.662,19.8375,-13.2562
1791285170091733154,ncnn,2.36876,99.7543,0.013019,0.017648,103.072,1,0.926569,-0.576563,0.635417,0.663,19.8914,-13.3438
1791285170225158203,ncnn,2.43596,99.8593,0.012593,0.019296,103.306,1,0.930188,-0.576563,0.633333,0.663,19.8914,-13.3
1791285170358583252,ncnn,2.40207,101.074,0.012204,0.023037,104.417,1,0.93165,-0.576563,0.633333,0.662,19.8914,-13.3
1791285170425295654,ncnn,4.87055,120.347,0.012167,0.022611,126.714,1,0.926102,-0.576563,0.633333,0.663,19.8914,-13.3
1791285170625432861,ncnn,2.29398,98.6914,0.012074,0.021166,101.808,1,0.927135,-0.575,0.633333,0.661,19.8375,-13.3
1791285170758857910,ncnn,2.4555,97.5192,0.012352,0.019185,100.936,1,0.926211,-0.576563,0.635417,0.662,19.8914,-13.3438
1791285170892282715,ncnn,2.29972,96.9018,0.012537,0.019648,100.168,1,0.926852,-0.576563,0.633333,0.664,19.8914,-13.3
1791285171025707275,ncnn,2.25848,97.5129,0.012185,0.019888,100.708,1,0.928447,-0.576563,0.633333,0.663,19.8914,-13.3
1791285171225844238,ncnn,2.30311,97.8771,0.012759,0.015296,101.107,1,0.925837,-0.575,0.63125,0.663,19.8375,-13.2562
1791285171425980713,ncnn,2.24804,98.1961,0.012482,0.016741,101.316,1,0.927298,-0.576563,0.635417,0.663,19.8914,-13.3438
1791285171559405029,ncnn,2.5299,104.655,0.013278,0.015704,108.309,1,0.925927,-0.575,0.63125,0.662,19.8375,-13.2562
1791285171692830566,ncnn,2.2912,96.8237,0.01263,0.019815,100.011,1,0.92887,-0.576563,0.633333,0.662,19.8914,-13.3
1791285171826257324,ncnn,2.24298,96.573,0.012481,0.024796,99.8017,1,0.926634,-0.576563,0.633333,0.661,19.8914,-13.3
1791285171959684082,ncnn,2.3585,98.8849,0.01213,0.02087,102.206,1,0.926592,-0.576563,0.633333,0.663,19.8914,-13.3
1791285172093110840,ncnn,2.40026,97.291,0.011666,0.02361,100.689,1,0.924896,-0.576563,0.633333,0.661,19.8914,-13.3
1791285172159823975,ncnn,2.41422,109.838,0.012037,0.023037,113.328,1,0.927319,-0.576563,0.633333,0.663,19.8914,-13.3
1791285172226537354,ncnn,2.41457,104.254,0.012944,0.02174,107.71,1,0.926083,-0.575,0.63125,0.663,19.8375,-13.2562
1791285172426677002,ncnn,2.273,97.9851,0.012166,0.019222,101.213,1,0.928523,-0.576563,0.633333,0.663,19.8914,-13.3
1791285172560103516,ncnn,2.3772,109.696,0.015111,0.024963,113.159,1,0.927984,-0.576563,0.633333,0.663,19.8914,-13.3
1791285172693531006,ncnn,2.26391,97.796,0.011926,0.018555,101.097,1,0.927385,-0.576563,0.633333,0.662,19.8914,-13.3
1791285172760245361,ncnn,3.74178,109.512,0.012833,0.021259,114.265,1,0.926496,-0.576563,0.633333,0.663,19.8914,-13.3
1791285172826959961,ncnn,2.36259,104.913,0.013537,0.024241,108.316,1,0.928148,-0.576563,0.633333,0.662,19.8914,-13.3
1791285172960388672,ncnn,3.09244,97.0176,0.012389,0.021074,101.561,1,0.926849,-0.576563,0.633333,0.661,19.8914,-13.3
1791285173160532227,ncnn,2.34937,97.8689,0.012185,0.02224,101.189,1,0.926988,-0.576563,0.633333,0.662,19.8914,-13.3
1791285173293961182,ncnn,2.2698,97.8919,0.012259,0.018963,101.027,1,0.926499,-0.576563,0.633333,0.661,19.8914,-13.3
1791285173427390137,ncnn,2.31883,96.9935,0.01276,0.019852,100.316,1,0.923184,-0.575,0.63125,0.662,19.8375,-13.2562
1791285173560819092,ncnn,2.40494,98.01,0.043981,0.023222,101.543,1,0.926543,-0.576563,0.633333,0.664,19.8914,-13.3
1791285173694248047,ncnn,2.38783,103.858,0.014592,0.020629,107.288,1,0.923896,-0.575,0.633333,0.661,19.8375,-13.3
1791285173827676758,ncnn,2.3013,98.2259,0.012426,0.019407,101.504,1,0.928291,-0.576563,0.633333,0.662,19.8914,-13.3
1791285173961105469,ncnn,2.29963,99.0001,0.012444,0.019648,102.349,1,0.931546,-0.576563,0.633333,0.663,19.8914,-13.3
1791285174094534180,ncnn,2.29387,98.1852,0.013018,0.019148,101.392,1,0.929971,-0.576563,0.633333,0.661,19.8914,-13.3
1791285174227962891,ncnn,2.36059,97.418,0.012593,0.019074,100.752,1,0.928868,-0.576563,0.633333,0.661,19.8914,-13.3
1791285174294677246,ncnn,2.40604,112.121,0.012333,0.020889,115.494,1,0.92593,-0.576563,0.635417,0.662,19.8914,-13.3438
1791285174361391602,ncnn,2.43005,106.169,0.014871,0.024722,109.572,1,0.930423,-0.576563,0.633333,0.663,19.8914,-13.3
1791285174428105957,ncnn,3.30342,100.074,0.0125,0.020518,104.769,1,0.926209,-0.576563,0.633333,0.663,19.8914,-13.3
1791285174628248779,ncnn,3.6299,115.83,0.012778,0.018759,120.581,1,0.928776,-0.576563,0.633333,0.662,19.8914,-13.3
1791285174828397461,ncnn,2.31078,97.2629,0.012315,0.017148,100.56,1,0.926622,-0.576563,0.633333,0.661,19.8914,-13.3
1791285174961829834,ncnn,2.33689,96.9116,0.01324,0.023852,100.264,1,0.925902,-0.576563,0.633333,0.663,19.8914,-13.3
1791285175095262451,ncnn,2.24235,98.1965,0.012222,0.018499,101.355,1,0.928253,-0.576563,0.633333,0.661,19.8914,-13.3
1791285175228695068,ncnn,2.28646,98.3992,0.012092,0.018185,101.635,1,0.927279,-0.576563,0.633333,0.664,19.8914,-13.3
1791285175295411621,ncnn,2.37513,109.364,0.012796,0.019315,112.706,1,0.92653,-0.576563,0.633333,0.662,19.8914,-13.3
1791285175362127930,ncnn,2.44072,102.377,0.013259,0.021704,105.871,1,0.92626,-0.576563,0.635417,0.663,19.8914,-13.3438
1791285175428844482,ncnn,2.74803,101.154,0.012796,0.021204,104.935,1,0.925955,-0.576563,0.635417,0.662,19.8914,-13.3438
1791285175495560791,ncnn,2.41711,108.231,0.012574,0.02187,111.612,1,0.929494,-0.576563,0.633333,0.663,19.8914,-13.3
1791285175562277344,ncnn,2.39602,106.927,0.013019,0.024888,110.316,1,0.926926,-0.575,0.633333,0.662,19.8375,-13.3
1791285175695709229,ncnn,2.88861,105.194,0.011925,0.021129,109.248,1,0.922721,-0.576563,0.633333,0.662,19.8914,-13.3
1791285175762424561,ncnn,5.24348,105.383,0.012537,0.021685,112.459,1,0.928002,-0.576563,0.633333,0.662,19.8914,-13.3
1791285175895855469,ncnn,2.39874,107.735,0.026351,0.041407,111.434,1,0.927712,-0.576563,0.633333,0.662,19.8914,-13.3
1791285176296148682,ncnn,2.33048,98.3108,0.013037,0.021259,101.659,1,0.925686,-0.576563,0.633333,0.662,19.8914,-13.3
1791285176429579590,ncnn,2.28804,98.4517,0.012407,0.020722,101.691,1,0.927,-0.576563,0.633333,0.662,19.8914,-13.3
1791285176563010742,ncnn,2.22104,98.8905,0.012407,0.018388,102.167,1,0.927586,-0.576563,0.633333,0.663,19.8914,-13.3
1791285176696439697,ncnn,2.33256,97.7924,0.011463,0.01863,101.2,1,0.927495,-0.575,0.63125,0.661,19.8375,-13.2562
1791285176763152832,ncnn,2.40989,109.324,0.012611,0.023574,112.708,1,0.931549,-0.576563,0.633333,0.662,19.8914,-13.3
1791285176829865967,ncnn,2.47329,119.334,0.0125,0.022611,122.788,1,0.929314,-0.576563,0.633333,0.663,19.8914,-13.3
1791285176896579102,ncnn,2.37839,101.597,0.023296,0.026499,105.068,1,0.927597,-0.576563,0.633333,0.663,19.8914,-13.3
1791285177030004883,ncnn,2.72326,102.833,0.012685,0.024666,106.548,1,0.926497,-0.576563,0.633333,0.662,19.8914,-13.3
1791285177296856201,ncnn,2.27933,98.7,0.013092,0.021796,101.929,1,0.928245,-0.576563,0.633333,0.664,19.8914,-13.3
1791285177363568848,ncnn,3.67147,107.63,0.012389,0.021519,112.349,1,0.928738,-0.576563,0.633333,0.663,19.8914,-13.3
1791285177430281494,ncnn,2.38755,96.0105,0.021759,0.031315,99.5247,1,0.9246,-0.576563,0.633333,0.661,19.8914,-13.3
1791285177630419189,ncnn,2.29887,100.461,0.01224,0.02113,103.718,1,0.930779,-0.576563,0.633333,0.662,19.8914,-13.3
1791285177697138428,ncnn,4.16621,109.643,0.012815,0.019204,114.802,1,0.929825,-0.576563,0.633333,0.661,19.8914,-13.3
1791285177763857910,ncnn,2.45593,111.112,0.013222,0.022666,114.599,1,0.927768,-0.576563,0.633333,0.662,19.8914,-13.3
1791285177897297119,ncnn,2.41852,121.224,0.024537,0.037315,125.14,1,0.926247,-0.576563,0.633333,0.663,19.8914,-13.3
1791285178030736816,ncnn,2.39581,98.0466,0.011944,0.02337,101.401,1,0.927609,-0.576563,0.633333,0.662,19.8914,-13.3
1791285178230896973,ncnn,2.6864,98.7978,0.012814,0.022722,102.519,1,0.927109,-0.576563,0.633333,0.664,19.8914,-13.3
1791285178297617188,ncnn,3.6738,111.979,0.012111,0.020722,116.629,1,0.926213,-0.576563,0.633333,0.663,19.8914,-13.3
1791285178364337646,ncnn,2.40704,106.521,0.012444,0.020185,109.923,1,0.92504,-0.576563,0.633333,0.662,19.8914,-13.3
1791285178497778809,ncnn,2.37743,100.487,0.011852,0.020685,104.011,1,0.922863,-0.576563,0.633333,0.662,19.8914,-13.3
1791285178697935059,ncnn,2.33263,99.414,0.0125,0.019944,102.871,1,0.929559,-0.576563,0.633333,0.662,19.8914,-13.3
1791285178764649658,ncnn,2.45478,112.575,0.012111,0.022611,116.065,1,0.925101,-0.576563,0.633333,0.661,19.8914,-13.3
1791285178831364258,ncnn,2.4337,110.964,0.0135,0.022259,114.37,1,0.926972,-0.576563,0.633333,0.663,19.8914,-13.3
1791285178898078857,ncnn,2.47504,116.442,0.015055,0.031629,120.03,1,0.92679,-0.576563,0.633333,0.661,19.8914,-13.3
1791285178964793457,ncnn,2.9674,104.59,0.012611,0.0215,108.564,1,0.925774,-0.576563,0.633333,0.663,19.8914,-13.3
1791285179031508057,ncnn,3.09881,114.359,0.012796,0.022148,118.599,1,0.928252,-0.576563,0.633333,0.662,19.8914,-13.3
1791285179231651611,ncnn,2.51611,103.772,0.012333,0.021555,107.242,1,0.92728,-0.576563,0.633333,0.663,19.8914,-13.3
1791285179298365967,ncnn,2.36096,99.9046,0.011889,0.021148,103.324,1,0.926216,-0.576563,0.633333,0.661,19.8914,-13.3
1791285179365080322,ncnn,4.78885,109.409,0.012426,0.022333,115.54,1,0.925523,-0.576563,0.633333,0.663,19.8914,-13.3
1791285179431794678,ncnn,2.40109,111.218,0.01226,0.021889,114.665,1,0.927076,-0.576563,0.633333,0.664,19.8914,-13.3
1791285179631937744,ncnn,3.21703,99.7573,0.029074,0.062888,104.89,1,0.929297,-0.576563,0.633333,0.663,19.8914,-13.3
1791285179698654297,ncnn,3.60173,101.394,0.040925,0.022518,106.075,1,0.925891,-0.575,0.63125,0.662,19.8375,-13.2562
1791285179765370850,ncnn,3.15016,106.33,0.013444,0.029963,110.683,1,0.925387,-0.575,0.633333,0.662,19.8375,-13.3
1791285179898803955,ncnn,3.50242,110.359,0.013129,0.022611,114.946,1,0.924425,-0.576563,0.633333,0.661,19.8914,-13.3
1791285179965520752,ncnn,3.63484,101.05,0.012945,0.02163,105.875,1,0.92926,-0.576563,0.633333,0.661,19.8914,-13.3
1791285180098954102,ncnn,2.37728,112.398,0.011648,0.049537,115.744,1,0.925801,-0.576563,0.633333,0.664,19.8914,-13.3
1791285180165670898,ncnn,2.40226,104.322,0.011778,0.021056,107.868,1,0.926922,-0.576563,0.635417,0.663,19.8914,-13.3438
1791285180299104736,ncnn,3.22044,99.2929,0.013223,0.021536,103.893,1,0.923736,-0.576563,0.633333,0.662,19.8914,-13.3
1791285180365821533,ncnn,3.31842,109.297,0.012389,0.019389,113.95,1,0.92576,-0.575,0.63125,0.661,19.8375,-13.2562
1791285180499255371,ncnn,2.36422,108.662,0.012296,0.024389,112.313,1,0.925729,-0.576563,0.633333,0.662,19.8914,-13.3
1791285180632689453,ncnn,2.3687,98.6296,0.012537,0.029907,101.999,1,0.928227,-0.576563,0.633333,0.663,19.8914,-13.3
1791285180766124023,ncnn,3.84514,105.43,0.012074,0.020556,110.381,1,0.927565,-0.576563,0.633333,0.661,19.8914,-13.3
1791285181233145752,ncnn,2.26272,107.498,0.013611,0.065555,110.883,1,0.925445,-0.576563,0.633333,0.661,19.8914,-13.3
1791285181500016113,ncnn,2.3147,97.898,0.012204,0.021222,101.172,1,0.92649,-0.576563,0.633333,0.662,19.8914,-13.3
1791285181566733887,ncnn,3.05803,111.982,0.012963,0.021074,116.023,1,0.926592,-0.576563,0.633333,0.662,19.8914,-13.3
1791285181633451416,ncnn,2.32606,105.233,0.014444,0.029722,108.719,1,0.926874,-0.576563,0.633333,0.664,19.8914,-13.3
1791285181766887451,ncnn,2.30589,98.4113,0.014592,0.023111,101.999,1,0.925809,-0.575,0.63125,0.662,19.8375,-13.2562
1791285181900323486,ncnn,4.38654,106.642,0.012278,0.023814,112.508,1,0.930241,-0.576563,0.633333,0.662,19.8914,-13.3
1791285181967041748,ncnn,2.40442,107.182,0.012277,0.036499,110.91,1,0.928389,-0.576563,0.633333,0.662,19.8914,-13.3
1791285182100478027,ncnn,2.37952,96.9094,0.011815,0.0215,100.412,1,0.926214,-0.575,0.633333,0.663,19.8375,-13.3
1791285182167196289,ncnn,4.33648,107.639,0.013666,0.02337,113.605,1,0.924644,-0.576563,0.633333,0.662,19.8914,-13.3
1791285182233914795,ncnn,2.3783,122.521,0.013185,0.021741,126.022,1,0.926557,-0.576563,0.633333,0.662,19.8914,-13.3
1791285182300633057,ncnn,2.39439,98.5056,0.01287,0.023314,101.984,1,0.929076,-0.576563,0.633333,0.662,19.8914,-13.3
1791285182367351318,ncnn,2.85453,102.221,0.011815,0.020833,106.281,1,0.926917,-0.576563,0.633333,0.663,19.8914,-13.3
1791285182500788330,ncnn,2.34611,110.552,0.012796,0.021278,113.856,1,0.925162,-0.576563,0.633333,0.662,19.8914,-13.3
1791285182634225342,ncnn,2.45555,105.453,0.011537,0.021426,108.82,1,0.925965,-0.576563,0.633333,0.662,19.8914,-13.3
1791285182700942139,ncnn,3.51008,100.947,0.012519,0.021166,105.41,1,0.924036,-0.576563,0.633333,0.662,19.8914,-13.3
1791285182767658936,ncnn,3.52399,111.282,0.013574,0.023166,115.85,1,0.926599,-0.576563,0.633333,0.663,19.8914,-13.3
1791285182901092529,ncnn,2.3577,110.412,0.012518,0.0225,113.739,1,0.925391,-0.576563,0.633333,0.663,19.8914,-13.3
1791285183034526367,ncnn,2.37943,103.289,0.020426,0.025259,106.911,1,0.924675,-0.576563,0.633333,0.662,19.8914,-13.3
1791285183167960205,ncnn,2.65113,155.326,0.012389,0.020388,159.01,1,0.923019,-0.576563,0.633333,0.662,19.8914,-13.3
1791285183234677246,ncnn,2.53276,141.911,0.01313,0.02213,145.61,1,0.922391,-0.576563,0.633333,0.662,19.8914,-13.3
1791285183368111328,ncnn,2.54529,132.852,0.013148,0.022704,136.555,1,0.925843,-0.576563,0.633333,0.663,19.8914,-13.3
1791285183434828369,ncnn,2.76826,166.549,0.012833,0.024463,170.401,1,0.924011,-0.576563,0.633333,0.663,19.8914,-13.3
1791285183568262695,ncnn,2.81855,151.344,0.013148,0.024778,155.344,1,0.924836,-0.576563,0.633333,0.662,19.8914,-13.3
1791285184102018066,ncnn,3.8308,122.317,0.012592,0.022019,127.553,1,0.91799,-0.576563,0.633333,0.662,19.8914,-13.3
1791285184435618164,ncnn,2.50209,130.958,0.011667,0.023352,134.502,1,0.924995,-0.576563,0.633333,0.661,19.8914,-13.3
1791285184569058838,ncnn,3.29379,150.416,0.025148,0.032296,154.745,1,0.928605,-0.576563,0.633333,0.662,19.8914,-13.3
1791285184702494141,ncnn,5.02894,148.405,0.013723,0.023704,155.334,1,0.924442,-0.576563,0.633333,0.664,19.8914,-13.3
1791285184769209473,ncnn,4.06408,138.478,0.012685,0.023778,144.329,1,0.922583,-0.575,0.63125,0.662,19.8375,-13.2562
1791285184969355225,ncnn,2.50192,146.271,0.01274,0.021777,149.82,1,0.926785,-0.576563,0.633333,0.661,19.8914,-13.3
1791285185102785889,ncnn,6.91928,160.195,0.012148,0.021926,168.764,1,0.927243,-0.576563,0.633333,0.663,19.8914,-13.3
1791285185302931641,ncnn,2.46276,144.356,0.012963,0.022259,147.965,1,0.924079,-0.576563,0.633333,0.663,19.8914,-13.3
1791285185636508057,ncnn,3.31714,145.995,0.012315,0.025241,150.867,1,0.931187,-0.576563,0.635417,0.663,19.8914,-13.3438
1791285185769937012,ncnn,2.55361,117.524,0.012981,0.018963,121.03,1,0.922714,-0.576563,0.635417,0.662,19.8914,-13.3438
1791285185903365723,ncnn,2.54248,148.631,0.01224,0.021315,152.127,1,0.925138,-0.576563,0.635417,0.662,19.8914,-13.3438
1791285186170222900,ncnn,2.37798,131.403,0.013833,0.023203,135.129,1,0.925007,-0.576563,0.63125,0.662,19.8914,-13.2562
1791285186370365723,ncnn,2.53544,142.486,0.012648,0.022574,146.033,1,0.926605,-0.576563,0.63125,0.662,19.8914,-13.2562
1791285186570508301,ncnn,2.51144,137.908,0.012408,0.022685,141.655,1,0.927842,-0.578125,0.633333,0.663,19.9453,-13.3
1791285186770657471,ncnn,2.45744,132.277,0.014537,0.026,136.158,1,0.927605,-0.575,0.63125,0.662,19.8375,-13.2562
1791285186904092285,ncnn,3.28068,182.386,0.013907,0.082554,187.326,1,0.924248,-0.576563,0.633333,0.662,19.8914,-13.3
1791285187037527344,ncnn,2.82133,155.771,0.013389,0.022815,159.69,1,0.929689,-0.576563,0.635417,0.662,19.8914,-13.3438
1791285187104244873,ncnn,3.83356,153.225,0.013426,0.034074,158.814,1,0.927301,-0.576563,0.633333,0.662,19.8914,-13.3
1791285187304397705,ncnn,2.48265,145.15,0.011926,0.021611,148.636,1,0.928006,-0.575,0.633333,0.662,19.8375,-13.3
1791285187371115234,ncnn,2.48415,143.282,0.014092,0.036167,147.058,1,0.928208,-0.576563,0.633333,0.662,19.8914,-13.3
1791285187437833008,ncnn,2.70002,165.857,0.012315,0.023444,169.759,1,0.924057,-0.576563,0.633333,0.662,19.8914,-13.3
1791285187904856689,ncnn,2.49259,133.414,0.012574,0.022129,138.28,1,0.93063,-0.576563,0.633333,0.662,19.8914,-13.3
1791285188105009766,ncnn,2.43387,136.755,0.015407,0.023908,140.935,1,0.926677,-0.575,0.63125,0.662,19.8375,-13.2562
1791285188238445313,ncnn,2.85624,144.707,0.012425,0.021019,148.729,1,0.930691,-0.576563,0.635417,0.662,19.8914,-13.3438
1791285188305163330,ncnn,2.75103,136.23,0.012426,0.022889,140.143,1,0.927834,-0.576563,0.633333,0.663,19.8914,-13.3
1791285188371881104,ncnn,3.04296,116.798,0.016907,0.025889,121.084,1,0.930197,-0.576563,0.633333,0.662,19.8914,-13.3
1791285188638752441,ncnn,2.76328,131.862,0.012463,0.019704,135.73,1,0.929355,-0.576563,0.635417,0.663,19.8914,-13.3438
1791285188838921631,ncnn,2.41841,164.374,0.012203,0.023815,167.776,1,0.929371,-0.576563,0.633333,0.662,19.8914,-13.3
1791285189039091064,ncnn,2.5752,140.239,0.012389,0.02137,143.781,1,0.927561,-0.575,0.63125,0.663,19.8375,-13.2562
1791285189239260986,ncnn,2.32346,108.197,0.013352,0.023944,112.336,1,0.925634,-0.575,0.633333,0.664,19.8375,-13.3
1791285189372708008,ncnn,2.32433,120.87,0.013222,0.022537,124.411,1,0.92687,-0.575,0.63125,0.661,19.8375,-13.2562
1791285189572878662,ncnn,2.51805,114.394,0.012666,0.027796,117.956,1,0.925232,-0.575,0.63125,0.661,19.8375,-13.2562
1791285189706311768,ncnn,2.52561,118.026,0.01426,0.024667,121.823,1,0.929297,-0.576563,0.633333,0.663,19.8914,-13.3
1791285189839730713,ncnn,2.40926,146.867,0.013037,0.023036,150.384,1,0.925131,-0.575,0.63125,0.663,19.8375,-13.2562
1791285190039858154,ncnn,2.59948,146.384,0.014148,0.025278,150.234,1,0.927098,-0.576563,0.633333,0.663,19.8914,-13.3
1791285190173276367,ncnn,2.69783,137.193,0.012741,0.018482,141.112,1,0.92945,-0.576563,0.635417,0.661,19.8914,-13.3438
1791285190373402832,ncnn,2.73359,117.876,0.012093,0.020667,121.609,1,0.929023,-0.576563,0.635417,0.664,19.8914,-13.3438
1791285190640237061,ncnn,2.48441,123.157,0.016463,0.028574,127.08,1,0.924642,-0.576563,0.633333,0.662,19.8914,-13.3
1791285190706951416,ncnn,3.14351,147.922,0.017926,0.034462,152.743,1,0.925799,-0.576563,0.633333,0.663,19.8914,-13.3
1791285190973809326,ncnn,2.81676,127.139,0.026834,0.032722,131.6,1,0.929622,-0.576563,0.633333,0.661,19.8914,-13.3
1791285191173952637,ncnn,2.61974,136.633,0.0125,0.022796,140.394,1,0.923708,-0.576563,0.633333,0.663,19.8914,-13.3
1791285191440810303,ncnn,2.31741,105.946,0.012611,0.019722,109.243,1,0.922555,-0.576563,0.635417,0.662,19.8914,-13.3438
1791285191507524658,ncnn,2.52755,103.8,0.012241,0.017796,107.25,1,0.927087,-0.576563,0.635417,0.661,19.8914,-13.3438
1791285191640953613,ncnn,2.35485,106.415,0.01826,0.031259,109.852,1,0.924198,-0.576563,0.635417,0.661,19.8914,-13.3438
1791285191707663574,ncnn,2.65052,99.867,0.062462,0.019351,103.958,1,0.923093,-0.576563,0.635417,0.661,19.8914,-13.3438
1791285191774373291,ncnn,4.72931,104.492,0.012518,0.019518,111.009,1,0.926264,-0.576563,0.635417,0.663,19.8914,-13.3438
1791285191841083008,ncnn,2.42202,99.7689,0.012463,0.02337,103.149,1,0.927164,-0.576563,0.633333,0.662,19.8914,-13.3
1791285191907792725,ncnn,3.44379,101.39,0.01287,0.023314,106.241,1,0.922433,-0.576563,0.633333,0.662,19.8914,-13.3
1791285191974502197,ncnn,3.81754,113.394,0.040722,0.024241,118.243,1,0.921539,-0.576563,0.633333,0.662,19.8914,-13.3
1791285192374757324,ncnn,2.2528,102.002,0.012926,0.020703,105.256,1,0.922693,-0.576563,0.633333,0.664,19.8914,-13.3
1791285192508174805,ncnn,2.2188,97.6679,0.012241,0.022222,100.819,1,0.926917,-0.576563,0.633333,0.662,19.8914,-13.3
1791285192574883301,ncnn,2.36293,111.324,0.012889,0.022759,114.662,1,0.924673,-0.576563,0.633333,0.662,19.8914,-13.3
1791285192641592041,ncnn,2.42592,105.525,0.019352,0.025648,109.034,1,0.925327,-0.576563,0.635417,0.662,19.8914,-13.3438
1791285192708299805,ncnn,3.63667,98.5985,0.041351,0.020055,103.484,1,0.927023,-0.576563,0.635417,0.663,19.8914,-13.3438
1791285192775007324,ncnn,2.41498,108.533,0.012259,0.023259,111.924,1,0.925437,-0.576563,0.633333,0.663,19.8914,-13.3
1791285192841715088,ncnn,2.40172,99.5361,0.014648,0.019945,102.902,1,0.930834,-0.576563,0.635417,0.662,19.8914,-13.3438
1791285192908422363,ncnn,2.38757,108.77,0.012518,0.023167,112.25,1,0.92558,-0.576563,0.633333,0.663,19.8914,-13.3
1791285192975129639,ncnn,2.42109,112.988,0.012167,0.051296,116.345,1,0.922391,-0.576563,0.63125,0.662,19.8914,-13.2562
1791285193041836914,ncnn,2.40406,105.877,0.012407,0.023537,109.386,1,0.924614,-0.576563,0.633333,0.661,19.8914,-13.3
1791285193108544189,ncnn,3.38571,106.798,0.169758,0.046907,112.118,1,0.924685,-0.576563,0.635417,0.662,19.8914,-13.3438
1791285193308664795,ncnn,2.79237,107.206,0.012537,0.019593,110.989,1,0.925841,-0.575,0.633333,0.661,19.8375,-13.3
1791285193442077881,ncnn,2.44998,103.02,0.012741,0.021518,106.536,1,0.926058,-0.576563,0.633333,0.663,19.8914,-13.3
1791285193508784424,ncnn,2.47131,106.938,0.025204,0.034204,110.691,1,0.928505,-0.576563,0.633333,0.662,19.8914,-13.3
1791285193775626465,ncnn,3.2542,104.172,0.012092,0.021,108.38,1,0.925363,-0.575,0.63125,0.663,19.8375,-13.2562
1791285193909055908,ncnn,2.40443,110.247,0.012148,0.021981,113.669,1,0.92554,-0.576563,0.633333,0.663,19.8914,-13.3
1791285193975770752,ncnn,2.41902,95.1121,0.013388,0.023499,98.5814,1,0.928858,-0.576563,0.633333,0.662,19.8914,-13.3
1791285194042485596,ncnn,2.8705,97.2888,0.012204,0.018704,101.173,1,0.92638,-0.576563,0.633333,0.662,19.8914,-13.3
1791285194109200684,ncnn,2.35848,105.822,0.014593,0.025797,109.24,1,0.927437,-0.576563,0.633333,0.662,19.8914,-13.3
1791285194175915527,ncnn,3.68677,105.626,0.023944,0.0415,111.285,1,0.926519,-0.576563,0.633333,0.662,19.8914,-13.3
1791285194509490723,ncnn,2.74451,106.69,0.01226,0.068592,110.614,1,0.925595,-0.576563,0.633333,0.661,19.8914,-13.3
1791285194576205811,ncnn,2.47485,103.119,0.012445,0.019018,106.509,1,0.928224,-0.576563,0.633333,0.661,19.8914,-13.3
1791285194642920898,ncnn,2.56046,99.84,0.013426,0.052777,103.415,1,0.92729,-0.576563,0.633333,0.661,19.8914,-13.3
1791285195043207275,ncnn,2.4703,100.052,0.039666,0.018537,103.416,1,0.928404,-0.576563,0.633333,0.661,19.8914,-13.3
1791285195109921387,ncnn,7.14583,109.878,0.012703,0.055518,117.952,1,0.926608,-0.576563,0.633333,0.662,19.8914,-13.3
1791285195176635742,ncnn,2.513,120.033,0.012352,0.021629,123.435,1,0.926846,-0.576563,0.633333,0.664,19.8914,-13.3
1791285195243349854,ncnn,2.49624,120.273,0.012574,0.020037,123.842,1,0.927052,-0.575,0.633333,0.661,19.8375,-13.3
1791285195310063965,ncnn,2.42029,109.433,0.0125,0.022499,112.866,1,0.926457,-0.576563,0.633333,0.662,19.8914,-13.3
1791285195510206299,ncnn,4.09997,102.244,0.013111,0.022592,107.312,1,0.928059,-0.576563,0.633333,0.663,19.8914,-13.3
1791285195710350342,ncnn,4.83431,109.349,0.012444,0.019037,115.389,1,0.925717,-0.576563,0.633333,0.662,19.8914,-13.3
1791285195843782227,ncnn,2.37854,103.061,0.012759,0.021426,106.412,1,0.927943,-0.576563,0.633333,0.662,19.8914,-13.3
1791285196043929443,ncnn,2.25665,97.4203,0.012297,0.01874,100.614,1,0.92845,-0.576563,0.633333,0.661,19.8914,-13.3
1791285196244076416,ncnn,2.27363,97.4855,0.016445,0.021741,100.657,1,0.926745,-0.576563,0.633333,0.661,19.8914,-13.3
1791285196310791992,ncnn,2.36118,102.996,0.021685,0.024536,106.28,1,0.923289,-0.575,0.633333,0.662,19.8375,-13.3
1791285196510937988,ncnn,2.25108,99.1574,0.012759,0.019277,102.374,1,0.92754,-0.576563,0.633333,0.663,19.8914,-13.3
1791285196644368652,ncnn,2.33513,97.3297,0.012426,0.022129,100.662,1,0.924715,-0.575,0.633333,0.661,19.8375,-13.3
1791285196844509766,ncnn,2.27446,98.7799,0.012741,0.020777,102.071,1,0.925152,-0.576563,0.633333,0.662,19.8914,-13.3
1791285196911223633,ncnn,3.12179,101.247,0.011944,0.021148,105.317,1,0.926089,-0.576563,0.635417,0.663,19.8914,-13.3438
1791285196977937500,ncnn,2.38883,99.0882,0.025555,0.032833,102.627,1,0.92869,-0.576563,0.633333,0.662,19.8914,-13.3
1791285197111365234,ncnn,2.66194,94.5127,0.012296,0.02174,98.202,1,0.925188,-0.576563,0.633333,0.662,19.8914,-13.3
1791285197178079346,ncnn,2.37704,101.589,0.011834,0.020982,104.897,1,0.929317,-0.576563,0.633333,0.662,19.8914,-13.3
1791285197311507568,ncnn,2.81848,102.091,0.012593,0.021389,105.908,1,0.928828,-0.576563,0.633333,0.662,19.8914,-13.3
1791285197444936279,ncnn,2.39122,125.229,0.012185,0.019777,128.661,1,0.925636,-0.575,0.63125,0.663,19.8375,-13.2562
1791285197645079346,ncnn,2.26115,97.9701,0.012555,0.02287,101.106,1,0.926867,-0.576563,0.633333,0.663,19.8914,-13.3
1791285197711796875,ncnn,2.39217,106.103,0.012074,0.019648,109.454,1,0.926041,-0.575,0.63125,0.662,19.8375,-13.2562
1791285197778514160,ncnn,2.47431,100.395,0.012167,0.023981,104.017,1,0.925261,-0.576563,0.633333,0.661,19.8914,-13.3
1791285197911948975,ncnn,2.40415,98.8949,0.012592,0.022759,102.213,1,0.930261,-0.576563,0.633333,0.661,19.8914,-13.3
1791285198045383301,ncnn,2.43655,100.221,0.012556,0.020148,103.756,1,0.925511,-0.575,0.63125,0.662,19.8375,-13.2562
1791285198112100586,ncnn,2.46798,95.5327,0.012166,0.019778,98.9236,1,0.927689,-0.575,0.633333,0.662,19.8375,-13.3
1791285198312252197,ncnn,2.2985,99.3464,0.012648,0.023407,102.561,1,0.925345,-0.575,0.635417,0.662,19.8375,-13.3438
1791285198378969238,ncnn,2.49939,104.941,0.013389,0.023092,108.311,1,0.929485,-0.576563,0.633333,0.661,19.8914,-13.3
1791285198512403320,ncnn,2.432,110.528,0.014648,0.028611,114.248,1,0.921077,-0.575,0.635417,0.663,19.8375,-13.3438
1791285198579120361,ncnn,2.47096,101.105,0.012759,0.02137,104.607,1,0.920626,-0.576563,0.633333,0.661,19.8914,-13.3
1791285198712548096,ncnn,2.50052,112.381,0.012296,0.020852,115.779,1,0.927216,-0.576563,0.633333,0.662,19.8914,-13.3
1791285198779261719,ncnn,2.50726,105.101,0.012666,0.021241,108.464,1,0.927018,-0.575,0.63125,0.661,19.8375,-13.2562
1791285198845975342,ncnn,2.3907,97.714,0.011741,0.020463,101.055,1,0.925352,-0.576563,0.633333,0.661,19.8914,-13.3
1791285198912688965,ncnn,2.42072,99.7576,0.013852,0.022426,103.084,1,0.926751,-0.576563,0.633333,0.661,19.8914,-13.3
1791285199246255859,ncnn,2.30474,97.9321,0.011703,0.019315,101.129,1,0.925234,-0.575,0.63125,0.663,19.8375,-13.2562
1791285199312968994,ncnn,2.45894,110.473,0.012074,0.022278,113.842,1,0.923727,-0.575,0.63125,0.662,19.8375,-13.2562
1791285199379682129,ncnn,2.33744,112.375,0.026222,0.042963,115.891,1,0.925317,-0.576563,0.633333,0.663,19.8914,-13.3
1791285199446395264,ncnn,2.43765,116.245,0.013148,0.020759,119.856,1,0.925559,-0.575,0.63125,0.661,19.8375,-13.2562
1791285199513108154,ncnn,3.30107,104.004,0.011797,0.020166,108.434,1,0.927783,-0.575,0.63125,0.663,19.8375,-13.2562
1791285199646534912,ncnn,2.46502,108.572,0.01287,0.020111,112.074,1,0.928665,-0.576563,0.63125,0.663,19.8914,-13.2562
1791285199779977783,ncnn,2.35181,103.991,0.012204,0.020926,107.313,1,0.924604,-0.576563,0.63125,0.662,19.8914,-13.2562
1791285199846699219,ncnn,3.75204,100.395,0.012481,0.019537,105.382,1,0.927249,-0.575,0.633333,0.661,19.8375,-13.3
1791285199913421143,ncnn,2.70415,102.815,0.012111,0.022408,106.511,1,0.926796,-0.575,0.63125,0.661,19.8375,-13.2562
1791285199980143066,ncnn,2.395,103.17,0.014111,0.027759,106.736,1,0.92239,-0.576563,0.63125,0.663,19.8914,-13.2562
1791285200113587402,ncnn,2.68733,101.066,0.012722,0.020037,104.784,1,0.925119,-0.575,0.63125,0.662,19.8375,-13.2562
1791285200180309814,ncnn,2.36085,108.608,0.012537,0.023259,111.975,1,0.923202,-0.575,0.633333,0.663,19.8375,-13.3
1791285200313755127,ncnn,2.38226,101.702,0.031388,0.026648,105.262,1,0.924882,-0.576563,0.63125,0.661,19.8914,-13.2562
1791285200380478027,ncnn,2.81661,109.796,0.013407,0.063999,113.901,1,0.92259,-0.575,0.633333,0.662,19.8375,-13.3
1791285200513924316,ncnn,3.33231,109.078,0.01337,0.019666,113.543,1,0.921664,-0.576563,0.63125,0.662,19.8914,-13.2562
1791285200647371094,ncnn,2.38211,105.242,0.012648,0.023056,108.547,1,0.922388,-0.576563,0.635417,0.661,19.8914,-13.3438
1791285200714083008,ncnn,2.95764,91.4292,0.012092,0.01837,95.4977,1,0.920027,-0.576563,0.633333,0.661,19.8914,-13.3
1791285200847506592,ncnn,2.33709,108.825,0.012833,0.02037,112.029,1,0.921843,-0.576563,0.633333,0.661,19.8914,-13.3
1791285200914218262,ncnn,2.46046,102.011,0.014259,0.026834,105.57,1,0.92029,-0.576563,0.633333,0.663,19.8914,-13.3
1791285200980930176,ncnn,2.65222,102.187,0.01213,0.019444,105.822,1,0.923088,-0.576563,0.63125,0.661,19.8914,-13.2562
1791285201181065674,ncnn,2.41343,109.241,0.012648,0.021685,112.639,1,0.920784,-0.576563,0.63125,0.663,19.8914,-13.2562
1791285201247777344,ncnn,2.36604,101.357,0.020593,0.031778,104.856,1,0.923339,-0.576563,0.63125,0.662,19.8914,-13.2562
1791285201314489014,ncnn,2.70377,102.243,0.012,0.020907,106.384,1,0.922204,-0.576563,0.63125,0.661,19.8914,-13.2562
1791285201514624512,ncnn,2.39194,117.832,0.013241,0.018722,121.234,1,0.922765,-0.576563,0.63125,0.661,19.8914,-13.2562
1791285201581336182,ncnn,2.35387,104.075,0.011519,0.021408,107.626,1,0.921536,-0.576563,0.63125,0.662,19.8914,-13.2562
1791285201648047852,ncnn,4.01589,97.1191,0.012666,0.020222,102.581,1,0.922879,-0.576563,0.63125,0.661,19.8914,-13.2562
1791285201781489014,ncnn,3.66345,108.239,0.011778,0.020944,112.851,1,0.924097,-0.576563,0.633333,0.663,19.8914,-13.3
1791285201981650879,ncnn,2.34952,104.298,0.012111,0.021444,107.738,1,0.924328,-0.576563,0.633333,0.662,19.8914,-13.3
1791285202115092041,ncnn,3.79975,100.418,0.012759,0.020426,105.718,1,0.925067,-0.576563,0.633333,0.662,19.8914,-13.3
1791285202181812500,ncnn,4.04097,108.194,0.012703,0.02113,113.683,1,0.924009,-0.576563,0.633333,0.661,19.8914,-13.3
1791285202315253662,ncnn,2.4022,113.807,0.012167,0.02113,117.173,1,0.923825,-0.576563,0.63125,0.662,19.8914,-13.2562
1791285202381974365,ncnn,2.43789,106.925,0.012963,0.020203,110.308,1,0.924844,-0.576563,0.633333,0.662,19.8914,-13.3
1791285202448694824,ncnn,3.90701,104.699,0.012074,0.057037,109.68,1,0.924388,-0.576563,0.633333,0.663,19.8914,-13.3
1791285202715566406,ncnn,4.30276,117.466,0.012629,0.022259,122.796,1,0.926079,-0.576563,0.63125,0.663,19.8914,-13.2562
1791285202782276611,ncnn,2.38991,108.695,0.012481,0.020278,112.221,1,0.91934,-0.576563,0.633333,0.662,19.8914,-13.3
1791285202915696777,ncnn,2.36937,102.394,0.024889,0.036315,106.25,1,0.927153,-0.576563,0.63125,0.663,19.8914,-13.2562
1791285203049116943,ncnn,2.75483,100.97,0.012352,0.022185,104.79,1,0.927752,-0.576563,0.633333,0.661,19.8914,-13.3
1791285203115826904,ncnn,2.37096,108.354,0.011704,0.022056,111.8,1,0.928247,-0.576563,0.63125,0.661,19.8914,-13.2562
1791285203249247314,ncnn,2.39107,100.897,0.032777,0.05474,104.77,1,0.925333,-0.576563,0.63125,0.662,19.8914,-13.2562
1791285203315957520,ncnn,2.69859,102.785,0.012815,0.022093,106.455,1,0.924218,-0.576563,0.633333,0.664,19.8914,-13.3
1791285203582798096,ncnn,2.35946,108.681,0.01263,0.021296,111.963,1,0.925762,-0.576563,0.633333,0.663,19.8914,-13.3
1791285203649508301,ncnn,2.40437,102.009,0.017277,0.032463,105.706,1,0.926911,-0.576563,0.633333,0.664,19.8914,-13.3
1791285203716220459,ncnn,2.7394,112.928,0.014056,0.027296,116.692,1,0.927311,-0.576563,0.633333,0.663,19.8914,-13.3
1791285203849644531,ncnn,4.82402,104.742,0.012592,0.020814,111.412,1,0.92642,-0.575,0.63125,0.661,19.8375,-13.2562
1791285203916356689,ncnn,2.49161,101.575,0.011815,0.021722,105.028,1,0.925365,-0.575,0.63125,0.661,19.8375,-13.2562
1791285204116493164,ncnn,2.38883,97.1908,0.012611,0.050722,100.532,1,0.925919,-0.576563,0.63125,0.662,19.8914,-13.2562
1791285204249917480,ncnn,3.22655,106.744,0.011815,0.021962,111.079,1,0.926819,-0.576563,0.633333,0.663,19.8914,-13.3
1791285204383342041,ncnn,2.34507,101.636,0.012629,0.021685,104.958,1,0.926257,-0.576563,0.633333,0.663,19.8914,-13.3
1791285204450054199,ncnn,2.48372,98.8628,0.012111,0.106777,102.389,1,0.925139,-0.575,0.633333,0.661,19.8375,-13.3
1791285204583478760,ncnn,2.42009,109.149,0.013018,0.022314,112.524,1,0.926296,-0.576563,0.633333,0.663,19.8914,-13.3
1791285204716907471,ncnn,2.37898,104.007,0.012796,0.020167,107.385,1,0.922067,-0.576563,0.63125,0.662,19.8914,-13.2562
1791285204850336426,ncnn,3.74738,98.199,0.01237,0.021982,103.023,1,0.928383,-0.576563,0.633333,0.662,19.8914,-13.3
1791285204917050781,ncnn,2.33352,120.336,0.045352,0.021463,123.674,1,0.928357,-0.575,0.63125,0.663,19.8375,-13.2562
1791285205050479736,ncnn,2.40781,108.631,0.012407,0.018759,112.015,1,0.923373,-0.576563,0.633333,0.662,19.8914,-13.3
1791285205250623291,ncnn,2.36235,101.612,0.020852,0.032444,105.163,1,0.927755,-0.576563,0.633333,0.662,19.8914,-13.3
1791285205317337646,ncnn,2.73648,101.369,0.012167,0.0185,105.177,1,0.928188,-0.576563,0.635417,0.662,19.8914,-13.3438
1791285205384052246,ncnn,2.35483,109.813,0.012277,0.022963,113.165,1,0.925626,-0.575,0.633333,0.661,19.8375,-13.3
1791285205517481201,ncnn,2.37676,101.28,0.019722,0.030519,104.85,1,0.930792,-0.576563,0.635417,0.662,19.8914,-13.3438
1791285205584195557,ncnn,2.75466,101.427,0.012166,0.02124,105.192,1,0.926854,-0.576563,0.635417,0.663,19.8914,-13.3438
1791285205650910889,ncnn,2.36611,109.081,0.012426,0.019036,112.576,1,0.925918,-0.576563,0.635417,0.661,19.8914,-13.3438
1791285205717627686,ncnn,2.4333,99.0018,0.024648,0.034425,102.591,1,0.924678,-0.575,0.63125,0.661,19.8375,-13.2562
1791285205851061035,ncnn,2.74065,97.3494,0.01287,0.022815,101.105,1,0.927709,-0.576563,0.633333,0.662,19.8914,-13.3
1791285205917777832,ncnn,2.52554,119.636,0.011722,0.02037,123.105,1,0.927825,-0.576563,0.633333,0.662,19.8914,-13.3
1791285205984494629,ncnn,2.4475,104.776,0.012593,0.021925,108.118,1,0.924051,-0.576563,0.633333,0.663,19.8914,-13.3
1791285206051211426,ncnn,2.77685,102.46,0.012259,0.020148,106.315,1,0.926777,-0.576563,0.633333,0.662,19.8914,-13.3
1791285206318078613,ncnn,2.36835,111.33,0.012278,0.023963,114.722,1,0.928461,-0.576563,0.633333,0.662,19.8914,-13.3
1791285206384795410,ncnn,2.43018,103.281,0.013445,0.027499,106.698,1,0.925855,-0.576563,0.635417,0.661,19.8914,-13.3438
1791285206518229248,ncnn,3.69038,102.349,0.012148,0.020296,107.345,1,0.929622,-0.576563,0.635417,0.662,19.8914,-13.3438
1791285206651663086,ncnn,4.17637,106.914,0.012315,0.021556,112.419,1,0.924104,-0.576563,0.633333,0.661,19.8914,-13.3
1791285206718378174,ncnn,2.37207,107.062,0.014129,0.095054,110.652,1,0.930496,-0.576563,0.635417,0.662,19.8914,-13.3438
1791285206851808594,ncnn,2.36437,97.4481,0.011723,0.021241,101.028,1,0.928063,-0.576563,0.633333,0.663,19.8914,-13.3
1791285206985239014,ncnn,3.85577,116.465,0.012481,0.024018,121.598,1,0.928475,-0.576563,0.633333,0.662,19.8914,-13.3
1791285207051954102,ncnn,2.62022,108.979,0.012445,0.021093,112.585,1,0.929405,-0.576563,0.633333,0.661,19.8914,-13.3
1791285207452244873,ncnn,2.49807,101.892,0.012704,0.021796,105.299,1,0.927125,-0.576563,0.633333,0.663,19.8914,-13.3
1791285207585674805,ncnn,2.353,95.8558,0.013222,0.019741,99.1324,1,0.928374,-0.576563,0.633333,0.661,19.8914,-13.3
1791285207719108887,ncnn,2.26219,97.2353,0.013277,0.018407,100.387,1,0.927513,-0.575,0.63125,0.664,19.8375,-13.2562
1791285207785827881,ncnn,2.41065,111.799,0.01213,0.021815,115.046,1,0.928661,-0.575,0.635417,0.662,19.8375,-13.3438
1791285207919265869,ncnn,2.3955,100.871,0.0125,0.020945,104.258,1,0.926364,-0.575,0.633333,0.663,19.8375,-13.3
1791285208052704102,ncnn,2.38589,89.9233,0.012722,0.021166,93.2603,1,0.92813,-0.576563,0.633333,0.663,19.8914,-13.3
1791285208186142578,ncnn,2.26557,97.7502,0.012463,0.018833,101.035,1,0.926469,-0.575,0.633333,0.661,19.8375,-13.3
1791285208319581055,ncnn,2.26615,107.904,0.01363,0.021407,111.139,1,0.930083,-0.576563,0.633333,0.661,19.8914,-13.3
1791285208453019531,ncnn,2.38026,96.6547,0.012889,0.022352,100.022,1,0.927401,-0.575,0.633333,0.662,19.8375,-13.3
1791285208519739014,ncnn,2.38252,111.853,0.011685,0.021537,115.182,1,0.929664,-0.576563,0.633333,0.663,19.8914,-13.3
1791285208653177734,ncnn,2.37409,107.401,0.013666,0.022777,110.715,1,0.930353,-0.576563,0.633333,0.661,19.8914,-13.3
1791285208786604492,ncnn,2.37019,97.7535,0.011593,0.022667,101.075,1,0.924911,-0.576563,0.635417,0.662,19.8914,-13.3438
1791285208853317871,ncnn,3.83214,107.83,0.012907,0.018593,112.725,1,0.929356,-0.575,0.635417,0.662,19.8375,-13.3438
1791285209053457764,ncnn,2.27557,97.1311,0.012186,0.020185,100.371,1,0.932663,-0.576563,0.633333,0.661,19.8914,-13.3
1791285209120171143,ncnn,2.41235,108.949,0.013222,0.020574,112.317,1,0.929503,-0.576563,0.633333,0.662,19.8914,-13.3
1791285209186884277,ncnn,2.39874,102.557,0.016056,0.021463,105.92,1,0.926304,-0.575,0.633333,0.662,19.8375,-13.3
1791285209320310303,ncnn,2.7209,123.016,0.024296,0.046389,126.918,1,0.926811,-0.576563,0.633333,0.662,19.8914,-13.3
1791285209387023438,ncnn,2.58359,103.865,0.011926,0.022871,107.471,1,0.92678,-0.575,0.633333,0.662,19.8375,-13.3
1791285209453736572,ncnn,2.41287,108.27,0.019388,0.024759,111.589,1,0.929884,-0.575,0.635417,0.661,19.8375,-13.3438
1791285209520449463,ncnn,2.46567,99.2715,0.018148,0.027759,102.926,1,0.928105,-0.575,0.63125,0.662,19.8375,-13.2562
1791285209653875244,ncnn,2.6459,102.404,0.01276,0.022462,106.265,1,0.927416,-0.576563,0.633333,0.663,19.8914,-13.3
1791285209787305176,ncnn,2.36591,108.408,0.012314,0.022629,111.727,1,0.927701,-0.576563,0.633333,0.661,19.8914,-13.3
1791285209854020020,ncnn,2.39946,99.1147,0.023685,0.028926,102.62,1,0.930258,-0.576563,0.633333,0.662,19.8914,-13.3
1791285209920734863,ncnn,3.34286,105.073,0.011833,0.021074,110.223,1,0.928594,-0.576563,0.633333,0.661,19.8914,-13.3
1791285210054164551,ncnn,2.36913,110.446,0.012037,0.023759,113.871,1,0.929352,-0.576563,0.633333,0.663,19.8914,-13.3
1791285210120879395,ncnn,2.42785,100.965,0.030889,0.047833,104.631,1,0.928143,-0.576563,0.633333,0.663,19.8914,-13.3
1791285210254308838,ncnn,2.59009,114.962,0.027278,0.038666,118.925,1,0.927494,-0.576563,0.633333,0.663,19.8914,-13.3
1791285210321023438,ncnn,5.32307,105.054,0.011611,0.111018,111.963,1,0.927259,-0.576563,0.633333,0.661,19.8914,-13.3
1791285210521167236,ncnn,2.40398,116.756,0.012685,0.023074,120.043,1,0.92881,-0.575,0.633333,0.663,19.8375,-13.3
1791285210654596191,ncnn,2.3872,105.281,0.015463,0.019222,108.584,1,0.926768,-0.575,0.633333,0.663,19.8375,-13.3
1791285210721314209,ncnn,4.17069,99.7823,0.011852,0.021611,105.197,1,0.928112,-0.575,0.63125,0.663,19.8375,-13.2562
1791285210854750244,ncnn,3.64517,108.215,0.012426,0.018574,112.779,1,0.930796,-0.576563,0.635417,0.662,19.8914,-13.3438
1791285210988186523,ncnn,2.30689,108.081,0.02687,0.04587,111.546,1,0.926224,-0.575,0.63125,0.663,19.8375,-13.2562
1791285211054905029,ncnn,2.43904,97.6107,0.012777,0.022147,100.988,1,0.925921,-0.575,0.633333,0.662,19.8375,-13.3
1791285211388497559,ncnn,4.50159,107.685,0.012204,0.022463,113.943,1,0.92721,-0.576563,0.633333,0.663,19.8914,-13.3
1791285211455216309,ncnn,2.41407,119.463,0.016833,0.026334,122.939,1,0.928012,-0.576563,0.635417,0.662,19.8914,-13.3438
1791285211722084717,ncnn,2.37446,97.9255,0.013185,0.02437,101.225,1,0.92631,-0.575,0.633333,0.662,19.8375,-13.3
1791285211788796387,ncnn,2.36131,110.167,0.012611,0.020352,113.693,1,0.928438,-0.576563,0.633333,0.661,19.8914,-13.3
1791285211988930908,ncnn,2.4527,97.7988,0.01363,0.022925,101.19,1,0.92431,-0.575,0.63125,0.662,19.8375,-13.2562
1791285212122353760,ncnn,2.38735,97.7204,0.011537,0.019166,101.045,1,0.925879,-0.576563,0.633333,0.662,19.8914,-13.3
1791285212189065186,ncnn,2.36785,110.492,0.011981,0.020759,113.841,1,0.927337,-0.576563,0.633333,0.663,19.8914,-13.3
1791285212389199463,ncnn,2.41811,98.1218,0.012426,0.016389,101.398,1,0.9295,-0.575,0.635417,0.661,19.8375,-13.3438
1791285212455910645,ncnn,2.4152,117.53,0.012592,0.024871,120.783,1,0.927761,-0.576563,0.633333,0.663,19.8914,-13.3
