1791285101.573199498,45764,1800000
1791285102.629208094,49173,1300000
1791285103.684501732,48686,1800000
1791285104.746222541,50147,1800000
1791285105.800569391,50147,1800000
1791285106.872192102,51608,1800000
1791285107.957358370,50147,1800000
1791285109.018527017,51121,1800000
1791285110.077495959,53069,1400000
1791285111.123674078,53069,1800000
1791285112.176205609,52582,1200000
1791285113.231403637,53069,1800000
1791285114.297759575,53556,1800000
1791285115.362740117,52582,1800000
1791285116.427281422,54530,1800000
1791285117.506486702,53556,1800000
1791285118.570182180,54530,1800000
1791285119.631685065,53556,1800000
1791285120.705698034,55017,1800000
1791285121.768797110,55017,1800000
1791285122.839376070,55504,1800000
1791285123.904558925,55017,1800000
1791285124.970889956,56478,1800000
1791285126.026932588,55991,1800000
1791285127.076734271,55991,1800000
1791285128.130270497,57939,1800000
1791285129.184032833,57452,1800000
1791285130.243508660,56478,1800000
1791285131.302696952,56478,1800000
1791285132.367680420,56478,1800000
1791285133.426836268,56965,1200000
1791285134.479712352,56965,1800000
1791285135.549919481,56965,1800000
1791285136.609772046,57452,1800000
1791285137.653989977,57939,1800000
1791285138.720714005,57939,1800000
1791285139.818567339,57939,1800000
1791285140.868227355,58913,1800000
1791285141.952786962,57939,1800000
1791285143.041183724,58913,1800000
1791285144.118635703,58426,1800000
1791285145.173275143,58913,1800000
1791285146.243994916,58426,1800000
1791285147.311648048,60374,1800000
1791285148.380796390,60374,1800000
1791285149.456418291,58426,1800000
1791285150.521935088,59400,1700000
1791285151.566281110,59887,1600000
1791285152.607322345,56965,1500000
1791285153.654017459,56965,1500000
1791285154.698316241,54530,1700000
1791285155.737676693,54530,1800000
1791285156.783447760,54043,1600000
1791285157.829031902,54530,1800000
1791285158.869257791,53556,1800000
1791285159.914028625,53069,1500000
1791285160.956878604,52582,1400000
1791285161.997938134,52582,1800000
1791285163.047687261,52582,1200000
1791285164.099138875,53069,1800000
1791285165.176101209,55017,1800000
1791285166.270467312,56478,1800000
1791285167.342651018,57452,1800000
1791285168.425961950,57452,1800000
1791285169.491780633,56965,1800000
1791285170.564396392,56965,1800000
1791285171.636567635,58426,1800000
1791285172.702002155,57939,1800000
1791285173.772969964,57939,1800000
1791285174.848594587,58913,1800000
1791285175.929827962,57939,1800000
1791285177.021468104,58913,1800000
1791285178.101306009,58426,1800000
1791285179.194643286,59400,1800000
1791285180.286011746,60374,1800000
1791285181.379507929,59400,1800000
1791285182.471709308,60374,1800000
1791285183.560407345,58913,1800000
1791285184.654667522,60374,1800000
1791285185.734237632,59887,1800000
1791285186.805037813,60374,1800000
1791285187.877454888,61348,1800000
1791285188.965867982,61348,1800000
1791285190.044591488,60861,1800000
1791285191.133410598,61348,1800000
1791285192.237152625,60374,1800000
1791285193.296881542,61835,1800000
1791285194.379402981,60861,1800000
1791285195.464131679,61348,1800000
1791285196.560834059,59887,1800000
1791285197.616621489,60374,1800000
1791285198.684434323,61348,1800000
1791285199.751194462,61348,1800000
1791285200.841457005,61348,1800000
1791285201.947542772,61835,1800000
1791285203.043869915,62809,1800000
1791285204.137936742,61348,1800000
1791285205.219890555,62809,1800000
1791285206.299382351,63296,1800000
1791285207.381496774,62322,1800000
1791285208.473756245,62322,1800000
1791285209.548056471,62322,1800000
1791285210.636177642,62809,1800000
1791285211.711513712,62809,1800000
1791285212.784828391,61348,1800000
