평가,시험,run_id,지표,산식·분모,값,단위,판정,근거
4,모의 입력 x=0,IN-02,TRACKING 중 ω 중앙,planning 명령,0.000,rad/s,통과,results/logs/IN-02/
4,모의 입력 x=+0.4,IN-02,TRACKING 중 ω 중앙,planning 명령 (음수=시계),-0.20,rad/s,통과,results/logs/IN-02/
4,모의 입력 x=-0.4,IN-02,TRACKING 중 ω 중앙,planning 명령,+0.20,rad/s,통과,results/logs/IN-02/
4,모의 입력 z=0,IN-02,첫 미검출 프레임 후 첫 명령,v · ω,0 / 0,m/s · rad/s,통과,results/logs/IN-02/
4,모의 입력 발행 중단,IN-02,마지막 수신 → FAULT,bag 수신 시각,0.505,s,통과,results/logs/IN-02/
6,M-T1 IDLE→TRACKING,SC-01,연속 검출 시작 → TRACKING,bag 수신 시각,0.26,s,통과,results/logs/M-T/
6,M-T2 SEARCHING→TRACKING,SC-01,SEARCHING 지속 · 회전,IMU yaw 누적,7.87 / 361,s / °,통과,results/logs/M-T/
6,M-T3 SEARCHING→TRACKING,SC-01,SEARCHING 지속 · 회전,IMU yaw 누적,16.53 / 765,s / °,통과,results/logs/M-T/
6,M-T4 SEARCHING→LOST,SC-01,SEARCHING 지속 · 회전,IMU yaw 누적,23.47 / 1081,s / °,통과,results/logs/M-T/
6,M-T5 LOST→IDLE,SC-01,LOST 지속,bag 수신 시각,0.90,s,통과,results/logs/M-T/
6,M-T6 IDLE→TRACKING,SC-01,연속 검출 시작 → TRACKING,bag 수신 시각,0.28,s,통과,results/logs/M-T/
7,M-T7 TRACKING→FAULT (인지 토픽 중단),SC-01b,마지막 수신 → FAULT,bag 수신 시각,0.509,s,통과,results/logs/M-T/
6,M-T8 FAULT→IDLE,SC-01b,IDLE → TRACKING,bag 수신 시각,0.77,s,통과,results/logs/M-T/
6,2초 가림 반응 (R1),R1-02~06,가림 시작 → SEARCHING,5회,0.30~0.36,s,기록,results/logs/R1/
6,2초 가림 시야 안 복구 (R1),R1-02~06,시야 안 재등장 복구,5회,0/5,회,기록,results/logs/R1/
7,제어 통신 중단 (M-C2),M-C2,kill -9 후 바퀴 정지,육안,정지,-,통과,results/logs/M-C2/
8,정상 추적 (M-B0),B0-01,측정 구간,bag,41.3,s,통과,results/logs/B0-01/
8,정상 추적 (M-B0),B0-01,FAULT · SEARCHING,상태 전이,0,회,통과,results/logs/B0-01/
8,정상 추적 (M-B0),B0-01,유효 추적 비율,TRACKING 제어 주기 / 전체 (1238/1238),100.0,%,통과,results/logs/B0-01/
8,처리 FPS,B0-01,처리 FPS,/detection 356 간격 (357개) / 41.21 s,8.64,Hz,기록,results/logs/B0-01/
8,수평 RMSE,B0-01,√mean(ex²),검출·TRACKING 358/358 프레임 (정지 목표),0.0003,정규화,기록,results/logs/B0-01/
8,수평 RMSE (움직이는 목표 · 참고),BAG-OK,√mean(ex²),146/146 프레임,0.216,정규화,참고,results/logs/BAG-OK/
8,검출률,BAG-OK,올바른 검출 / 목표가 보이는 평가 프레임,30/30 (권혁무·정수용 육안),100.0,%,통과,results/images/detection_30/
8,배경 오검출,BAG-LOST,목표 없는 평가 프레임의 잘못된 검출,목표 없는 20장 중 영상·검출 시각 차 ≤33ms 10장 (권혁무·정수용 육안),0/10,회,통과,results/images/no_target_20/
9,소실·복귀 bag (M-BAGL),BAG-LOST,재등장 → TRACKING,3회,0.355~0.387,s,통과,results/logs/BAG-LOST/
9,결과 재분석 (M-RE1),B0-01,bag 재계산 = 성능표,FAULT·SEARCHING·비율·FPS·RMSE,일치,-,통과,results/logs/B0-01/
9,입력 재처리 (M-RE2),RAW-01·RE2-01,같은 촬영 시각 검출 일치,172/172 프레임,100.0,%,통과,results/logs/RE2-01/
9,입력 재처리 (M-RE2),RAW-01·RE2-01,x·y·z 최대 차이,172 프레임,0,-,통과,results/logs/RE2-01/
